id,tcr_pmhc_iptm
LLFGYPVYV_nb_6829,0.8231303177377856
FLYALALLL_nb_9201,0.4110017662817467
GILGFVFTL_67,0.8246914327654384
GILGFVFTL_nb_9681,0.6802608885365595
ELAGIGILTV_nb_7598,0.10851230481694833
LLDFVRFMGV_nb_8094,0.5840421276349814
FLYALALLL_nb_9033,0.8651431435803424
FLYALALLL_nb_779,0.7697271653807546
LLFGYPVYV_nb_6227,0.556534441419874
LLDFVRFMGV_nb_3018,0.2433634823354201
LLFGYPVYV_nb_10935,0.645419678659364
FLYALALLL_nb_8585,0.4855328460239494
GILGFVFTL_2269,0.9226501712865944
LLDFVRFMGV_nb_717,0.8518412357434113
FLYALALLL_nb_3951,0.8084898070255783
FLYALALLL_nb_4348,0.8753970857818079
LLFGYPVYV_nb_6643,0.7009474442378556
GLCTLVAML_nb_5892,0.8926853906068324
LLFGYPVYV_nb_6471,0.6765515119063471
FLYALALLL_nb_913,0.8448239895585549
GILGFVFTL_3189,0.6202813506115727
LLFGYPVYV_nb_1654,0.5669996421698114
LLDFVRFMGV_nb_525,0.6577256031607437
GILGFVFTL_2867,0.927978175924036
LLDFVRFMGV_nb_8404,0.8079132434143689
ELAGIGILTV_nb_7108,0.39996521481671965
FLYALALLL_nb_8571,0.7661485665284331
GILGFVFTL_1418,0.8773354086462175
GLCTLVAML_nb_5268,0.7765399605097967
GLCTLVAML_nb_5866,0.855314120480577
GLCTLVAML_nb_10629,0.793004278741487
GILGFVFTL_231,0.8911245887400909
LLFGYPVYV_nb_6485,0.3129631432898755
FLYALALLL_nb_8743,0.8061685281029287
ELAGIGILTV_nb_2648,0.8097537109300167
GILGFVFTL_2893,0.8125695317711381
GILGFVFTL_nb_4956,0.590981179920427
GILGFVFTL_655,0.8273822403427771
FLYALALLL_nb_1098,0.8080363481336277
ELAGIGILTV_nb_17,0.6475215658982325
LLDFVRFMGV_nb_8252,0.1325923071810304
GILGFVFTL_nb_9675,0.4201716503750143
ELAGIGILTV_nb_2822,0.7208593962641076
LLDFVRFMGV_nb_3488,0.849042584663176
LLDFVRFMGV_nb_8060,0.7053922185401083
LLDFVRFMGV_nb_7814,0.6257626081438485
GILGFVFTL_nb_9447,0.2128201239289729
FLYALALLL_nb_8929,0.761995370155928
LLDFVRFMGV_nb_387,0.5333828770245369
GILGFVFTL_467,0.8274896778319785
ELAGIGILTV_440,0.8810303151143815
LLDFVRFMGV_nb_3215,0.7319459801840782
FLYALALLL_1440,0.742204242558542
GILGFVFTL_2064,0.9076827694649787
FLYALALLL_nb_8788,0.5948796273333297
ELAGIGILTV_nb_2683,0.6143938921996839
GILGFVFTL_2858,0.5145795718745794
GLCTLVAML_nb_1431,0.2069293762689176
FLYALALLL_nb_4145,0.7761107086724673
GLCTLVAML_nb_1603,0.433952393247603
FLYALALLL_nb_4377,0.2306173017136347
LLDFVRFMGV_nb_3027,0.8328064573000225
GILGFVFTL_3384,0.9119779091811671
GILGFVFTL_2256,0.7351071038652165
LLDFVRFMGV_nb_728,0.5614556291000344
LLFGYPVYV_nb_6218,0.5451031359973595
GLCTLVAML_nb_6042,0.7655804453298393
GILGFVFTL_2632,0.9317776572905123
ELAGIGILTV_nb_101,0.850483407427547
LLDFVRFMGV_nb_3443,0.5580418155087847
LLFGYPVYV_nb_1801,0.8735121472340567
LLFGYPVYV_nb_11480,0.3035407247759562
FLYALALLL_nb_746,0.8598843490811678
GILGFVFTL_2400,0.5114800163077331
ELAGIGILTV_nb_333,0.873312661790058
GLCTLVAML_1826,0.5972083103026076
LLDFVRFMGV_nb_3671,0.7142569256080349
GILGFVFTL_58,0.9278429150090437
LLDFVRFMGV_nb_8299,0.7090169561163522
LLFGYPVYV_nb_6816,0.23571625248163885
GLCTLVAML_nb_10286,0.3866289847944516
FLYALALLL_nb_4521,0.7845226243714261
FLYALALLL_nb_1053,0.8537552021977648
GILGFVFTL_nb_5073,0.5281779154119226
GILGFVFTL_458,0.9367968420638078
GLCTLVAML_nb_10040,0.2762588526532926
GLCTLVAML_2459,0.8918763363961719
GLCTLVAML_nb_1293,0.6865521755750897
GILGFVFTL_1043,0.9037972713426206
GLCTLVAML_nb_5633,0.38021828082383935
ELAGIGILTV_nb_7553,0.5695018832109615
GILGFVFTL_nb_9478,0.7390283823209438
LLFGYPVYV_nb_11474,0.7418967973856478
FLYALALLL_nb_8916,0.7168727769043485
ELAGIGILTV_nb_2021,0.4092062454033699
LLDFVRFMGV_nb_3685,0.6454326196381025
ELAGIGILTV_nb_2213,0.7589550086927
GILGFVFTL_nb_4969,0.48541653062240686
GLCTLVAML_nb_10272,0.6363170185413178
GLCTLVAML_nb_5401,0.2561588933177888
ELAGIGILTV_nb_28,0.7282913712695438
GILGFVFTL_nb_5087,0.5898324942326658
GILGFVFTL_3142,0.795481955452209
GILGFVFTL_2090,0.9267670786079634
ELAGIGILTV_nb_7305,0.22039743927372862
ELAGIGILTV_1200,0.8865039166184692
ELAGIGILTV_nb_2677,0.2263821077070799
LLFGYPVYV_nb_11222,0.616561882883714
FLYALALLL_nb_11741,0.19989892248011848
GLCTLVAML_nb_5859,0.4166545637480471
GLCTLVAML_nb_10616,0.6617177527382835
GILGFVFTL_1615,0.6120351705660116
FLYALALLL_nb_4383,0.6819016961463531
GILGFVFTL_nb_1271,0.7378945525620862
GLCTLVAML_nb_10424,0.2908339282221052
GILGFVFTL_1427,0.8814763142482671
GLCTLVAML_nb_5257,0.746384453797081
GILGFVFTL_800,0.635027443107479
GILGFVFTL_nb_4703,0.32620982161315815
LLFGYPVYV_nb_6688,0.44938768561610104
GILGFVFTL_3370,0.8479465598964623
GILGFVFTL_nb_9820,0.3721726636582194
ELAGIGILTV_nb_7137,0.7693594094549112
ELAGIGILTV_nb_2445,0.7844786950304629
LLFGYPVYV_nb_11010,0.4564544755388882
LLDFVRFMGV_nb_7813,0.1769202251482379
LLDFVRFMGV_nb_8067,0.7513604922903032
ELAGIGILTV_nb_2825,0.20199847608525823
GILGFVFTL_nb_9440,0.5957102396247826
LLDFVRFMGV_nb_380,0.8787777784161082
ELAGIGILTV_nb_2019,0.2793649442739017
GLCTLVAML_nb_10078,0.7223032747244764
GLCTLVAML_2461,0.6592515878543008
GILGFVFTL_1847,0.8863867713191802
GILGFVFTL_652,0.903716217856048
GLCTLVAML_2653,0.1920191215042666
GILGFVFTL_nb_4951,0.667374647993799
ELAGIGILTV_675,0.8715186604869314
ELAGIGILTV_nb_10,0.8234171440293454
GILGFVFTL_1249,0.9250191998370763
GLCTLVAML_nb_5439,0.6438999068450851
LLDFVRFMGV_nb_8255,0.7112392400066081
GILGFVFTL_nb_9672,0.6561343797513655
FLYALALLL_nb_4189,0.8545227507613433
GLCTLVAML_nb_5861,0.8923016126983054
GILGFVFTL_236,0.9208504266983324
LLFGYPVYV_nb_6482,0.647336394664281
FLYALALLL_nb_8744,0.17805401979934837
LLDFVRFMGV_nb_8403,0.4697056821773307
GILGFVFTL_3348,0.5937210115043051
GILGFVFTL_nb_9818,0.5179690034413388
FLYALALLL_nb_8576,0.25641236527791766
LLFGYPVYV_nb_11028,0.8028375975875333
GILGFVFTL_nb_1249,0.6372786712687741
GLCTLVAML_159,0.8009612868909549
GILGFVFTL_838,0.884778324211577
GLCTLVAML_nb_1409,0.5887721380213863
GLCTLVAML_nb_5895,0.6718989755386001
LLFGYPVYV_nb_6476,0.6028020819464791
FLYALALLL_nb_914,0.7559782953720144
LLDFVRFMGV_nb_522,0.7145295283920269
GLCTLVAML_1446,0.2702038888750465
LLFGYPVYV_nb_1653,0.6894289762520706
GILGFVFTL_2860,0.5218839699817127
LLFGYPVYV_nb_10932,0.7129343861184261
FLYALALLL_nb_8582,0.5327624086285632
ELAGIGILTV_nb_2489,0.35998985390985994
LLDFVRFMGV_nb_710,0.45187943727410335
FLYALALLL_nb_3956,0.8365545278691896
LLFGYPVYV_nb_6644,0.7664012189489885
ELAGIGILTV_nb_139,0.8436388266269976
LLFGYPVYV_nb_1839,0.710654158718615
FLYALALLL_nb_9034,0.7259172038040002
LLDFVRFMGV_nb_8093,0.6022449947020089
LLDFVRFMGV_nb_374,0.6971016190801846
GILGFVFTL_494,0.9092366269175511
LLFGYPVYV_nb_6220,0.5944361640493959
FLYALALLL_nb_4519,0.6657952949763115
GILGFVFTL_2438,0.9191310786840763
GILGFVFTL_60,0.9026894275626662
LLDFVRFMGV_nb_3649,0.16892791005236804
FLYALALLL_nb_9206,0.5698469361031095
GILGFVFTL_nb_9686,0.6032733022903218
GILGFVFTL_nb_1276,0.5689053042427891
FLYALALLL_nb_4384,0.7734559684782395
GLCTLVAML_nb_10423,0.8914072885243498
GLCTLVAML_nb_5250,0.6896319912490072
GILGFVFTL_1420,0.8695029609588472
GILGFVFTL_nb_4704,0.8074399033755013
GILGFVFTL_807,0.2302964798314113
GILGFVFTL_3377,0.8812113927319432
GILGFVFTL_nb_9827,0.43338866937549947
ELAGIGILTV_nb_7130,0.7938800779978881
FLYALALLL_nb_8549,0.23937261718285774
ELAGIGILTV_nb_2442,0.6544068513944237
LLFGYPVYV_nb_11017,0.8678161435197914
GILGFVFTL_3145,0.7676223591746523
ELAGIGILTV_nb_7302,0.4457090537581745
ELAGIGILTV_nb_2670,0.6389934807069552
LLFGYPVYV_nb_1698,0.6524113753770848
FLYALALLL_nb_11746,0.39073960662343665
LLFGYPVYV_nb_11225,0.7437116976374754
GLCTLVAML_nb_10611,0.5486455971732415
GILGFVFTL_209,0.8374399693742318
LLDFVRFMGV_nb_3682,0.7683780829753021
ELAGIGILTV_nb_2214,0.3534384281610655
GLCTLVAML_nb_10275,0.796469384358161
GILGFVFTL_nb_5080,0.7985597201964287
GILGFVFTL_1276,0.5910763875165976
GLCTLVAML_nb_5406,0.7146217070367883
GLCTLVAML_nb_10047,0.7038174712982346
ELAGIGILTV_478,0.9069587851348166
GLCTLVAML_nb_1294,0.8415490117208073
GLCTLVAML_nb_5634,0.6767028951413001
GILGFVFTL_1044,0.8946988856508287
ELAGIGILTV_nb_7554,0.6206125926593008
LLDFVRFMGV_nb_8058,0.2519293352828946
LLFGYPVYV_nb_11473,0.6355674875140094
FLYALALLL_nb_8911,0.578895583989066
ELAGIGILTV_nb_2026,0.2655171912611954
ELAGIGILTV_nb_334,0.5126393967270834
GILGFVFTL_2407,0.17672552947971254
LLDFVRFMGV_nb_3676,0.7817157446926675
FLYALALLL_nb_9239,0.7074321160403554
GLCTLVAML_nb_10281,0.40604136385358747
GILGFVFTL_699,0.4556135738021396
LLFGYPVYV_nb_6811,0.7681308713133149
FLYALALLL_nb_4526,0.88361117885597
FLYALALLL_nb_1054,0.8173721381794421
GILGFVFTL_nb_5074,0.2660133373344293
GILGFVFTL_1282,0.8889836646422045
ELAGIGILTV_nb_106,0.8207345516626154
GILGFVFTL_2635,0.9073475911023667
GLCTLVAML_nb_6045,0.7212341609685694
LLFGYPVYV_nb_1806,0.5856848110716086
LLDFVRFMGV_nb_3444,0.805112167679926
LLFGYPVYV_nb_11487,0.24415180342953735
FLYALALLL_nb_741,0.8369514787195798
FLYALALLL_nb_4370,0.5397201220566138
GLCTLVAML_nb_1604,0.379664871955729
GILGFVFTL_3383,0.5385750636943222
LLDFVRFMGV_nb_3020,0.8246479350705358
GILGFVFTL_2251,0.23203435546855797
FLYALALLL_nb_3969,0.7080858254814915
LLDFVRFMGV_nb_3212,0.4947064360245284
GILGFVFTL_2063,0.931178672869929
ELAGIGILTV_nb_2684,0.6558293608532932
FLYALALLL_nb_4142,0.6220335041428753
GLCTLVAML_nb_1436,0.8478639264137506
LLFGYPVYV_nb_6449,0.4444777268346116
FLYALALLL_nb_8772,0.5230752884846457
ELAGIGILTV_nb_2679,0.8459428786786212
LLFGYPVYV_nb_1691,0.7906139161433356
GILGFVFTL_200,0.257100293941241
GLCTLVAML_nb_10618,0.835017433618836
GLCTLVAML_2201,0.6322325029979577
ELAGIGILTV_227,0.8725461695864362
GLCTLVAML_nb_5857,0.24488620943616773
LLDFVRFMGV_1625,0.6699351551499906
LLFGYPVYV_nb_6686,0.821270056774444
GLCTLVAML_nb_5259,0.7853178271125377
GILGFVFTL_1429,0.8909835395518175
ELAGIGILTV_nb_7139,0.5525174674065079
FLYALALLL_nb_8540,0.31302859305309955
LLDFVRFMGV_nb_8435,0.6389641720661363
LLDFVRFMGV_nb_2933,0.5147169375351612
FLYALALLL_nb_3994,0.7864692762629861
GILGFVFTL_456,0.8896900749240397
LLDFVRFMGV_nb_7825,0.7564869067772696
LLDFVRFMGV_nb_8051,0.6716186154476343
ELAGIGILTV_nb_2813,0.7771659998108252
GILGFVFTL_nb_9476,0.3316424284644731
FLYALALLL_nb_8918,0.5889751369864097
LLDFVRFMGV_nb_8263,0.138007616009162
GILGFVFTL_nb_9644,0.5965355235756274
GILGFVFTL_664,0.9279370789945183
GLCTLVAML_2665,0.8122514482729419
GILGFVFTL_nb_4967,0.8702076603666197
ELAGIGILTV_nb_26,0.7184248509781825
GILGFVFTL_nb_5089,0.6467424457315589
LLDFVRFMGV_1241,0.7351523300896028
ELAGIGILTV_485,0.38994107181773585
GILGFVFTL_1885,0.7747301190839311
LLFGYPVYV_nb_6216,0.5356465478454738
FLYALALLL_nb_9002,0.25681246019107207
FLYALALLL_nb_748,0.6587922913339003
GILGFVFTL_nb_9482,0.28687452353872017
LLDFVRFMGV_nb_8297,0.7096899653008683
FLYALALLL_nb_9230,0.564375162252457
GILGFVFTL_690,0.12044362478779513
GLCTLVAML_nb_10288,0.4667154432460197
GILGFVFTL_nb_4993,0.6320099035628755
LLFGYPVYV_nb_6818,0.7595712890552322
FLYALALLL_nb_8786,0.3173048335636694
FLYALALLL_nb_922,0.479794159445571
GILGFVFTL_2856,0.5379987862051941
LLDFVRFMGV_nb_514,0.6026992612446245
LLFGYPVYV_nb_1665,0.6894645267959395
LLFGYPVYV_nb_6440,0.20862251369253004
FLYALALLL_nb_4379,0.8537552021977648
LLFGYPVYV_nb_6672,0.3066960688676672
GILGFVFTL_2258,0.8766009539059643
LLFGYPVYV_nb_10904,0.7213054816177236
LLDFVRFMGV_nb_3029,0.7736311403921422
FLYALALLL_nb_3960,0.661256158758427
LLDFVRFMGV_nb_726,0.8776893125875209
GLCTLVAML_nb_10243,0.2100454120928523
GILGFVFTL_1240,0.21384040964233228
ELAGIGILTV_nb_19,0.21765954305105548
GLCTLVAML_nb_5430,0.6815685632637731
FLYALALLL_nb_1096,0.2917376990674836
ELAGIGILTV_nb_2222,0.7121606212646603
LLDFVRFMGV_nb_3486,0.24039378243360665
ELAGIGILTV_nb_7562,0.1927476073072654
ELAGIGILTV_1467,0.8345090166079345
FLYALALLL_nb_783,0.1681152166104094
LLDFVRFMGV_nb_389,0.8374116181886528
GILGFVFTL_nb_9449,0.21847953855150756
FLYALALLL_nb_8927,0.8352038670658044
LLFGYPVYV_nb_11445,0.2774224643049594
GLCTLVAML_nb_10071,0.5674668129174152
GILGFVFTL_469,0.926166689536122
GLCTLVAML_nb_5602,0.5540714335251693
GILGFVFTL_2293,0.23343995993954214
GILGFVFTL_nb_9811,0.830065328248827
ELAGIGILTV_nb_7106,0.8253980127954236
GILGFVFTL_3341,0.19829672424468703
LLFGYPVYV_nb_11021,0.6233409319301073
ELAGIGILTV_nb_2474,0.39420346615623914
GLCTLVAML_nb_10415,0.7178495009109285
GILGFVFTL_nb_1240,0.47791292820801407
GILGFVFTL_nb_4732,0.1711779144239742
GLCTLVAML_2830,0.6088630177432922
GILGFVFTL_831,0.7131550316979581
GLCTLVAML_nb_5266,0.6766460625190687
GILGFVFTL_1416,0.726466529229999
GLCTLVAML_nb_10627,0.6222005531887567
FLYALALLL_nb_4180,0.5773378465235985
GLCTLVAML_nb_5868,0.27080802681098093
GILGFVFTL_1624,0.8718771952970075
ELAGIGILTV_nb_7334,0.28004873704277716
GILGFVFTL_3173,0.8406816203313394
LLFGYPVYV_nb_11213,0.18432321579811928
ELAGIGILTV_nb_2646,0.4422027506879872
GILGFVFTL_2267,0.904561502545044
LLDFVRFMGV_nb_3016,0.2888538403578615
ELAGIGILTV_nb_2480,0.5745830090585287
LLDFVRFMGV_nb_719,0.6593407076877609
FLYALALLL_nb_4346,0.7023985508516848
GLCTLVAML_nb_1632,0.29065501775099367
GLCTLVAML_nb_5292,0.5742407327665664
FLYALALLL_nb_4174,0.8436482447349394
GLCTLVAML_nb_1400,0.561014324667698
GLCTLVAML_3318,0.6954578028416891
GILGFVFTL_2055,0.9142604548611377
GILGFVFTL_3187,0.17424767463631727
LLDFVRFMGV_nb_3224,0.5603793219670743
GILGFVFTL_2869,0.7505159270429372
FLYALALLL_nb_4510,0.41104891704851904
LLFGYPVYV_nb_6827,0.39611835428758346
GILGFVFTL_nb_5042,0.6892300708895989
FLYALALLL_nb_1062,0.32744779557125614
LLDFVRFMGV_nb_3640,0.4292844959476106
GILGFVFTL_69,0.9313992277162217
ELAGIGILTV_nb_302,0.6541868488491223
GILGFVFTL_2431,0.9390321253602645
LLFGYPVYV_nb_1830,0.6700291313152427
LLDFVRFMGV_nb_3472,0.649802277555899
ELAGIGILTV_nb_130,0.8009459328857295
GILGFVFTL_2603,0.8961668786705007
ELAGIGILTV_nb_7596,0.49237669587064353
FLYALALLL_nb_777,0.7999531697556481
GLCTLVAML_nb_10085,0.6216007973768448
GILGFVFTL_1086,0.9229645662349218
LLFGYPVYV_nb_6229,0.6492188295764602
LLFGYPVYV_nb_6675,0.2120452659910396
LLFGYPVYV_nb_10903,0.20439133374170929
FLYALALLL_nb_3967,0.8132340144749646
LLDFVRFMGV_nb_721,0.45656510212653595
FLYALALLL_nb_8781,0.6794073704329793
FLYALALLL_nb_925,0.79855703672594
GILGFVFTL_2851,0.9290370019794563
LLFGYPVYV_nb_1662,0.7495829036167571
LLDFVRFMGV_nb_513,0.36565004671518864
GLCTLVAML_3320,0.4325666058244543
GLCTLVAML_nb_1438,0.45970872749102365
LLFGYPVYV_nb_6447,0.727680482207756
FLYALALLL_nb_9237,0.24206059597449242
LLDFVRFMGV_nb_8290,0.7392573664524547
LLDFVRFMGV_nb_3678,0.6600185358442179
GILGFVFTL_2409,0.8609784819006137
FLYALALLL_nb_4528,0.8238423340099142
GILGFVFTL_nb_4994,0.6781615216331693
GILGFVFTL_697,0.14436639446454685
GILGFVFTL_1882,0.9039564986860755
ELAGIGILTV_482,0.8222978014262228
LLFGYPVYV_nb_6211,0.3588358366992201
FLYALALLL_nb_9005,0.6448016817832997
LLFGYPVYV_nb_1808,0.595086505335352
ELAGIGILTV_nb_108,0.4944443004071831
LLFGYPVYV_nb_11489,0.8491012463044693
GILGFVFTL_nb_9485,0.3252494667741328
LLDFVRFMGV_nb_8264,0.3793957639776687
GILGFVFTL_nb_9643,0.5374219806767757
ELAGIGILTV_644,0.7650806981863602
GILGFVFTL_nb_4960,0.7836767046755966
GLCTLVAML_nb_5408,0.6880311412737292
GILGFVFTL_1278,0.6864504230927877
ELAGIGILTV_nb_21,0.43926041121690396
GILGFVFTL_1876,0.8641327783087014
GLCTLVAML_nb_10049,0.6605957916455201
ELAGIGILTV_nb_2814,0.3721256133493049
LLDFVRFMGV_nb_8056,0.8013210578546902
LLDFVRFMGV_nb_7822,0.3479374303265844
ELAGIGILTV_nb_2028,0.8596072996465098
GILGFVFTL_nb_9471,0.6484988704044243
LLDFVRFMGV_746,0.6681135746641877
LLFGYPVYV_nb_6681,0.5817039249127525
GILGFVFTL_nb_9829,0.26824673125825726
FLYALALLL_nb_8547,0.6617523930777142
LLDFVRFMGV_nb_8432,0.1926443163792333
LLFGYPVYV_nb_11019,0.38154420586808474
FLYALALLL_nb_3993,0.6013587356670985
LLDFVRFMGV_nb_2934,0.8968438239002022
GILGFVFTL_2099,0.9205312491868414
FLYALALLL_nb_8775,0.6682283526418213
LLDFVRFMGV_110,0.43542077202562357
FLYALALLL_nb_11748,0.6418099410942568
LLFGYPVYV_nb_1696,0.7597754297661816
GLCTLVAML_2206,0.8576881301643053
GILGFVFTL_207,0.14138671855388715
GLCTLVAML_nb_5850,0.6659473988656582
LLDFVRFMGV_nb_3475,0.7945335481878015
LLFGYPVYV_nb_1837,0.869791314038673
ELAGIGILTV_nb_7591,0.1500141576383619
GILGFVFTL_2604,0.9237015956435344
ELAGIGILTV_nb_137,0.7198059739489738
FLYALALLL_nb_770,0.3283708869606441
GLCTLVAML_nb_10082,0.6372563696705746
GILGFVFTL_1081,0.8565617547010911
FLYALALLL_nb_4517,0.7093924659837573
LLFGYPVYV_nb_6820,0.6271612547676335
GILGFVFTL_nb_5045,0.8362196068472665
FLYALALLL_nb_1065,0.6691793906271553
GLCTLVAML_1810,0.5909545148045876
FLYALALLL_nb_9208,0.34700038175790493
LLDFVRFMGV_nb_3647,0.34116694501913275
GILGFVFTL_2436,0.6429113474132325
ELAGIGILTV_nb_305,0.25429605644230346
GILGFVFTL_nb_9688,0.6443589646081559
GLCTLVAML_nb_1407,0.6762571353403168
FLYALALLL_nb_4173,0.8448476743629553
LLFGYPVYV_nb_6478,0.556534441419874
GILGFVFTL_2052,0.7539099495478772
LLDFVRFMGV_nb_3223,0.7163348965095785
GILGFVFTL_3180,0.9218323577161006
GLCTLVAML_1448,0.5710129306529781
GILGFVFTL_2260,0.6560353579628202
LLDFVRFMGV_nb_3011,0.7149490544294217
FLYALALLL_nb_3958,0.7834701118231311
ELAGIGILTV_nb_2487,0.8083842634729258
GLCTLVAML_nb_1635,0.5335216067726103
FLYALALLL_nb_4341,0.8224310988036472
GLCTLVAML_nb_5295,0.6246977599509789
GILGFVFTL_238,0.8464724313828003
GLCTLVAML_nb_10620,0.540866461529936
FLYALALLL_nb_4187,0.6550816311376106
GILGFVFTL_1623,0.9341863601432494
ELAGIGILTV_nb_7333,0.6528067666549225
LLFGYPVYV_nb_11214,0.7439427183025056
ELAGIGILTV_nb_2641,0.6015422452120649
GILGFVFTL_nb_9816,0.22498932672784855
ELAGIGILTV_nb_7101,0.7011597151012828
FLYALALLL_nb_8578,0.5520797034557668
GILGFVFTL_2294,0.6901754095202445
GILGFVFTL_3346,0.5469763694424057
LLFGYPVYV_nb_11026,0.7429102756596622
ELAGIGILTV_nb_2473,0.49798659135892387
GLCTLVAML_nb_10412,0.6015556598177801
GILGFVFTL_nb_1247,0.7409399949747779
GILGFVFTL_836,0.8723278117727501
FLYALALLL_2035,0.742204242558542
GILGFVFTL_nb_4735,0.5984047598938477
GILGFVFTL_1411,0.1968583513794666
GLCTLVAML_nb_5261,0.8648966588213628
LLDFVRFMGV_nb_8069,0.7338983983778103
LLDFVRFMGV_nb_3481,0.6044475865673362
ELAGIGILTV_nb_7565,0.7516389416625299
ELAGIGILTV_nb_2017,0.1830454052966802
FLYALALLL_nb_784,0.4229154845416145
FLYALALLL_nb_8920,0.2262713536106209
LLFGYPVYV_nb_11442,0.35124847202246773
GILGFVFTL_1849,0.752799263667083
GLCTLVAML_nb_10076,0.4990708347031007
GLCTLVAML_nb_5605,0.6599262113575213
GLCTLVAML_nb_10244,0.2899684856970321
GLCTLVAML_nb_5437,0.7361915148996447
GILGFVFTL_1247,0.6429113474132325
FLYALALLL_nb_1091,0.821818693561567
ELAGIGILTV_nb_2225,0.46675653531407346
ELAGIGILTV_nb_2285,0.8491639905407347
LLDFVRFMGV_nb_3613,0.828750533449323
ELAGIGILTV_nb_351,0.5009282444389112
GILGFVFTL_nb_5011,0.32365891175426775
GLCTLVAML_nb_5497,0.7714828142005195
FLYALALLL_nb_1031,0.709789996387125
FLYALALLL_nb_4543,0.7146440470006058
LLFGYPVYV_nb_6874,0.4230202885623423
FLYALALLL_nb_8980,0.6909106269349763
LLFGYPVYV_nb_1863,0.7644316320292375
LLDFVRFMGV_nb_3421,0.28574467550831717
GILGFVFTL_2650,0.8588745517881788
ELAGIGILTV_nb_163,0.44162047177191144
GLCTLVAML_nb_6020,0.23753801570372216
GILGFVFTL_nb_4795,0.745708567313984
GILGFVFTL_896,0.5716355739452395
GLCTLVAML_2897,0.4327264481776087
FLYALALLL_3147,0.24716614319487615
FLYALALLL_nb_4315,0.7501932754321511
LLFGYPVYV_nb_11086,0.24586639413553665
GILGFVFTL_2234,0.916921009413832
LLFGYPVYV_nb_10968,0.8788441034386885
LLDFVRFMGV_nb_3045,0.24795084248848312
LLDFVRFMGV_nb_578,0.6976557571269815
ELAGIGILTV_nb_7393,0.5371963789978925
GILGFVFTL_2006,0.9162183885997831
LLDFVRFMGV_nb_3277,0.6372781023753938
GILGFVFTL_1683,0.9121355625204842
GLCTLVAML_nb_10680,0.7290709788497787
GLCTLVAML_nb_1453,0.8094346210641834
FLYALALLL_nb_4127,0.7283631868708704
GILGFVFTL_nb_4761,0.5094732811489435
GILGFVFTL_862,0.5500936177228849
GLCTLVAML_nb_5235,0.6617642632862567
GILGFVFTL_1445,0.8797981290755431
GLCTLVAML_nb_10446,0.7019911162065531
GILGFVFTL_nb_1213,0.6252087336086147
LLFGYPVYV_nb_11072,0.18825615310745134
ELAGIGILTV_nb_2427,0.6439068620516294
GILGFVFTL_nb_9842,0.2410822138851134
ELAGIGILTV_nb_7155,0.7897267714511425
LLDFVRFMGV_nb_8459,0.2030666524143379
GILGFVFTL_3312,0.9192796374268541
LLFGYPVYV_nb_11240,0.23543303683337108
FLYALALLL_nb_11723,0.5301477827930903
ELAGIGILTV_nb_2615,0.6746516918947201
ELAGIGILTV_nb_7367,0.8351419363711654
ELAGIGILTV_1262,0.5487132133912256
LLDFVRFMGV_nb_3283,0.8072121223676081
GILGFVFTL_3120,0.6181690080613665
GILGFVFTL_1677,0.9303228173444883
GLCTLVAML_nb_10674,0.49944386136750224
ELAGIGILTV_nb_2271,0.8021061344728435
GILGFVFTL_nb_9628,0.24875224837653417
ELAGIGILTV_nb_7703,0.7114818746197575
GILGFVFTL_2496,0.9218323577161006
GLCTLVAML_nb_5463,0.7674890544904088
GILGFVFTL_608,0.8856364015080358
GLCTLVAML_2609,0.8182770665122974
GLCTLVAML_nb_10210,0.36273202708131536
LLFGYPVYV_nb_6880,0.8758995869970349
GLCTLVAML_nb_5651,0.17697875855155343
GLCTLVAML_nb_10022,0.6841068116083429
ELAGIGILTV_nb_2043,0.8277581418379749
LLFGYPVYV_nb_11416,0.7115755777764627
FLYALALLL_nb_8974,0.5468289833355631
LLDFVRFMGV_nb_7849,0.17061387574088438
LLFGYPVYV_nb_1897,0.6473856995318259
ELAGIGILTV_nb_197,0.33496314569567254
ELAGIGILTV_nb_7531,0.7892545351441236
LLFGYPVYV_nb_6413,0.7585242166319666
FLYALALLL_nb_4118,0.5172153295399359
ELAGIGILTV_280,0.8784951956186209
GILGFVFTL_nb_9287,0.8063392124682882
GILGFVFTL_2805,0.8839817948605309
LLDFVRFMGV_nb_547,0.6404414556191318
GILGFVFTL_2039,0.9056160856327881
LLDFVRFMGV_nb_3248,0.8537721288382256
FLYALALLL_nb_971,0.7243568035969398
LLDFVRFMGV_nb_2994,0.1589867630987815
FLYALALLL_nb_3933,0.6003302907815312
GILGFVFTL_nb_11783,0.263495946831108
GILGFVFTL_nb_9889,0.6806271172029662
LLFGYPVYV_nb_10957,0.7567131061632939
LLFGYPVYV_nb_6621,0.6623608719577903
ELAGIGILTV_nb_2088,0.41940807007735914
FLYALALLL_nb_9051,0.6923797070298365
LLDFVRFMGV_nb_7882,0.3706339890334213
LLFGYPVYV_nb_6245,0.2378406697405966
ELAGIGILTV_nb_81,0.4693764856460926
LLFGYPVYV_nb_6077,0.5416165342133478
GILGFVFTL_nb_10007,0.7855573485478102
LLFGYPVYV_nb_11429,0.8272721908903649
GILGFVFTL_nb_9425,0.7871773198382355
LLDFVRFMGV_nb_7876,0.22485646667049913
ELAGIGILTV_nb_2840,0.6515011015694478
LLDFVRFMGV_nb_8002,0.3763203121311762
ELAGIGILTV_nb_75,0.21986794729393164
LLFGYPVYV_nb_6083,0.7803964803676351
FLYALALLL_2608,0.6101805269395322
FLYALALLL_nb_4588,0.7032873746837913
GILGFVFTL_637,0.8065334829277104
GILGFVFTL_nb_4934,0.9040837571256123
GILGFVFTL_nb_9617,0.4835135664116958
LLDFVRFMGV_nb_8230,0.37098462824783135
GLCTLVAML_2252,0.6510226484185162
GLCTLVAML_nb_1498,0.8585022403626112
GLCTLVAML_3380,0.4307219771897049
GLCTLVAML_nb_5804,0.7403789275776724
GILGFVFTL_nb_9273,0.6606364322368314
FLYALALLL_nb_8721,0.5949369162321582
ELAGIGILTV_nb_7358,0.8580355232816135
FLYALALLL_nb_985,0.7576854260109346
LLDFVRFMGV_nb_2960,0.587586471972356
ELAGIGILTV_nb_2418,0.8767979822199274
GILGFVFTL_nb_11777,0.8589335849852457
FLYALALLL_nb_8513,0.7838248521778621
GLCTLVAML_nb_10479,0.5978027315254026
GILGFVFTL_1026,0.9297480040265185
GLCTLVAML_nb_5656,0.8512278633953994
LLFGYPVYV_nb_6289,0.2670468531762472
GLCTLVAML_nb_10025,0.7982338300666099
ELAGIGILTV_nb_2044,0.8152909673262105
LLFGYPVYV_nb_11411,0.5215504267911112
FLYALALLL_nb_8973,0.5989862033612852
ELAGIGILTV_nb_2878,0.35379222526099097
LLFGYPVYV_nb_1890,0.6502680475405609
ELAGIGILTV_nb_7536,0.48877266341207204
ELAGIGILTV_nb_190,0.4737315332628349
ELAGIGILTV_nb_2276,0.2080099490802858
LLDFVRFMGV_518,0.5740790411511406
LLDFVRFMGV_nb_8208,0.8371895852401202
GILGFVFTL_2491,0.9218323577161006
ELAGIGILTV_nb_7704,0.7059555581477546
GLCTLVAML_nb_5464,0.5028222550085717
GILGFVFTL_1214,0.37652815674136314
LLFGYPVYV_nb_6887,0.7576092970033469
GLCTLVAML_nb_10217,0.7450485831451801
FLYALALLL_nb_11724,0.7957826095493035
LLFGYPVYV_nb_11247,0.5599774962398902
ELAGIGILTV_nb_2612,0.3019839440362502
FLYALALLL_nb_8719,0.6621947006230136
ELAGIGILTV_nb_7360,0.8526789884369448
GILGFVFTL_3127,0.8253242701013043
LLDFVRFMGV_nb_3284,0.502389868910599
GILGFVFTL_1670,0.9156406347860043
GLCTLVAML_nb_10673,0.5719854226123059
GILGFVFTL_865,0.9268818576009485
GILGFVFTL_nb_4766,0.32620982161315815
GILGFVFTL_1442,0.9120509081564829
GLCTLVAML_nb_5232,0.41081843992108263
GLCTLVAML_nb_10441,0.19301633890583947
GILGFVFTL_nb_1214,0.33468330478611497
LLFGYPVYV_nb_11075,0.27899304559091814
LLDFVRFMGV_nb_2958,0.48119137882375856
ELAGIGILTV_nb_2420,0.6202886802761388
LLFGYPVYV_3492,0.3184305500786164
GILGFVFTL_nb_9845,0.5723225696014584
ELAGIGILTV_nb_7152,0.6239735189779971
GILGFVFTL_3315,0.835810446546529
GILGFVFTL_2001,0.7480950077609696
ELAGIGILTV_nb_7394,0.5650930265684563
FLYALALLL_nb_949,0.13292133835027442
LLDFVRFMGV_nb_3270,0.8624857575815912
GILGFVFTL_1684,0.8800547437858175
GLCTLVAML_nb_10687,0.6603686725617743
FLYALALLL_nb_4120,0.8668771004092006
GLCTLVAML_nb_1454,0.2369598260901103
GILGFVFTL_891,0.9162273346577631
LLFGYPVYV_nb_6619,0.5201643858046542
GILGFVFTL_nb_4792,0.7447111665622129
FLYALALLL_nb_4312,0.2045875249923461
LLFGYPVYV_nb_11081,0.7589185817761
GLCTLVAML_1629,0.8132912030496143
GILGFVFTL_2233,0.9059415370850361
LLDFVRFMGV_nb_3042,0.6314920954192775
FLYALALLL_nb_8987,0.2990941615646542
LLDFVRFMGV_nb_3426,0.7400783820766634
FLYALALLL_nb_9069,0.8287064675493108
LLFGYPVYV_nb_1864,0.7474603816550236
GLCTLVAML_nb_6027,0.674509337215662
ELAGIGILTV_nb_164,0.4778145170522347
GILGFVFTL_2657,0.9354727374949321
ELAGIGILTV_nb_2282,0.3529418328689231
LLDFVRFMGV_nb_3614,0.7738727948760251
ELAGIGILTV_nb_356,0.6921092297418955
GILGFVFTL_2465,0.9168006969653066
GLCTLVAML_nb_5490,0.4904233504448256
GILGFVFTL_nb_5016,0.3249801924706244
ELAGIGILTV_nb_11569,0.7336149855277789
FLYALALLL_nb_1036,0.816023988339981
FLYALALLL_nb_4544,0.16527452050922772
LLFGYPVYV_nb_6873,0.2245197102860584
LLDFVRFMGV_nb_2967,0.5644487680276135
FLYALALLL_nb_8514,0.7688952704889287
GILGFVFTL_nb_11770,0.4603900085978336
LLDFVRFMGV_nb_8461,0.5414355867502445
LLDFVRFMGV_nb_3089,0.8557788882934495
GILGFVFTL_nb_4759,0.8617135295336298
GLCTLVAML_nb_5803,0.7394799236375504
LLFGYPVYV_nb_11278,0.7394797574514863
GILGFVFTL_nb_9274,0.19894952700460455
FLYALALLL_nb_8726,0.5634857149907012
FLYALALLL_nb_982,0.6663621971932379
ELAGIGILTV_nb_72,0.850483407427547
LLFGYPVYV_nb_6084,0.4505002540625351
ELAGIGILTV_617,0.8162001731719043
GILGFVFTL_nb_4933,0.7821729296315829
GLCTLVAML_nb_10228,0.7150664611411388
ELAGIGILTV_nb_2249,0.7498256946470235
GILGFVFTL_nb_9610,0.7553402740088957
LLDFVRFMGV_nb_8237,0.24514220104684076
GILGFVFTL_nb_9422,0.8979552302566622
LLDFVRFMGV_nb_8005,0.4166466626961936
ELAGIGILTV_nb_2847,0.1168839833392564
LLDFVRFMGV_nb_7871,0.6361659204520138
ELAGIGILTV_nb_7509,0.1494413723600312
GLCTLVAML_nb_5669,0.5349116850293829
GILGFVFTL_1825,0.8934034953830456
ELAGIGILTV_nb_86,0.7757974053275719
GILGFVFTL_nb_5029,0.15808795651855834
LLFGYPVYV_nb_6070,0.8211644165295873
FLYALALLL_nb_1009,0.6047361103830458
GILGFVFTL_nb_10000,0.5934837186542268
ELAGIGILTV_nb_369,0.7499546274998151
LLDFVRFMGV_nb_3419,0.7584144456991269
LLDFVRFMGV_nb_7885,0.810985890772449
FLYALALLL_nb_9056,0.3421466301603081
GLCTLVAML_nb_6018,0.6101712477786281
LLFGYPVYV_nb_6242,0.621285193463408
FLYALALLL_nb_3934,0.7528229443979308
LLDFVRFMGV_nb_2993,0.6189986327840119
GLCTLVAML_1616,0.8355111715843515
ELAGIGILTV_nb_7199,0.6347986160123292
GILGFVFTL_nb_11784,0.6274735613458142
LLFGYPVYV_nb_10950,0.18725271624502812
LLFGYPVYV_nb_6626,0.6567621730141675
ELAGIGILTV_889,0.874642102807031
GILGFVFTL_1489,0.9030469087849515
LLFGYPVYV_nb_6414,0.43230804930943056
GILGFVFTL_2802,0.896174046996298
GILGFVFTL_nb_9280,0.8761903671527664
LLDFVRFMGV_nb_540,0.7714090193166793
FLYALALLL_nb_976,0.8485425066877416
GILGFVFTL_1646,0.624594949092277
GLCTLVAML_nb_1496,0.7372650487953731
GLCTLVAML_nb_10645,0.6151812965582255
ELAGIGILTV_nb_2624,0.2935456568244183
FLYALALLL_nb_11712,0.8050988817545872
LLFGYPVYV_nb_11271,0.6150885410830194
ELAGIGILTV_1253,0.8303910850587614
ELAGIGILTV_nb_7356,0.818555456984253
ELAGIGILTV_nb_2416,0.8403616474989246
LLFGYPVYV_nb_11043,0.6238496066457818
GILGFVFTL_3323,0.9063996470314899
LLDFVRFMGV_nb_3080,0.6545116947879147
GILGFVFTL_nb_9873,0.5387889697976066
ELAGIGILTV_nb_7164,0.3101106092846839
GILGFVFTL_nb_11779,0.8239192785604192
GILGFVFTL_1474,0.8703337664496905
GLCTLVAML_nb_5204,0.6073288395072788
GILGFVFTL_853,0.921868652529608
GILGFVFTL_nb_4750,0.6413019006409518
GILGFVFTL_nb_1222,0.1376248728185023
GLCTLVAML_nb_10477,0.7279490880708522
FLYALALLL_nb_8945,0.18826658127907536
LLFGYPVYV_nb_11427,0.8346604896790033
ELAGIGILTV_nb_2072,0.3114965548724696
ELAGIGILTV_nb_7500,0.8376497588509042
LLDFVRFMGV_nb_7878,0.6237073883870272
GLCTLVAML_556,0.6049793191676888
GLCTLVAML_nb_5660,0.5238056992676079
GLCTLVAML_nb_5452,0.37298233994334584
GILGFVFTL_1222,0.4529828592874276
GLCTLVAML_nb_10221,0.5463730679552633
FLYALALLL_nb_4586,0.7621071868069398
GILGFVFTL_nb_9619,0.7236275537249811
ELAGIGILTV_nb_2240,0.7709414020559215
ELAGIGILTV_nb_2086,0.4170150892476161
GLCTLVAML_nb_6011,0.40192477829024414
ELAGIGILTV_nb_152,0.3538790695146725
LLDFVRFMGV_nb_3410,0.5240987663565929
LLFGYPVYV_nb_1852,0.8200159551802213
GLCTLVAML_nb_5694,0.5093280415657739
LLFGYPVYV_nb_6079,0.5950405091828572
FLYALALLL_nb_1000,0.7223282936520652
GILGFVFTL_nb_5020,0.2519132964298006
LLFGYPVYV_nb_6845,0.5540812209995696
FLYALALLL_nb_4572,0.8451565724384869
ELAGIGILTV_nb_360,0.8304243422999752
GILGFVFTL_2453,0.5654193394462633
LLDFVRFMGV_nb_3622,0.1712846708834997
GILGFVFTL_nb_10009,0.7897729239348691
FLYALALLL_nb_4116,0.8777069597183539
GLCTLVAML_nb_1462,0.7263525168978153
LLDFVRFMGV_nb_549,0.858183898064971
GILGFVFTL_nb_9289,0.669656335359011
LLFGYPVYV_nb_11285,0.6240622000130244
LLDFVRFMGV_nb_3246,0.8545553015585414
GILGFVFTL_2037,0.5179070377948751
LLDFVRFMGV_nb_3074,0.6830651872676926
LLFGYPVYV_nb_10959,0.2683966367033331
ELAGIGILTV_nb_7190,0.6641011733225883
GILGFVFTL_nb_9887,0.7923508024301056
GILGFVFTL_2205,0.8668918435707798
GILGFVFTL_1480,0.8195805489267929
FLYALALLL_nb_4324,0.8213470770133869
GLCTLVAML_nb_10483,0.2884651483844839
GILGFVFTL_nb_9626,0.8574769269398719
GLCTLVAML_1082,0.8628030068834136
GILGFVFTL_2498,0.928967407406999
LLDFVRFMGV_nb_8201,0.8228865977531805
ELAGIGILTV_nb_11594,0.7096776961906759
ELAGIGILTV_nb_44,0.14503962467396458
GILGFVFTL_nb_4905,0.8177189735075814
GILGFVFTL_606,0.1852917671105575
ELAGIGILTV_621,0.8718670508904598
LLFGYPVYV_nb_6280,0.598872322925299
GILGFVFTL_434,0.7685783902462465
ELAGIGILTV_413,0.5193213814853742
GILGFVFTL_1813,0.8939371240990572
LLFGYPVYV_nb_11418,0.20728529168664567
GILGFVFTL_nb_9414,0.27649754410496824
ELAGIGILTV_nb_199,0.8178337065366663
LLDFVRFMGV_nb_8033,0.5959913341308924
ELAGIGILTV_nb_2871,0.7128127386165004
LLDFVRFMGV_nb_7847,0.22872847097849397
LLFGYPVYV_nb_1899,0.6821123222464482
FLYALALLL_nb_9094,0.5432537994084715
GLCTLVAML_nb_10448,0.21900436809241366
ELAGIGILTV_nb_2429,0.9013181507113057
LLDFVRFMGV_nb_2951,0.690265613757997
LLDFVRFMGV_nb_8457,0.3327915433815174
LLFGYPVYV_nb_10992,0.6925957350768115
FLYALALLL_nb_8522,0.7168171793316211
LLDFVRFMGV_nb_582,0.8106588623598983
GILGFVFTL_nb_9242,0.25383244071133365
FLYALALLL_nb_8710,0.6042175714362212
ELAGIGILTV_nb_7369,0.7771895903881002
GILGFVFTL_1679,0.9053489363534449
GLCTLVAML_nb_5835,0.5193248181156607
GILGFVFTL_262,0.9038090475174377
GILGFVFTL_898,0.8955638868625041
GLCTLVAML_2899,0.6276624740099452
LLFGYPVYV_nb_6610,0.6330035298917716
GLCTLVAML_3177,0.8232245239826377
LLFGYPVYV_nb_11088,0.744774492605353
FLYALALLL_nb_3902,0.44237838407224483
LLFGYPVYV_nb_10966,0.6353886233625134
GLCTLVAML_1412,0.7480175450600339
LLDFVRFMGV_nb_576,0.2803851161200621
GILGFVFTL_2834,0.9232407514522649
FLYALALLL_nb_940,0.3179455701351845
LLDFVRFMGV_nb_3279,0.5714130854619592
GILGFVFTL_2008,0.9192796374268541
LLFGYPVYV_nb_6422,0.6147251773716249
FLYALALLL_nb_4129,0.6636789607902851
GILGFVFTL_34,0.9314051468674265
ELAGIGILTV_nb_11560,0.42985487389811783
GLCTLVAML_nb_5499,0.26978108608682894
LLFGYPVYV_nb_6274,0.8259439682397356
ELAGIGILTV_nb_2885,0.8205405752477947
FLYALALLL_nb_9060,0.7116797260129893
LLDFVRFMGV_nb_3073,0.688118444582209
ELAGIGILTV_nb_7197,0.5741220433497222
GILGFVFTL_nb_9880,0.18573613432312724
ELAGIGILTV_887,0.3189781902779878
GILGFVFTL_1487,0.9347667393997144
LLFGYPVYV_nb_6628,0.6503372013412987
FLYALALLL_nb_4323,0.7369718434559469
GLCTLVAML_nb_10484,0.26488698820448403
GLCTLVAML_nb_1465,0.7027749828819541
FLYALALLL_nb_4111,0.8537552021977648
LLFGYPVYV_nb_11282,0.38264592499999694
LLDFVRFMGV_nb_3241,0.804799549160812
FLYALALLL_nb_978,0.2906591933874969
GILGFVFTL_2030,0.9212570965748738
FLYALALLL_nb_1007,0.4973392806408142
ELAGIGILTV_nb_88,0.6121656452012845
GILGFVFTL_nb_5027,0.8506327788215742
LLFGYPVYV_nb_6842,0.4200265598321712
FLYALALLL_nb_4575,0.8028012416176331
GILGFVFTL_2454,0.6959711579029144
ELAGIGILTV_nb_367,0.4469611084105199
LLDFVRFMGV_nb_3625,0.6572355459503952
GLCTLVAML_1872,0.7470095547624058
ELAGIGILTV_nb_2081,0.6368008022269218
GILGFVFTL_2666,0.9358336291120775
ELAGIGILTV_nb_155,0.785206902686861
GLCTLVAML_nb_6016,0.5469591915365435
LLFGYPVYV_nb_1855,0.735873439916398
FLYALALLL_nb_9058,0.4535761849533363
LLDFVRFMGV_nb_3417,0.5195342233033045
GLCTLVAML_nb_5693,0.274784279706585
GLCTLVAML_nb_5455,0.8195233013461213
GLCTLVAML_nb_10226,0.46910325409584336
FLYALALLL_nb_4581,0.6736369797722696
ELAGIGILTV_nb_2247,0.7969326234773121
LLDFVRFMGV_nb_8239,0.6071203303644976
FLYALALLL_nb_8942,0.7834112426176795
LLFGYPVYV_nb_11420,0.5250768670418562
ELAGIGILTV_nb_2075,0.6122655904020942
GILGFVFTL_2692,0.7539099495478772
ELAGIGILTV_nb_7507,0.6540703957950004
ELAGIGILTV_nb_2849,0.7875026660184794
GLCTLVAML_nb_5667,0.6584969648260044
GILGFVFTL_1017,0.6411112126818013
ELAGIGILTV_nb_2411,0.63018319841762
LLDFVRFMGV_nb_2969,0.6072082697815115
LLFGYPVYV_nb_11044,0.7988696003294407
LLDFVRFMGV_nb_3087,0.2781396538557836
GILGFVFTL_3324,0.5099833355675584
GILGFVFTL_nb_9874,0.3622811130663244
ELAGIGILTV_nb_7163,0.7756644318245851
GLCTLVAML_nb_5203,0.4654895010052532
ELAGIGILTV_873,0.8277770992520991
GILGFVFTL_1473,0.7151540520582303
GILGFVFTL_nb_4757,0.29655934454620836
GILGFVFTL_nb_1225,0.6293717608232374
GLCTLVAML_nb_10470,0.6991772060591293
GILGFVFTL_1641,0.931178672869929
GLCTLVAML_nb_1491,0.7807798397821746
GLCTLVAML_nb_10642,0.21975821641801233
ELAGIGILTV_nb_2623,0.7829538944108367
LLFGYPVYV_nb_11276,0.7398835773429757
FLYALALLL_nb_11715,0.8214941841150012
GILGFVFTL_3116,0.9279370789945183
FLYALALLL_nb_8728,0.6859842434399062
ELAGIGILTV_1254,0.7984294178818545
ELAGIGILTV_nb_7351,0.519190456456098
LLFGYPVYV_nb_6273,0.5318304834576427
FLYALALLL_nb_8989,0.6330951894328691
GILGFVFTL_2659,0.9043415733898368
GLCTLVAML_nb_6029,0.8132215810400987
FLYALALLL_nb_9067,0.4620045404267438
ELAGIGILTV_nb_2882,0.6564553125562997
LLDFVRFMGV_nb_3428,0.7653642814007537
ELAGIGILTV_nb_358,0.8194088878953224
GILGFVFTL_33,0.8651022037043332
FLYALALLL_nb_1038,0.8292293904511634
ELAGIGILTV_nb_11567,0.7569990458842943
GILGFVFTL_nb_5018,0.7414466170645284
LLDFVRFMGV_nb_571,0.6467048826630182
GILGFVFTL_2833,0.38573970768514726
FLYALALLL_nb_947,0.6762887406243652
LLFGYPVYV_nb_6425,0.6470197038333403
GLCTLVAML_nb_10689,0.7079864385207557
GILGFVFTL_291,0.8792239225265497
LLFGYPVYV_nb_6617,0.45603312100162274
FLYALALLL_nb_3905,0.6719737789222927
LLFGYPVYV_nb_10961,0.6653275341231912
LLDFVRFMGV_nb_585,0.8374116181886528
LLFGYPVYV_nb_11249,0.714463549532064
GILGFVFTL_nb_9245,0.7495638544831464
GILGFVFTL_3129,0.8659667630847531
FLYALALLL_nb_8717,0.23602880299734721
GLCTLVAML_nb_5832,0.23824905039142313
GILGFVFTL_265,0.9004639235277425
GILGFVFTL_nb_4768,0.5260738135479762
LLDFVRFMGV_nb_2956,0.5005810989051438
ELAGIGILTV_1865,0.8280022250384849
LLFGYPVYV_nb_10995,0.8226934516436131
LLDFVRFMGV_nb_8450,0.6895140321268278
FLYALALLL_nb_8525,0.8060441931293024
LLFGYPVYV_nb_6287,0.6378677787762175
GLCTLVAML_nb_5658,0.5828276735131723
GILGFVFTL_433,0.8991350048588541
GILGFVFTL_1814,0.474050857912531
ELAGIGILTV_414,0.7638612352137685
GILGFVFTL_nb_9413,0.3243040137144131
ELAGIGILTV_nb_7538,0.6674260797902234
FLYALALLL_nb_9093,0.7797291921778278
LLDFVRFMGV_nb_7840,0.6735974399312512
ELAGIGILTV_nb_2876,0.4596338013043172
LLDFVRFMGV_nb_8034,0.5629825637232464
GILGFVFTL_nb_9621,0.8699470291232455
LLDFVRFMGV_516,0.7807242493469515
ELAGIGILTV_nb_2278,0.3835466795644169
LLDFVRFMGV_nb_8206,0.7205060969573074
ELAGIGILTV_nb_11593,0.3974804941077888
ELAGIGILTV_nb_43,0.5107520463757573
GLCTLVAML_nb_10219,0.2630048012696371
LLFGYPVYV_nb_6889,0.7216004303141672
GILGFVFTL_nb_4902,0.6796368545023052
ELAGIGILTV_626,0.6203204573621908
GILGFVFTL_1877,0.8851608674524621
GLCTLVAML_nb_10048,0.6464464244121992
ELAGIGILTV_nb_2029,0.4111202757690625
GILGFVFTL_nb_9470,0.6703779315467642
LLDFVRFMGV_nb_7823,0.718244236669885
ELAGIGILTV_nb_2815,0.6201462203411815
LLDFVRFMGV_nb_8057,0.34505500580563664
GILGFVFTL_nb_9642,0.7961344929808759
LLDFVRFMGV_nb_8265,0.3498045351111258
GILGFVFTL_1279,0.7064339118219694
ELAGIGILTV_nb_20,0.838666860322982
GLCTLVAML_nb_5409,0.17523860319442847
ELAGIGILTV_645,0.8160212789281714
GILGFVFTL_nb_4961,0.5380879713223292
FLYALALLL_nb_11749,0.27085495829410594
LLFGYPVYV_nb_1697,0.639634171828346
FLYALALLL_nb_8774,0.5817682381212433
ELAGIGILTV_1208,0.8681866739468644
GILGFVFTL_2098,0.5872441765736148
GILGFVFTL_206,0.8558307292778073
GLCTLVAML_nb_5851,0.6404973999499598
LLFGYPVYV_nb_6680,0.6850499652318436
LLDFVRFMGV_nb_2935,0.29906253907235847
FLYALALLL_nb_3992,0.6202808034785634
LLFGYPVYV_nb_11018,0.3385885144803872
FLYALALLL_nb_8546,0.7004236783560269
GILGFVFTL_nb_9828,0.5270104919488727
LLDFVRFMGV_nb_8433,0.25469064389632556
GILGFVFTL_2850,0.8849138084074605
LLDFVRFMGV_nb_512,0.31867125785555833
LLFGYPVYV_nb_1663,0.44460057658033025
FLYALALLL_nb_8780,0.6223077029448949
FLYALALLL_nb_924,0.7071417503512604
LLFGYPVYV_nb_6446,0.7896005088272318
GLCTLVAML_nb_1439,0.42905194012445397
LLFGYPVYV_nb_6674,0.3210878454806724
FLYALALLL_nb_3966,0.3578560932414121
LLDFVRFMGV_nb_720,0.7031361746529649
LLFGYPVYV_nb_10902,0.6042515748761492
LLFGYPVYV_nb_6210,0.7278902249542555
GILGFVFTL_1883,0.9080585884189016
ELAGIGILTV_483,0.7434333437590809
GILGFVFTL_nb_9484,0.7390030664737129
LLFGYPVYV_nb_11488,0.3150532486726187
FLYALALLL_nb_9004,0.8792549182033053
LLFGYPVYV_nb_1809,0.47002842198187483
ELAGIGILTV_nb_109,0.5519620617772916
LLDFVRFMGV_nb_3679,0.7704062279496529
LLDFVRFMGV_nb_8291,0.4831830731434945
FLYALALLL_nb_9236,0.6801368735725577
GILGFVFTL_2408,0.6465211056434484
FLYALALLL_nb_4529,0.76452829152558
GLCTLVAML_2697,0.5846764483923258
GILGFVFTL_696,0.4054430119220878
GILGFVFTL_nb_4995,0.5430174018120913
LLFGYPVYV_nb_11027,0.2971140199710934
ELAGIGILTV_nb_2472,0.6562129027601732
GILGFVFTL_2295,0.6405539685986696
FLYALALLL_nb_8579,0.52005592839643
GILGFVFTL_nb_9817,0.23571184177734678
ELAGIGILTV_nb_7100,0.8057794410507342
ELAGIGILTV_1005,0.8204549785859805
GILGFVFTL_3347,0.8984683073542302
GILGFVFTL_nb_4734,0.473805294956463
GILGFVFTL_837,0.686874834665924
GLCTLVAML_2836,0.8968422522776768
GLCTLVAML_nb_5260,0.16003369172513512
GILGFVFTL_1410,0.8942355588787989
GLCTLVAML_nb_10413,0.6657633617089235
GILGFVFTL_nb_1246,0.871295702159033
GILGFVFTL_1622,0.7477305625716693
GILGFVFTL_239,0.6037006904678166
GLCTLVAML_nb_10621,0.4981550107700028
FLYALALLL_nb_4186,0.8472430267213691
LLFGYPVYV_nb_11215,0.5218500311767135
ELAGIGILTV_nb_2640,0.6785124864425712
ELAGIGILTV_nb_7332,0.7383560694757652
GILGFVFTL_1246,0.8897750235268428
GLCTLVAML_nb_5436,0.4932131724668218
FLYALALLL_nb_1090,0.5537176411923654
GLCTLVAML_nb_10245,0.24568505173914676
ELAGIGILTV_nb_2224,0.6546473904111323
FLYALALLL_nb_785,0.7219721425396024
ELAGIGILTV_nb_2016,0.6194532694004471
LLDFVRFMGV_778,0.6028480932583491
LLFGYPVYV_nb_11443,0.29185385227866745
FLYALALLL_nb_8921,0.7411269750152503
LLDFVRFMGV_nb_3480,0.6979885573099399
LLDFVRFMGV_nb_8068,0.25034399195972223
ELAGIGILTV_nb_7564,0.5521021891290805
GLCTLVAML_nb_5604,0.6978074069007134
GILGFVFTL_1074,0.9049718395263969
GILGFVFTL_1848,0.6074235943582212
GLCTLVAML_nb_10077,0.22531579678090108
GILGFVFTL_nb_5044,0.7626872603384159
FLYALALLL_nb_1064,0.7377582586808269
FLYALALLL_nb_4516,0.7264845308461346
LLFGYPVYV_nb_6821,0.7714507405942621
GILGFVFTL_nb_9689,0.6747933917306135
LLDFVRFMGV_nb_3646,0.8106667257810871
GLCTLVAML_1811,0.8831620559654002
FLYALALLL_nb_9209,0.49015151097603327
GILGFVFTL_2437,0.7375808830854926
ELAGIGILTV_nb_304,0.4494439223642713
FLYALALLL_nb_771,0.8821273839826947
LLFGYPVYV_nb_1836,0.3421783689178733
LLDFVRFMGV_nb_3474,0.6726429938915996
GILGFVFTL_2605,0.9166805075104926
ELAGIGILTV_nb_136,0.6325964062462561
ELAGIGILTV_nb_7590,0.3836327141170557
GILGFVFTL_1080,0.887144189300727
GLCTLVAML_nb_10083,0.461882696511576
FLYALALLL_nb_3959,0.6375028277484693
LLFGYPVYV_3434,0.8896905315776145
ELAGIGILTV_nb_2486,0.5501100958703675
GILGFVFTL_2261,0.6036864889357829
LLDFVRFMGV_nb_3010,0.2617207374874198
GLCTLVAML_nb_5294,0.6678015563044826
GLCTLVAML_nb_1634,0.6129039152526148
FLYALALLL_nb_4340,0.5923268337415716
LLFGYPVYV_nb_6479,0.5201672969711932
GLCTLVAML_nb_1406,0.4971227744572627
FLYALALLL_nb_4172,0.5179714835531063
GLCTLVAML_1449,0.5034300227400399
GILGFVFTL_2053,0.916828942628822
LLDFVRFMGV_nb_3222,0.849042584663176
GILGFVFTL_3181,0.8766416320261261
FLYALALLL_nb_9231,0.8894040912076855
LLDFVRFMGV_nb_8296,0.5650483978753574
GILGFVFTL_nb_4992,0.49386954224032226
LLFGYPVYV_nb_6819,0.17569023898055441
GILGFVFTL_691,0.8968823006069623
GLCTLVAML_nb_10289,0.7442101132539032
LLFGYPVYV_nb_6217,0.37151963738779203
ELAGIGILTV_484,0.5011282544608485
FLYALALLL_nb_749,0.5435856261371514
GILGFVFTL_nb_9483,0.6172665358621584
FLYALALLL_nb_9003,0.19195304045216607
LLFGYPVYV_nb_6673,0.571613525391711
FLYALALLL_nb_4378,0.4009579985628957
FLYALALLL_nb_3961,0.6407819342652623
LLDFVRFMGV_nb_727,0.6745693995854564
GILGFVFTL_2259,0.860380223773665
LLDFVRFMGV_nb_3028,0.6501361624110871
LLFGYPVYV_nb_10905,0.880445022069678
GILGFVFTL_2857,0.7237068420612567
LLFGYPVYV_nb_1664,0.6616607446799807
LLDFVRFMGV_nb_515,0.09870871229188768
FLYALALLL_nb_8787,0.4494929355496493
FLYALALLL_nb_923,0.31109282680220307
LLFGYPVYV_nb_6441,0.8210223777149894
LLFGYPVYV_nb_6687,0.18346825402698164
GILGFVFTL_1428,0.864857236183163
GLCTLVAML_nb_5258,0.37490327496367787
FLYALALLL_nb_3995,0.7032873746837913
LLDFVRFMGV_nb_2932,0.4141486210787657
FLYALALLL_nb_8541,0.4706613106800934
ELAGIGILTV_nb_7138,0.2999833476801725
LLDFVRFMGV_nb_8434,0.4844968020706246
LLFGYPVYV_nb_1690,0.21236253950468809
ELAGIGILTV_nb_2678,0.5538430807079422
FLYALALLL_nb_8773,0.28366265831878856
GILGFVFTL_201,0.8496429181784718
GLCTLVAML_nb_10619,0.2048273647795391
GLCTLVAML_nb_5856,0.7570696983618033
GILGFVFTL_nb_9645,0.745520334462043
LLDFVRFMGV_nb_8262,0.7620134124229315
ELAGIGILTV_nb_27,0.6145583779256824
GILGFVFTL_nb_5088,0.611262576969602
GILGFVFTL_nb_4966,0.7449590588609422
GILGFVFTL_665,0.7577422402752996
GLCTLVAML_2664,0.7822324175900137
GILGFVFTL_457,0.5063793537957814
FLYALALLL_nb_8919,0.5640065699176243
GILGFVFTL_nb_9477,0.8188908727278195
LLDFVRFMGV_nb_8050,0.7715461529777413
ELAGIGILTV_nb_2812,0.2683961356799761
LLDFVRFMGV_nb_7824,0.6535604716634831
GLCTLVAML_3319,0.7777663349063033
FLYALALLL_nb_4175,0.6959300715719084
GLCTLVAML_nb_1401,0.7596783788975418
GILGFVFTL_2054,0.18281847848599808
GILGFVFTL_3186,0.9173129140529998
LLDFVRFMGV_nb_3225,0.6703673080041318
LLDFVRFMGV_nb_718,0.3922124045582039
ELAGIGILTV_nb_2481,0.8235263550806866
LLFGYPVYV_3433,0.6286892925241493
LLDFVRFMGV_nb_3017,0.8506168274055312
GLCTLVAML_nb_5293,0.5180358328853946
FLYALALLL_nb_4347,0.26345448541445704
GLCTLVAML_nb_1633,0.6823348249662247
FLYALALLL_nb_776,0.6187479736931714
LLDFVRFMGV_nb_3473,0.7396926622957125
LLFGYPVYV_nb_1831,0.6542044682131378
ELAGIGILTV_nb_7597,0.5046110126834533
ELAGIGILTV_nb_131,0.832113151130047
GILGFVFTL_2602,0.9218323577161006
LLFGYPVYV_nb_6228,0.3599432252418657
GLCTLVAML_nb_10084,0.23634384937871322
GILGFVFTL_nb_5043,0.7737834704210309
FLYALALLL_nb_1063,0.3421978124796783
LLFGYPVYV_1532,0.2821444223963596
FLYALALLL_nb_4511,0.7361227295627352
LLFGYPVYV_nb_6826,0.23655409802214583
LLDFVRFMGV_nb_3641,0.3148902067846907
ELAGIGILTV_nb_303,0.5977906552541755
GILGFVFTL_2430,0.894565671477342
LLDFVRFMGV_nb_388,0.7692493695556932
FLYALALLL_nb_782,0.6420105803572732
LLFGYPVYV_nb_11444,0.7774029067803859
FLYALALLL_nb_8926,0.7516106852381005
GILGFVFTL_nb_9448,0.5980454641977057
LLDFVRFMGV_nb_3487,0.32914948555820167
ELAGIGILTV_1466,0.8602876763141994
ELAGIGILTV_nb_7563,0.5902930217056712
GILGFVFTL_1073,0.20088981185523802
GLCTLVAML_nb_5603,0.7040461724024856
GLCTLVAML_nb_10070,0.6673537035114666
GILGFVFTL_468,0.8754256433447605
ELAGIGILTV_nb_18,0.8501021419253401
FLYALALLL_nb_1097,0.35509286924354444
GILGFVFTL_nb_4959,0.6196432247012296
GLCTLVAML_nb_10242,0.7319751903750186
ELAGIGILTV_nb_2223,0.24614443863966085
GLCTLVAML_nb_10626,0.21132902594238648
GLCTLVAML_nb_5869,0.608026386724692
FLYALALLL_nb_4181,0.5722833628704898
LLFGYPVYV_nb_11212,0.6609856877027696
ELAGIGILTV_nb_2647,0.28705756984316666
ELAGIGILTV_nb_7335,0.4441452986327163
GILGFVFTL_3172,0.8910633034966309
LLFGYPVYV_nb_11020,0.285129000728144
ELAGIGILTV_nb_2475,0.2629885769065674
GILGFVFTL_nb_9810,0.6135544648867634
ELAGIGILTV_nb_7107,0.4246007952848976
GILGFVFTL_3340,0.9218323577161006
GLCTLVAML_2831,0.7822324175900137
GILGFVFTL_830,0.8945494050859522
GILGFVFTL_nb_4733,0.38073818357910205
GILGFVFTL_1417,0.9069266350331897
GLCTLVAML_nb_5267,0.5000749673212966
GLCTLVAML_nb_10414,0.5151691640452253
GILGFVFTL_nb_1241,0.21810389186076706
LLDFVRFMGV_nb_711,0.8630637996620887
ELAGIGILTV_nb_2488,0.7939213344507474
GLCTLVAML_1675,0.8478634010098447
FLYALALLL_nb_3957,0.6298278403002242
LLFGYPVYV_nb_10933,0.3622004528205033
FLYALALLL_nb_8583,0.7721033751871416
LLFGYPVYV_nb_6645,0.13315299515297194
LLFGYPVYV_nb_6477,0.4985352246677874
GLCTLVAML_nb_5894,0.7239774594478936
GLCTLVAML_nb_1408,0.7093519441920584
LLFGYPVYV_nb_1652,0.7007741051005402
GLCTLVAML_1447,0.4327264481776087
LLDFVRFMGV_nb_523,0.3899582064260231
GILGFVFTL_2861,0.4723986168141767
FLYALALLL_nb_915,0.7868207721066832
FLYALALLL_nb_4518,0.7881802597587593
GILGFVFTL_nb_9687,0.6704699338509013
GILGFVFTL_2439,0.7013031390315563
FLYALALLL_nb_9207,0.15470329801369126
GILGFVFTL_61,0.9048502943024406
LLDFVRFMGV_nb_3648,0.28181082800900303
LLDFVRFMGV_nb_375,0.5560932449533967
ELAGIGILTV_nb_138,0.6986892186125767
LLDFVRFMGV_nb_8092,0.5555245610581732
LLFGYPVYV_nb_1838,0.2055378897529167
FLYALALLL_nb_9035,0.820914463347945
LLFGYPVYV_nb_6221,0.7793244630789793
GILGFVFTL_495,0.926166689536122
GLCTLVAML_nb_5438,0.6746862186599681
ELAGIGILTV_nb_11,0.5721146921679021
GILGFVFTL_1248,0.8687153615819885
GILGFVFTL_nb_4950,0.5141908832094567
GILGFVFTL_653,0.8532478803802699
GILGFVFTL_nb_9673,0.800725624632476
LLDFVRFMGV_nb_8254,0.8653914981311281
GILGFVFTL_95,0.6699233439114024
GILGFVFTL_nb_9441,0.7954340803769998
ELAGIGILTV_nb_2018,0.5630419666533524
LLDFVRFMGV_nb_381,0.580265620634006
LLDFVRFMGV_nb_8066,0.18583524873188356
ELAGIGILTV_nb_2824,0.5995500062305165
LLDFVRFMGV_nb_7812,0.5037855723705664
GLCTLVAML_2460,0.8576458278964156
GLCTLVAML_nb_10079,0.30112121540386216
GILGFVFTL_1846,0.4668293195513008
LLFGYPVYV_nb_11029,0.8092176995782738
LLDFVRFMGV_nb_8402,0.488356957424788
GILGFVFTL_3349,0.9218323577161006
FLYALALLL_nb_8577,0.7122803724255193
GILGFVFTL_nb_9819,0.8126976057535922
GILGFVFTL_839,0.8768071033503315
GILGFVFTL_nb_1248,0.4317065808607513
LLFGYPVYV_nb_6483,0.7969007693479624
GLCTLVAML_nb_5860,0.8035922094202481
ELAGIGILTV_210,0.7877747648236586
FLYALALLL_nb_4188,0.7601197134478613
GILGFVFTL_237,0.6558075895353517
FLYALALLL_nb_8745,0.6160028505316641
LLFGYPVYV_nb_11486,0.8379425166332585
FLYALALLL_nb_740,0.7834701118231311
LLFGYPVYV_3061,0.230163722587447
GLCTLVAML_nb_6044,0.7685335076268581
ELAGIGILTV_nb_107,0.19215394963332286
GILGFVFTL_2634,0.924510216853257
LLDFVRFMGV_nb_3445,0.7926897886135105
LLFGYPVYV_nb_1807,0.21449479711876146
ELAGIGILTV_nb_335,0.850483407427547
GILGFVFTL_2406,0.9043436762669341
FLYALALLL_nb_9238,0.5745872864243176
LLDFVRFMGV_nb_3677,0.529833016118937
FLYALALLL_nb_1055,0.7336263621851915
GILGFVFTL_1283,0.4744767994136001
GILGFVFTL_nb_5075,0.6457456269851345
LLFGYPVYV_nb_6810,0.6414146566792897
GLCTLVAML_nb_10280,0.7661177919249896
GILGFVFTL_698,0.9160516166959214
FLYALALLL_nb_4527,0.7247868475340111
ELAGIGILTV_nb_2685,0.2846518630201825
LLDFVRFMGV_nb_3213,0.3271682774341186
GILGFVFTL_2062,0.8512670170242765
LLFGYPVYV_nb_6448,0.7279267698614288
FLYALALLL_nb_4143,0.7445494702366298
GLCTLVAML_nb_1437,0.8735757945875131
FLYALALLL_nb_4371,0.6916548126853834
GLCTLVAML_nb_1605,0.6658999042814626
FLYALALLL_nb_3968,0.5837739970983543
GILGFVFTL_3382,0.39798850994362933
LLDFVRFMGV_nb_3021,0.32770427064377633
GILGFVFTL_2250,0.8439230779675622
LLFGYPVYV_nb_1699,0.7823866753567895
ELAGIGILTV_nb_2671,0.23669857750136242
FLYALALLL_nb_11747,0.2126794874119754
LLFGYPVYV_nb_11224,0.5070124705584645
GILGFVFTL_3144,0.856083077367769
GILGFVFTL_2096,0.8976080436080242
ELAGIGILTV_nb_7303,0.18009758504434153
GILGFVFTL_1613,0.9268818576009485
GLCTLVAML_nb_10610,0.169092070479756
GILGFVFTL_208,0.8423676881394923
GILGFVFTL_1421,0.7304381634294861
GLCTLVAML_nb_5251,0.4778970502171427
GILGFVFTL_806,0.6449487739592377
GILGFVFTL_nb_4705,0.6363658814954017
FLYALALLL_nb_4385,0.6695208227469407
GILGFVFTL_nb_1277,0.6689953274631714
GLCTLVAML_nb_10422,0.2772938781715192
ELAGIGILTV_nb_2443,0.33164271046443405
LLFGYPVYV_nb_11016,0.6548681854916996
GILGFVFTL_3376,0.5812808365787244
FLYALALLL_nb_8548,0.7252539856340274
ELAGIGILTV_1034,0.8434284689735413
GILGFVFTL_nb_9826,0.5614714578143686
ELAGIGILTV_nb_7131,0.49835337186695433
GLCTLVAML_503,0.3177234191708602
GILGFVFTL_1045,0.9296424877214784
GLCTLVAML_nb_5635,0.5818770984464745
GLCTLVAML_nb_10046,0.8282104061586673
GILGFVFTL_1879,0.8392893315178978
GLCTLVAML_nb_1295,0.5334207467334318
FLYALALLL_nb_8910,0.37784780129766665
LLFGYPVYV_nb_11472,0.7937566987631908
ELAGIGILTV_nb_2027,0.23488561211780268
ELAGIGILTV_nb_7555,0.5304038376676605
LLDFVRFMGV_nb_8059,0.5372999208255367
ELAGIGILTV_nb_2215,0.6178565813715127
LLDFVRFMGV_nb_3683,0.20636328206732962
GLCTLVAML_nb_5407,0.43624848503499114
GILGFVFTL_1277,0.8558307292778073
GILGFVFTL_nb_5081,0.44510693196297835
GLCTLVAML_nb_10274,0.5405170602105667
LLFGYPVYV_nb_6484,0.22649152906861916
GLCTLVAML_nb_5867,0.7796335260922314
GLCTLVAML_nb_10628,0.23146585243756385
GILGFVFTL_230,0.8501623452206032
ELAGIGILTV_nb_2649,0.719119493887643
FLYALALLL_nb_8742,0.24507625529812854
LLDFVRFMGV_nb_8405,0.28146140307275197
FLYALALLL_nb_8570,0.39086136343812955
ELAGIGILTV_nb_7109,0.34340462980847175
GLCTLVAML_nb_5269,0.7352703465597472
GILGFVFTL_1419,0.7960078009431488
FLYALALLL_nb_8928,0.13681611816152886
GILGFVFTL_nb_9446,0.7577707508344576
LLDFVRFMGV_nb_386,0.6749212300735922
LLDFVRFMGV_nb_7815,0.598319209563005
ELAGIGILTV_nb_2823,0.8444756585856237
LLDFVRFMGV_nb_8061,0.8254038960875713
LLDFVRFMGV_nb_3489,0.23679748027270464
GILGFVFTL_466,0.6284072269397005
ELAGIGILTV_441,0.8828223739337621
FLYALALLL_nb_1099,0.7441521816389749
ELAGIGILTV_nb_16,0.8784072191629371
GLCTLVAML_2655,0.8108094819840832
GILGFVFTL_654,0.9158270437396865
GILGFVFTL_nb_4957,0.8265297579821085
GILGFVFTL_nb_9674,0.7022135910475222
GILGFVFTL_92,0.9276520871120679
LLDFVRFMGV_nb_8253,0.19504395055685453
FLYALALLL_nb_778,0.7908994845193874
ELAGIGILTV_nb_7599,0.3016301680239798
FLYALALLL_nb_9032,0.6940627422545813
LLDFVRFMGV_nb_8095,0.20256318884178698
LLFGYPVYV_nb_6226,0.4947220943329125
GILGFVFTL_1089,0.9355136723250456
GILGFVFTL_492,0.8180813252808394
LLFGYPVYV_nb_6828,0.7556126293912859
GILGFVFTL_nb_9680,0.5730663102467399
GILGFVFTL_66,0.8867428204531485
FLYALALLL_nb_9200,0.7819075754296899
GLCTLVAML_1818,0.636401426896315
LLFGYPVYV_nb_6470,0.6439856865094473
GLCTLVAML_nb_5893,0.7348809418466065
LLDFVRFMGV_nb_524,0.6498962252990087
LLFGYPVYV_nb_1655,0.5000218301110975
GILGFVFTL_3188,0.9213714968103011
FLYALALLL_nb_912,0.3283234189567142
GLCTLVAML_1672,0.7598272605776542
LLDFVRFMGV_nb_716,0.6289780025088395
FLYALALLL_nb_3950,0.5238881340667818
LLFGYPVYV_nb_10934,0.25308337163752964
LLDFVRFMGV_nb_3019,0.18993672162863262
GILGFVFTL_2268,0.7918201511518286
FLYALALLL_nb_8584,0.7466483904176078
LLFGYPVYV_nb_6642,0.7321673460981716
FLYALALLL_nb_4349,0.5942392670636406
ELAGIGILTV_nb_2212,0.8187557863825256
LLFGYPVYV_nb_10795,0.7619406110622793
LLDFVRFMGV_nb_3684,0.43213738122347134
ELAGIGILTV_nb_29,0.5515893904711193
GILGFVFTL_1270,0.8721670622099827
GILGFVFTL_nb_5086,0.49316107917186425
GLCTLVAML_nb_5400,0.7465148529914181
GLCTLVAML_nb_10273,0.37935942051655075
GILGFVFTL_nb_4968,0.6669219643628501
GLCTLVAML_nb_5632,0.5278675498149104
GILGFVFTL_1042,0.9355136723250456
GILGFVFTL_459,0.8867428204531485
GLCTLVAML_nb_10041,0.5241900248850422
GLCTLVAML_nb_1292,0.8677130845660324
FLYALALLL_nb_8917,0.7010740318346812
LLFGYPVYV_nb_11475,0.7440942106029853
GILGFVFTL_nb_9479,0.6978061988454173
ELAGIGILTV_nb_2020,0.4037359072585276
ELAGIGILTV_nb_7552,0.20820961056259688
GLCTLVAML_nb_5256,0.6177845596940281
GILGFVFTL_1426,0.9019842248267824
GILGFVFTL_nb_4702,0.22449694809217796
GLCTLVAML_160,0.8698908957394521
LLFGYPVYV_nb_6689,0.2604513389743521
GILGFVFTL_801,0.20088981185523802
GILGFVFTL_nb_1270,0.8912203484901292
FLYALALLL_nb_4382,0.8421249054912268
GLCTLVAML_nb_10425,0.6472349308443486
ELAGIGILTV_nb_2444,0.7965807139454251
LLFGYPVYV_nb_11011,0.7396745687678703
GILGFVFTL_3371,0.9141388705314888
ELAGIGILTV_1033,0.8723852097528979
GILGFVFTL_nb_9821,0.6705226244893352
ELAGIGILTV_nb_7136,0.675520236519345
ELAGIGILTV_nb_2676,0.5576196839122644
LLFGYPVYV_nb_11223,0.5011651374251698
FLYALALLL_nb_11740,0.4956669618775601
GILGFVFTL_3143,0.9092482416237011
ELAGIGILTV_nb_7304,0.16232199950367743
GILGFVFTL_1614,0.8827246896968012
GLCTLVAML_nb_5858,0.6238550297467591
GLCTLVAML_nb_10617,0.3612299133097078
GLCTLVAML_nb_1602,0.8512278633953994
FLYALALLL_nb_4376,0.6244489182400584
LLDFVRFMGV_nb_729,0.22013081020840472
LLDFVRFMGV_nb_3026,0.5576929648910038
GILGFVFTL_3385,0.8793439347442717
GILGFVFTL_2257,0.8418453524537698
ELAGIGILTV_nb_2682,0.5109708944381264
GILGFVFTL_2859,0.916828942628822
LLDFVRFMGV_nb_3214,0.7223627419468
FLYALALLL_nb_8789,0.22891817556064406
GILGFVFTL_2065,0.882358980825958
GLCTLVAML_nb_1430,0.6037166715733975
FLYALALLL_nb_4144,0.6854665480861581
GILGFVFTL_2401,0.9023473385303145
ELAGIGILTV_nb_332,0.555648174974798
LLDFVRFMGV_nb_8298,0.22152819255867556
LLDFVRFMGV_nb_3670,0.42776629689678747
GILGFVFTL_59,0.25035863427510235
GLCTLVAML_1827,0.4327264481776087
FLYALALLL_nb_1052,0.6766631173981796
GILGFVFTL_1284,0.7960078009431488
GILGFVFTL_nb_5072,0.5927844847727
GLCTLVAML_nb_10287,0.7169629634624164
LLFGYPVYV_nb_6817,0.6840325850971045
FLYALALLL_nb_4520,0.17714554456815515
LLFGYPVYV_nb_6219,0.21878514516552097
LLFGYPVYV_nb_11481,0.21753666170327857
FLYALALLL_nb_747,0.8527061522501926
GILGFVFTL_2633,0.8530755181340559
ELAGIGILTV_nb_100,0.4814331165800687
GLCTLVAML_nb_6043,0.8244237177150227
LLFGYPVYV_nb_1800,0.6880085258208164
LLDFVRFMGV_nb_3442,0.20171179640956877
ELAGIGILTV_nb_7506,0.614190205585629
GILGFVFTL_2693,0.9034948146685149
ELAGIGILTV_nb_2848,0.7674024941845075
LLFGYPVYV_nb_11421,0.7718647989238074
FLYALALLL_nb_8943,0.688668084699251
ELAGIGILTV_nb_2074,0.8210744237853367
GILGFVFTL_1016,0.9355136723250456
GLCTLVAML_nb_5666,0.8153259025248305
GLCTLVAML_nb_10227,0.8108737291684094
FLYALALLL_nb_4580,0.7455314533025879
GLCTLVAML_nb_5454,0.6570985467260754
LLDFVRFMGV_nb_8238,0.19075442398629583
ELAGIGILTV_nb_2246,0.6852572045467505
GLCTLVAML_nb_1490,0.7772972911342715
GLCTLVAML_nb_10643,0.5858393271503746
GILGFVFTL_1640,0.8957886345328829
ELAGIGILTV_3502,0.5707987736077403
ELAGIGILTV_nb_7350,0.7892781781107441
ELAGIGILTV_1255,0.7919104942733173
FLYALALLL_nb_8729,0.19036528179351048
ELAGIGILTV_nb_2622,0.7083574730082118
LLFGYPVYV_nb_11277,0.5239594335388965
FLYALALLL_nb_11714,0.3046235991529979
LLDFVRFMGV_nb_3086,0.39148418446412825
GILGFVFTL_3325,0.8990084414914711
GILGFVFTL_nb_9875,0.2592976855558369
ELAGIGILTV_nb_7162,0.8650673837582894
ELAGIGILTV_nb_2410,0.2528381793773741
LLFGYPVYV_nb_11045,0.44457397096193685
LLDFVRFMGV_nb_2968,0.7205762436136156
GILGFVFTL_nb_1224,0.684540470720332
GLCTLVAML_nb_10471,0.5074581923185149
GILGFVFTL_1472,0.876741371726519
GLCTLVAML_nb_5202,0.6881387110376326
GILGFVFTL_855,0.8833880625867944
GILGFVFTL_nb_4756,0.7895346775830692
GLCTLVAML_nb_1464,0.40040976405998047
FLYALALLL_nb_4110,0.831394813319525
FLYALALLL_nb_979,0.36003815207176676
LLDFVRFMGV_nb_3240,0.6518237284580789
GILGFVFTL_2031,0.5258823729082029
LLFGYPVYV_nb_11283,0.6653314373011042
LLDFVRFMGV_nb_3072,0.221861067481034
ELAGIGILTV_nb_7196,0.47840643466539856
GILGFVFTL_nb_9881,0.1375426579805039
GILGFVFTL_2203,0.8960485688118922
LLFGYPVYV_3456,0.24865839223012792
FLYALALLL_nb_4322,0.7644622401181177
GLCTLVAML_nb_10485,0.5767347007353172
LLFGYPVYV_nb_6629,0.811778265604836
GLCTLVAML_nb_6017,0.6607479914752091
GILGFVFTL_2667,0.8744278492919022
ELAGIGILTV_nb_154,0.7087039676206036
LLDFVRFMGV_nb_3416,0.5307110141487377
LLFGYPVYV_nb_1854,0.749795635333199
FLYALALLL_nb_9059,0.5324752355727775
ELAGIGILTV_nb_2080,0.850483407427547
GLCTLVAML_nb_5692,0.3313774489991892
LLFGYPVYV_nb_6843,0.809852125425228
FLYALALLL_nb_4574,0.6140008495904112
FLYALALLL_nb_1006,0.8537552021977648
ELAGIGILTV_nb_89,0.40105665998481255
GILGFVFTL_nb_5026,0.6059990985085908
GILGFVFTL_2455,0.1914627896077033
ELAGIGILTV_nb_366,0.8143371578465565
LLDFVRFMGV_nb_3624,0.7199936979928925
FLYALALLL_1071,0.8314779185934992
GILGFVFTL_nb_4769,0.5114987232553707
LLDFVRFMGV_nb_8451,0.7280481857310639
LLFGYPVYV_nb_10994,0.4238281415235874
FLYALALLL_nb_8524,0.27975235097404044
LLDFVRFMGV_nb_2957,0.2155614684173417
GILGFVFTL_3128,0.896249991828687
FLYALALLL_nb_8716,0.8213322610016863
LLDFVRFMGV_nb_584,0.7859793270139368
GILGFVFTL_nb_9244,0.8902001443523102
LLFGYPVYV_nb_11248,0.21561508999105033
GLCTLVAML_nb_5833,0.3022395529126656
GILGFVFTL_264,0.840242822289792
LLDFVRFMGV_nb_8207,0.5253198734721952
GILGFVFTL_nb_9620,0.4820677101145375
ELAGIGILTV_nb_2279,0.6291724250165487
LLFGYPVYV_nb_6888,0.6653987290330554
GILGFVFTL_nb_4903,0.6408658710991291
GLCTLVAML_nb_10218,0.5240499351963741
ELAGIGILTV_nb_11592,0.39936705522830046
ELAGIGILTV_nb_42,0.7700572531338745
GILGFVFTL_432,0.8523831032751079
GILGFVFTL_1815,0.8928297555794187
LLFGYPVYV_nb_6286,0.5933890108286393
GLCTLVAML_nb_5659,0.8515226562998086
ELAGIGILTV_nb_7539,0.2692146070551977
FLYALALLL_1288,0.7588538628005116
ELAGIGILTV_nb_2877,0.7042608435635684
LLDFVRFMGV_nb_8035,0.6872907763671534
FLYALALLL_nb_9092,0.6588089595047475
LLDFVRFMGV_nb_7841,0.7287207113685548
GILGFVFTL_nb_9412,0.5752438137937768
ELAGIGILTV_nb_359,0.6548727192516711
GILGFVFTL_32,0.8905183505288495
ELAGIGILTV_nb_11566,0.23490783170982066
FLYALALLL_nb_1039,0.6688532702783381
GILGFVFTL_nb_5019,0.2461776643371526
LLFGYPVYV_nb_6272,0.14245678140722873
GLCTLVAML_nb_6028,0.2347201887768477
ELAGIGILTV_nb_2883,0.12661824233555696
LLDFVRFMGV_nb_3429,0.27431784858953856
FLYALALLL_nb_9066,0.697135692514137
FLYALALLL_nb_8988,0.6668006156134635
LLFGYPVYV_nb_6616,0.6026383975507386
LLFGYPVYV_nb_10960,0.8107150470970752
FLYALALLL_nb_3904,0.6160437201712855
FLYALALLL_nb_946,0.7189828198042416
GLCTLVAML_1414,0.7997044401343217
LLDFVRFMGV_nb_570,0.2090513085346244
GLCTLVAML_nb_10688,0.7694675732765579
GILGFVFTL_290,0.9007038448376903
LLFGYPVYV_nb_6424,0.6399692375544022
LLFGYPVYV_nb_6844,0.7752663839651579
FLYALALLL_nb_4573,0.8522705246080837
FLYALALLL_nb_1001,0.868342292956674
LLFGYPVYV_nb_6078,0.7760256522136404
GILGFVFTL_nb_5021,0.26927973943564704
ELAGIGILTV_nb_361,0.831996509232149
GILGFVFTL_2452,0.20170470128966375
LLDFVRFMGV_nb_3623,0.6593963133995723
GILGFVFTL_nb_10008,0.9074754506342471
ELAGIGILTV_nb_153,0.7375923746683137
GILGFVFTL_2660,0.9218323577161006
GLCTLVAML_nb_6010,0.43736724428842294
LLFGYPVYV_nb_1853,0.7481944402924523
LLDFVRFMGV_nb_3411,0.8402450341485143
ELAGIGILTV_nb_2087,0.679828829101671
GLCTLVAML_nb_5695,0.6695145197922825
LLFGYPVYV_nb_10958,0.7842611260100087
LLDFVRFMGV_nb_3075,0.6640549566835448
GILGFVFTL_2204,0.5681399258055644
ELAGIGILTV_nb_7191,0.5973517761293188
GILGFVFTL_nb_9886,0.6371558467178887
ELAGIGILTV_1094,0.6869747401882598
LLFGYPVYV_3451,0.8015006285071784
FLYALALLL_nb_4325,0.8301337329359681
GLCTLVAML_nb_10482,0.643655169530922
GILGFVFTL_1481,0.198984011957764
FLYALALLL_nb_4117,0.7513840248578246
GLCTLVAML_nb_1463,0.46552363259201485
LLDFVRFMGV_nb_3247,0.7677721920362237
GILGFVFTL_2036,0.8486397959749603
LLDFVRFMGV_nb_548,0.32734682558244166
LLFGYPVYV_nb_11284,0.35650886547517663
GILGFVFTL_nb_9288,0.5130655541786983
GILGFVFTL_3322,0.1232763926517136
LLDFVRFMGV_nb_3081,0.2684830318014734
GILGFVFTL_nb_11778,0.5024895863292382
GILGFVFTL_nb_9872,0.6070158066223136
ELAGIGILTV_nb_7165,0.669256798661475
ELAGIGILTV_nb_2417,0.34924396870682317
LLFGYPVYV_nb_11042,0.7362876218703914
GILGFVFTL_nb_1223,0.6985780416319676
GLCTLVAML_nb_10476,0.4387382384328986
GLCTLVAML_nb_5205,0.20942470572135574
GILGFVFTL_1475,0.6471914116097053
GILGFVFTL_nb_4751,0.8081661118604557
GLCTLVAML_nb_1497,0.8305559536327936
GLCTLVAML_nb_10644,0.18370768963003253
GILGFVFTL_1647,0.858645501860848
ELAGIGILTV_3505,0.8627366928223738
ELAGIGILTV_nb_7357,0.47970558402742003
LLDFVRFMGV_977,0.5335143989357481
ELAGIGILTV_nb_2625,0.33792795262628633
FLYALALLL_nb_11713,0.5722466210221465
LLFGYPVYV_nb_11270,0.18784482058661478
GLCTLVAML_nb_10220,0.742640210803334
GILGFVFTL_638,0.8721034778658314
FLYALALLL_nb_4587,0.8398030828732992
GILGFVFTL_1223,0.6518932961615869
GLCTLVAML_nb_5453,0.6268255885480882
GILGFVFTL_nb_9618,0.7054939569246319
ELAGIGILTV_nb_2241,0.8292127577445636
GILGFVFTL_2694,0.8432068818014555
ELAGIGILTV_nb_7501,0.737320758755677
LLDFVRFMGV_nb_7879,0.25712913056219616
LLFGYPVYV_nb_11426,0.627251806680098
FLYALALLL_nb_8944,0.5676752096776482
ELAGIGILTV_nb_2073,0.47859403475715656
GLCTLVAML_nb_5661,0.5342733745867314
GILGFVFTL_1011,0.45602809280885925
LLDFVRFMGV_nb_3278,0.6556629186761749
FLYALALLL_nb_941,0.8324691469897463
GILGFVFTL_2009,0.9132916870088095
LLDFVRFMGV_nb_577,0.5200602196682782
GLCTLVAML_1413,0.4327264481776087
GILGFVFTL_2835,0.49761580117313986
FLYALALLL_nb_4128,0.7691756770317371
GILGFVFTL_297,0.9039723289228427
LLFGYPVYV_nb_6423,0.6502680475405609
GLCTLVAML_3176,0.17163932622147732
FLYALALLL_3148,0.47277799735015064
LLFGYPVYV_nb_6611,0.5292943428783817
GLCTLVAML_2898,0.1920191215042666
LLFGYPVYV_nb_10967,0.2649245415747964
FLYALALLL_nb_3903,0.7490380576282368
LLFGYPVYV_nb_11089,0.7959258007203668
LLFGYPVYV_nb_6275,0.6006355248619359
FLYALALLL_nb_9061,0.8105804522403357
ELAGIGILTV_nb_2884,0.7422589774290729
GILGFVFTL_35,0.770040299178875
ELAGIGILTV_nb_11561,0.5535555205674608
GLCTLVAML_nb_5498,0.3415214107527749
GILGFVFTL_435,0.43741936838488465
GILGFVFTL_1812,0.6655747413913835
LLFGYPVYV_nb_6281,0.48952373213171063
LLDFVRFMGV_1010,0.4830111469778626
ELAGIGILTV_nb_198,0.46924694589685495
LLFGYPVYV_nb_1898,0.652175803213292
LLDFVRFMGV_nb_7846,0.22876850020308837
FLYALALLL_nb_9095,0.7605957963297392
LLDFVRFMGV_nb_8032,0.2409268135960413
ELAGIGILTV_nb_2870,0.42638465061347686
GILGFVFTL_nb_9415,0.49849719964403283
LLFGYPVYV_nb_11419,0.2144024953448045
GILGFVFTL_2499,0.8989800747264555
LLDFVRFMGV_nb_8200,0.6548342295357368
GILGFVFTL_nb_9627,0.6718652012949955
GILGFVFTL_607,0.3549628393960526
GILGFVFTL_nb_4904,0.664803232587981
ELAGIGILTV_nb_11595,0.18151308175593522
ELAGIGILTV_nb_45,0.6257737526574526
ELAGIGILTV_nb_7368,0.30554183165983634
FLYALALLL_nb_8711,0.7248670314692582
LLDFVRFMGV_nb_583,0.15589490720279756
GILGFVFTL_nb_9243,0.7080546585964864
GLCTLVAML_nb_5834,0.6667417807831775
GILGFVFTL_263,0.9214725692579363
GILGFVFTL_1678,0.9214881976588694
GLCTLVAML_3182,0.34140485046776703
GLCTLVAML_nb_10449,0.788923613251719
LLFGYPVYV_nb_10993,0.7562791846647204
LLDFVRFMGV_nb_8456,0.5520716659042011
FLYALALLL_nb_8523,0.45946083909089547
ELAGIGILTV_nb_2428,0.3155760259054382
LLDFVRFMGV_nb_2950,0.40087608648421064
FLYALALLL_nb_4313,0.7115243288198558
LLFGYPVYV_nb_6618,0.8182678651124452
GILGFVFTL_nb_4793,0.5642775666209225
GILGFVFTL_2232,0.9081615332092672
LLDFVRFMGV_nb_3043,0.844545827683119
LLFGYPVYV_nb_11080,0.7090816730800241
GLCTLVAML_1628,0.4327264481776087
ELAGIGILTV_nb_7395,0.3672651025616442
GILGFVFTL_2000,0.45562517388153256
LLDFVRFMGV_nb_3271,0.2142261241106795
FLYALALLL_nb_948,0.8567149938276417
GLCTLVAML_nb_10686,0.5246234815582784
FLYALALLL_nb_4121,0.5603600686523609
GLCTLVAML_nb_1455,0.23350384921902745
GILGFVFTL_1685,0.8742834912574227
LLDFVRFMGV_nb_3615,0.849042584663176
GLCTLVAML_1842,0.5479148842065029
ELAGIGILTV_nb_357,0.5152564950387255
GILGFVFTL_2464,0.8739018742537952
ELAGIGILTV_nb_2283,0.4004632948738476
FLYALALLL_nb_4545,0.7392330150364497
LLFGYPVYV_nb_6872,0.6537404810594882
GILGFVFTL_nb_5017,0.79968589141588
GLCTLVAML_nb_5491,0.7443542007022175
FLYALALLL_nb_1037,0.7346611429385863
ELAGIGILTV_nb_11568,0.5802697233244444
FLYALALLL_nb_9068,0.5588374569189607
LLFGYPVYV_nb_1865,0.5606809190360116
LLDFVRFMGV_nb_3427,0.25781685834079837
ELAGIGILTV_nb_165,0.739422311001105
GILGFVFTL_2656,0.818371301562288
GLCTLVAML_nb_6026,0.13511356698846427
FLYALALLL_nb_8986,0.5346474891848364
LLDFVRFMGV_nb_8209,0.39725682524720085
ELAGIGILTV_nb_7705,0.2561607131697703
GILGFVFTL_2490,0.9049718395263969
ELAGIGILTV_nb_2277,0.25820294781944647
GLCTLVAML_nb_10216,0.47049646155903835
LLFGYPVYV_nb_6886,0.7800773041176181
GILGFVFTL_1215,0.8932860654025264
GLCTLVAML_nb_5465,0.6632236223021291
GLCTLVAML_nb_10024,0.36545823159936386
GLCTLVAML_nb_5657,0.7647937963155753
LLFGYPVYV_nb_6288,0.20798631330649867
LLFGYPVYV_nb_1891,0.6534190568628684
ELAGIGILTV_nb_2879,0.6420466671454912
ELAGIGILTV_nb_191,0.4536611255401837
ELAGIGILTV_nb_7537,0.7336650222990531
ELAGIGILTV_nb_2045,0.44695335333215225
FLYALALLL_nb_8972,0.8431449453220619
LLFGYPVYV_nb_11410,0.2392493278134628
GLCTLVAML_939,0.8485002681242868
GLCTLVAML_nb_10440,0.4277638983281366
GILGFVFTL_nb_1215,0.4809763861961053
GILGFVFTL_nb_4767,0.24866999235048498
GILGFVFTL_864,0.7951896357367876
GLCTLVAML_nb_5233,0.17122946670801945
GILGFVFTL_1443,0.6496242635258033
GILGFVFTL_nb_9844,0.4633479009830645
ELAGIGILTV_nb_7153,0.6113939055556284
GILGFVFTL_3314,0.17857406713188018
LLDFVRFMGV_nb_2959,0.8818739172195277
LLFGYPVYV_nb_11074,0.7489900266917107
ELAGIGILTV_nb_2421,0.566963420077604
ELAGIGILTV_nb_7361,0.2909148620452696
FLYALALLL_nb_8718,0.7720453133250267
GILGFVFTL_3126,0.6202813506115727
LLDFVRFMGV_nb_3285,0.6063426380898649
FLYALALLL_nb_11725,0.2548314421918803
LLFGYPVYV_nb_11246,0.7824766244423838
ELAGIGILTV_nb_2613,0.850483407427547
GLCTLVAML_nb_10672,0.5720914956013758
GILGFVFTL_1671,0.6295127769909202
LLDFVRFMGV_nb_7884,0.2164296756335588
FLYALALLL_nb_9057,0.15988748117671925
LLDFVRFMGV_nb_3418,0.6505118634797593
GLCTLVAML_nb_6019,0.7462916985626552
LLFGYPVYV_nb_6243,0.6683664966474344
ELAGIGILTV_nb_87,0.38327338826835067
GILGFVFTL_nb_5028,0.787671153265411
FLYALALLL_nb_1008,0.8128235979886379
LLFGYPVYV_nb_6071,0.7850611330308285
GILGFVFTL_nb_10001,0.756865258750679
ELAGIGILTV_nb_368,0.29141651007338987
ELAGIGILTV_286,0.8662220643867543
LLFGYPVYV_nb_6415,0.7905374156316656
FLYALALLL_nb_977,0.6295136066608804
GILGFVFTL_nb_9281,0.35743953692449415
GILGFVFTL_2803,0.6283888417468314
LLDFVRFMGV_nb_541,0.8344429737204011
GILGFVFTL_nb_11785,0.7203555999228387
ELAGIGILTV_nb_7198,0.7038539770081348
LLFGYPVYV_nb_10951,0.4833146628903805
LLDFVRFMGV_nb_2992,0.5712987932613116
FLYALALLL_nb_3935,0.7986320625745468
LLFGYPVYV_nb_6627,0.7501219154117802
GILGFVFTL_1488,0.3512586304077633
GLCTLVAML_nb_5802,0.6668791218276979
FLYALALLL_nb_8727,0.7768140683948905
GILGFVFTL_3119,0.9214725692579363
FLYALALLL_nb_983,0.6970865647259996
GILGFVFTL_nb_9275,0.45731605128479286
LLFGYPVYV_nb_11279,0.2542442870068629
GILGFVFTL_nb_11771,0.754531969769183
FLYALALLL_nb_8515,0.38532066824113054
LLDFVRFMGV_nb_3088,0.2264092342514787
LLDFVRFMGV_nb_8460,0.720947728307324
LLDFVRFMGV_nb_2966,0.49338218316191884
GILGFVFTL_nb_4758,0.7812748787481709
LLDFVRFMGV_nb_7870,0.7568491536921644
LLDFVRFMGV_nb_8004,0.7282672320158283
ELAGIGILTV_nb_2846,0.6109205804659272
ELAGIGILTV_nb_7508,0.8014531050435928
GILGFVFTL_nb_9423,0.6731518574256535
LLFGYPVYV_763,0.3320681666852804
GILGFVFTL_1824,0.20813893226091196
GILGFVFTL_403,0.9008477121587981
GLCTLVAML_nb_5668,0.6745302697296599
GILGFVFTL_1018,0.8196021387383086
ELAGIGILTV_616,0.8556129194737897
GILGFVFTL_631,0.8847057749517289
GLCTLVAML_nb_10229,0.5435885937081215
GILGFVFTL_nb_4932,0.7041701473247419
ELAGIGILTV_nb_73,0.5894512931247307
LLFGYPVYV_nb_6085,0.7704878303962831
LLDFVRFMGV_nb_8236,0.697921550507786
ELAGIGILTV_nb_2248,0.6109205804659272
GILGFVFTL_nb_9611,0.23121114424807976
ELAGIGILTV_nb_7366,0.815839999243813
LLDFVRFMGV_nb_3282,0.4561732338306339
GILGFVFTL_3121,0.9086487945575419
LLFGYPVYV_nb_11241,0.2669130759123203
FLYALALLL_nb_11722,0.6064050170600848
ELAGIGILTV_nb_2614,0.3084903058874744
GLCTLVAML_nb_10675,0.662012288775057
GILGFVFTL_1676,0.8522260396748687
GLCTLVAML_nb_10447,0.7056622094835583
GILGFVFTL_nb_1212,0.5130558256955033
GILGFVFTL_863,0.5310427492911394
GILGFVFTL_nb_4760,0.481812936564934
ELAGIGILTV_844,0.7539417809575159
GILGFVFTL_1444,0.9142604548611377
GLCTLVAML_nb_5234,0.5188025052905499
GILGFVFTL_nb_9843,0.41229980580922476
ELAGIGILTV_nb_7154,0.3721234654507364
LLDFVRFMGV_nb_8458,0.2607056198014275
LLFGYPVYV_nb_11073,0.5723532804727489
ELAGIGILTV_nb_2426,0.4302066418039432
GLCTLVAML_nb_10023,0.18346153482533645
GILGFVFTL_1020,0.858192417942033
GLCTLVAML_nb_5650,0.7240613698640379
LLFGYPVYV_nb_1896,0.38648899610539045
LLDFVRFMGV_nb_7848,0.7579136722567341
ELAGIGILTV_nb_7530,0.4604697577584067
ELAGIGILTV_nb_196,0.5973176297944827
ELAGIGILTV_nb_2042,0.8277581418379749
FLYALALLL_nb_8975,0.7407128204983153
LLFGYPVYV_nb_11417,0.6225551660616367
GILGFVFTL_2497,0.891284776695969
ELAGIGILTV_nb_7702,0.7399742979362929
ELAGIGILTV_nb_2270,0.6515894774798993
GILGFVFTL_nb_9629,0.7156152564003164
LLFGYPVYV_nb_6881,0.6851944056720446
GILGFVFTL_609,0.19399839655288878
GLCTLVAML_nb_10211,0.8422525307043183
GLCTLVAML_nb_5462,0.591019089386212
GILGFVFTL_1212,0.24056527545516448
LLDFVRFMGV_nb_3420,0.4862425406911602
LLFGYPVYV_nb_1862,0.5728557618849779
GLCTLVAML_nb_6021,0.5342733745867314
GILGFVFTL_2651,0.8274506219673335
ELAGIGILTV_nb_162,0.902734519885887
FLYALALLL_nb_8981,0.2716766394649297
LLDFVRFMGV_nb_3612,0.28826545600879727
GILGFVFTL_2463,0.9152240166104189
ELAGIGILTV_nb_350,0.7614732280757069
ELAGIGILTV_nb_2284,0.5683657558091492
FLYALALLL_nb_4542,0.45261869852385606
LLFGYPVYV_nb_6875,0.47223404997238333
GLCTLVAML_nb_5496,0.6059140989429478
GILGFVFTL_nb_5010,0.7598173696756754
FLYALALLL_nb_1030,0.7235193454016495
GILGFVFTL_2007,0.25641604972799636
ELAGIGILTV_nb_7392,0.36813768946441744
LLDFVRFMGV_nb_3276,0.45847450854057775
LLDFVRFMGV_nb_579,0.3750467513539532
GILGFVFTL_299,0.8945256064335264
GLCTLVAML_nb_10681,0.4227932515698924
GLCTLVAML_nb_1452,0.5816849370489705
FLYALALLL_nb_4126,0.8787217833543504
GILGFVFTL_1682,0.5605009051484846
FLYALALLL_nb_4314,0.7825179427605821
GILGFVFTL_897,0.9355136723250456
GLCTLVAML_2896,0.824152749107678
GILGFVFTL_nb_4794,0.7303975252491646
GILGFVFTL_2235,0.7557139976545656
LLDFVRFMGV_nb_3044,0.2281669256598447
LLFGYPVYV_nb_10969,0.23600025016492188
LLFGYPVYV_nb_11087,0.7722571914380305
FLYALALLL_nb_4589,0.6533568825956328
GILGFVFTL_nb_4935,0.46900728695782484
GILGFVFTL_636,0.4072115421118117
ELAGIGILTV_nb_74,0.7206560586248868
LLFGYPVYV_nb_6082,0.7355975077741963
LLDFVRFMGV_nb_8231,0.2686137318469769
GILGFVFTL_nb_9616,0.19326588135944323
ELAGIGILTV_nb_2841,0.24318759581264693
LLDFVRFMGV_nb_8003,0.5126636763890204
LLDFVRFMGV_nb_7877,0.6621705738773176
LLFGYPVYV_764,0.5002369397766758
GILGFVFTL_nb_9424,0.738098135346511
LLFGYPVYV_nb_11428,0.6161474758561559
ELAGIGILTV_423,0.8243224492152447
FLYALALLL_nb_8512,0.6555984114496823
GILGFVFTL_nb_11776,0.8545608346602993
LLDFVRFMGV_nb_2961,0.6603679794741938
ELAGIGILTV_nb_2419,0.6395745036364375
GLCTLVAML_nb_10478,0.26228018907831985
GLCTLVAML_nb_5805,0.6537284044961837
GLCTLVAML_3381,0.699615251020138
ELAGIGILTV_275,0.8053355771820442
GLCTLVAML_nb_1499,0.47072153492611735
GILGFVFTL_1649,0.8991019911391256
ELAGIGILTV_nb_7359,0.29145060964436553
FLYALALLL_nb_8720,0.445456418337552
FLYALALLL_nb_984,0.8084898070255783
GILGFVFTL_nb_9272,0.7687581142657337
GILGFVFTL_nb_9888,0.2733460872747722
GILGFVFTL_nb_11782,0.8408454492164446
LLFGYPVYV_nb_10956,0.7577710841928422
FLYALALLL_nb_3932,0.5673934673521277
LLDFVRFMGV_nb_2995,0.7769825709084598
LLFGYPVYV_nb_6620,0.4837610263693648
FLYALALLL_nb_4119,0.7370355866814247
LLFGYPVYV_nb_6412,0.7728811978254155
GILGFVFTL_2038,0.9054462625387772
FLYALALLL_nb_970,0.3133100207872295
LLDFVRFMGV_nb_3249,0.5399569089458607
GILGFVFTL_2804,0.7913477748371414
GILGFVFTL_nb_9286,0.4360244036851584
LLDFVRFMGV_nb_546,0.8368306514023489
ELAGIGILTV_nb_80,0.8405728816543676
LLFGYPVYV_nb_6076,0.6906546096312758
GILGFVFTL_nb_10006,0.8885459612446888
FLYALALLL_nb_9050,0.7258318422895786
LLDFVRFMGV_nb_7883,0.8734609986146681
ELAGIGILTV_nb_2089,0.8042805288544028
LLFGYPVYV_nb_6244,0.577825793360993
LLFGYPVYV_nb_6104,0.8401741303019556
ELAGIGILTV_2907,0.7135693665869096
LLFGYPVYV_nb_6938,0.7576092970033469
GILGFVFTL_nb_9790,0.8580277501767422
ELAGIGILTV_20,0.8342380074639189
FLYALALLL_nb_9122,0.3094919852788094
LLDFVRFMGV_nb_8185,0.8635970253238905
ELAGIGILTV_nb_7489,0.27590677140943654
GLCTLVAML_nb_11874,0.2558586256709282
GILGFVFTL_1199,0.9086594751422217
LLFGYPVYV_nb_6336,0.6709353281667736
ELAGIGILTV_nb_11610,0.2357212591988327
GLCTLVAML_nb_1349,0.23942421880027961
GILGFVFTL_582,0.925681906668817
FLYALALLL_nb_3840,0.29213962992761705
LLDFVRFMGV_nb_606,0.6974671379148911
GILGFVFTL_2378,0.7314244804802671
FLYALALLL_nb_8494,0.8110997786799183
LLFGYPVYV_nb_10824,0.8015141906137593
LLDFVRFMGV_nb_3109,0.8104137448461541
LLFGYPVYV_nb_6752,0.5460729688590116
LLDFVRFMGV_nb_11652,0.8268308014810966
FLYALALLL_nb_4259,0.5720270440249684
LLFGYPVYV_nb_6560,0.1634836613887744
GILGFVFTL_nb_1199,0.7714906214628792
GLCTLVAML_nb_5983,0.8512278633953994
GILGFVFTL_2976,0.8990179003386177
LLDFVRFMGV_nb_434,0.8815761374335841
LLFGYPVYV_nb_1745,0.6779346349019416
GILGFVFTL_3098,0.5429464960516015
FLYALALLL_nb_802,0.10539348450518093
GLCTLVAML_1796,0.7883987565102806
LLFGYPVYV_nb_11902,0.30617958360835723
ELAGIGILTV_nb_7019,0.5725819590954587
GLCTLVAML_nb_5379,0.5342733745867314
GILGFVFTL_1509,0.8975742203373795
ELAGIGILTV_909,0.2484918206407239
GILGFVFTL_112,0.9062786130198575
ELAGIGILTV_3479,0.8470130926238533
LLFGYPVYV_nb_6594,0.7090719657225071
GLCTLVAML_nb_10738,0.3764582520610514
GILGFVFTL_320,0.9296424877214784
GLCTLVAML_nb_5977,0.828999212766109
GILGFVFTL_nb_9300,0.8657169615953553
GILGFVFTL_2982,0.8310920999354678
ELAGIGILTV_nb_2759,0.7667988682089513
FLYALALLL_nb_8652,0.6611865025314299
GILGFVFTL_744,0.7398286779960871
GILGFVFTL_nb_4847,0.7232408091122071
GILGFVFTL_nb_9764,0.4668514059717931
LLDFVRFMGV_nb_8343,0.6414503602267512
FLYALALLL_nb_8838,0.78210849164932
GILGFVFTL_nb_9556,0.6965403305965029
LLDFVRFMGV_nb_7905,0.5979515776426066
LLDFVRFMGV_nb_8171,0.6578392139325668
LLDFVRFMGV_nb_3599,0.6689408005500372
GLCTLVAML_nb_11880,0.19807223034523697
GILGFVFTL_1951,0.8749672902492004
GILGFVFTL_2949,0.9217040576144387
ELAGIGILTV_nb_2792,0.6181996571064884
FLYALALLL_nb_8699,0.5289361571228881
GILGFVFTL_2175,0.671850294626249
LLDFVRFMGV_nb_3304,0.5959073568755896
GLCTLVAML_nb_1520,0.759421618171656
FLYALALLL_nb_4054,0.24940796404072732
FLYALALLL_nb_4266,0.2895165204690964
LLDFVRFMGV_nb_639,0.615380129185713
GILGFVFTL_2347,0.8936231545828244
LLDFVRFMGV_nb_3136,0.8132246726009605
GILGFVFTL_3295,0.9254753945506852
LLFGYPVYV_nb_6309,0.7648828230623864
GLCTLVAML_nb_1376,0.8512278633953994
FLYALALLL_nb_4602,0.43622535078216257
LLFGYPVYV_nb_1910,0.6826685428573553
LLDFVRFMGV_nb_3552,0.41599631432803286
GILGFVFTL_2723,0.47423861327881345
LLDFVRFMGV_nb_8388,0.31462272851003314
LLDFVRFMGV_nb_3760,0.6838966422599431
ELAGIGILTV_nb_7684,0.5015945656586943
GILGFVFTL_2511,0.8919984880737362
ELAGIGILTV_nb_222,0.4324612855723228
GILGFVFTL_nb_5162,0.46728120140903956
GILGFVFTL_1394,0.2614649009787007
FLYALALLL_nb_4430,0.15574128905265763
GLCTLVAML_nb_10397,0.42939287279899774
LLFGYPVYV_nb_6907,0.7588871600365132
GLCTLVAML_nb_5722,0.7833510170123488
GILGFVFTL_1152,0.46112235603381607
GLCTLVAML_nb_1382,0.1986471798027863
GILGFVFTL_549,0.8986052703129674
GLCTLVAML_nb_10151,0.6475295947693519
ELAGIGILTV_nb_2130,0.8304204902713797
FLYALALLL_nb_8807,0.2646516946906131
GILGFVFTL_nb_9569,0.6089176713900938
ELAGIGILTV_nb_7442,0.2360492652059848
ELAGIGILTV_nb_2302,0.7893158008762331
LLDFVRFMGV_nb_3794,0.6559204025927201
ELAGIGILTV_nb_7670,0.3994090333405791
GILGFVFTL_nb_5196,0.5413273777740583
GILGFVFTL_1360,0.903529879544908
GLCTLVAML_nb_5510,0.6593872713630706
GLCTLVAML_nb_10363,0.7062135656931783
GILGFVFTL_nb_4878,0.4880563502778516
LLFGYPVYV_nb_11333,0.30768054122490796
ELAGIGILTV_nb_2766,0.46628483594290826
LLDFVRFMGV_nb_7750,0.6526648795574908
ELAGIGILTV_nb_7214,0.1666509983483241
GILGFVFTL_2181,0.9111047657857944
ELAGIGILTV_3446,0.9002340918619274
GILGFVFTL_1704,0.886816350509003
GLCTLVAML_nb_10707,0.4088571332050853
GLCTLVAML_nb_5948,0.37362392657951776
GILGFVFTL_nb_1152,0.44431300316827627
LLFGYPVYV_nb_6799,0.5604694851195271
GILGFVFTL_911,0.9023526685731784
GLCTLVAML_nb_5346,0.49695780569147546
GILGFVFTL_1536,0.8358119495519802
GLCTLVAML_nb_10535,0.6259147991247873
LLFGYPVYV_nb_11101,0.2616804661399666
ELAGIGILTV_nb_2554,0.5557369912528684
ELAGIGILTV_nb_7026,0.43056767716626815
GILGFVFTL_nb_9931,0.6875371181027684
GILGFVFTL_3261,0.5876052491253067
ELAGIGILTV_nb_2108,0.37286299065145817
GILGFVFTL_nb_9551,0.6761762234541967
LLDFVRFMGV_nb_8176,0.6113080604289287
LLDFVRFMGV_nb_7902,0.6454462163987009
GLCTLVAML_nb_11887,0.6477910871200835
GILGFVFTL_1956,0.38425603792344293
GILGFVFTL_571,0.9195078323902062
GLCTLVAML_nb_10169,0.7978397859676001
GLCTLVAML_nb_5528,0.7398346838736269
GILGFVFTL_1358,0.9311254074471915
GILGFVFTL_nb_4840,0.15223127350430635
GILGFVFTL_nb_9763,0.8557089916790717
LLDFVRFMGV_nb_8344,0.3118746607547296
ELAGIGILTV_nb_7648,0.8109967761491277
LLFGYPVYV_nb_6593,0.7495746101255274
GLCTLVAML_nb_5970,0.6811993946429011
FLYALALLL_nb_4098,0.5565671926789257
GILGFVFTL_2985,0.3375811374828813
GILGFVFTL_nb_9307,0.703995007714301
LLDFVRFMGV_nb_7768,0.19090558407117547
FLYALALLL_nb_8655,0.6652806407208116
LLFGYPVYV_nb_11139,0.26404531091599376
FLYALALLL_nb_8467,0.5822101489941076
LLFGYPVYV_nb_11905,0.5373193108877343
GILGFVFTL_nb_9909,0.36218561655921133
GILGFVFTL_115,0.7105342844387561
GLCTLVAML_874,0.20025172741842123
LLFGYPVYV_nb_6567,0.3339988056288139
GLCTLVAML_nb_5984,0.5822908893962192
GLCTLVAML_nb_1518,0.7193618608780359
GILGFVFTL_2971,0.3501432407903397
LLFGYPVYV_nb_1742,0.6394734310499032
LLDFVRFMGV_nb_433,0.8032000127168848
FLYALALLL_nb_805,0.7519151722545502
FLYALALLL_nb_3847,0.16948682265986995
LLDFVRFMGV_nb_601,0.6081611048325941
ELAGIGILTV_nb_2598,0.6503817839876891
FLYALALLL_nb_8493,0.7890672169247684
LLFGYPVYV_nb_10823,0.685939398403887
LLFGYPVYV_nb_6755,0.1729595528617051
LLDFVRFMGV_nb_11655,0.6296617481163767
LLDFVRFMGV_nb_8182,0.6610947172544777
LLFGYPVYV_nb_1928,0.7021010672233114
FLYALALLL_nb_9125,0.22200486070666797
GLCTLVAML_nb_11873,0.3131275327424732
ELAGIGILTV_nb_11617,0.5901898063068282
LLFGYPVYV_nb_6331,0.528476621647944
LLFGYPVYV_nb_6103,0.5046439441787296
ELAGIGILTV_790,0.8766073424103792
FLYALALLL_nb_4408,0.7649962863820112
GLCTLVAML_1133,0.8938779316409026
GILGFVFTL_nb_9797,0.6870029093681793
LLDFVRFMGV_nb_3758,0.3113633210557893
GILGFVFTL_2529,0.9071660911746137
GILGFVFTL_916,0.42152034779023934
GLCTLVAML_nb_5341,0.21007932217354194
GLCTLVAML_nb_10532,0.21658264517268916
FLYALALLL_nb_4295,0.7223715210966353
LLFGYPVYV_nb_11106,0.19598346525781352
ELAGIGILTV_nb_2553,0.4095073000331971
ELAGIGILTV_nb_7021,0.2584756938308053
GILGFVFTL_nb_9936,0.5773565610780882
GILGFVFTL_3266,0.8603716731877723
LLFGYPVYV_nb_11334,0.5820917436377526
GILGFVFTL_nb_9338,0.2628781449245702
LLDFVRFMGV_nb_7757,0.8251333860540282
LLFGYPVYV_nb_1789,0.6240965424061118
ELAGIGILTV_nb_2761,0.5229286050320349
GILGFVFTL_2186,0.9008090706883504
ELAGIGILTV_nb_7213,0.7554971139284337
GILGFVFTL_3054,0.9019100227206738
ELAGIGILTV_3441,0.8556977133551514
GILGFVFTL_1703,0.7327071740126081
GLCTLVAML_2319,0.636455971371656
GLCTLVAML_nb_10700,0.6977582694368046
GILGFVFTL_318,0.9278429150090437
GILGFVFTL_nb_1155,0.38624928322914376
ELAGIGILTV_nb_2305,0.37250316141394907
LLDFVRFMGV_nb_3793,0.8265535282026238
ELAGIGILTV_nb_7677,0.7919224793199675
GLCTLVAML_nb_5517,0.8498649101589774
GILGFVFTL_nb_5191,0.7054049895811499
GILGFVFTL_1367,0.4028124032424175
GLCTLVAML_nb_10364,0.5959082202619922
GILGFVFTL_1155,0.9180685268653049
GLCTLVAML_nb_5725,0.44795271515368346
GILGFVFTL_1969,0.5478071032169302
GLCTLVAML_nb_1385,0.6426096559807699
GLCTLVAML_nb_10156,0.5314163508141517
ELAGIGILTV_nb_2137,0.6159567105997659
FLYALALLL_nb_8800,0.5449943633933318
LLDFVRFMGV_nb_8149,0.7406370815088064
ELAGIGILTV_nb_7445,0.30595320406671245
LLDFVRFMGV_nb_3767,0.502498800599759
ELAGIGILTV_nb_225,0.7431977400263083
GILGFVFTL_2516,0.9089966734400172
ELAGIGILTV_nb_7683,0.7653129087392703
GILGFVFTL_nb_5165,0.8645320386025501
GILGFVFTL_1393,0.8835051011950165
FLYALALLL_nb_4437,0.7862534796964834
LLFGYPVYV_nb_6900,0.23621111298849037
GLCTLVAML_nb_10390,0.6833844758484562
GILGFVFTL_788,0.9246992108824583
FLYALALLL_nb_4605,0.8351579437369026
GLCTLVAML_nb_1371,0.808658991498395
LLDFVRFMGV_nb_3555,0.8454444869123503
LLFGYPVYV_nb_1917,0.4947216513191175
FLYALALLL_nb_4261,0.7283100422342649
FLYALALLL_nb_3878,0.6248702187078246
GILGFVFTL_3292,0.6474082941191415
LLDFVRFMGV_nb_3131,0.37373742380810326
ELAGIGILTV_nb_2795,0.45788601810032326
GILGFVFTL_2172,0.9350647900606345
LLDFVRFMGV_nb_3303,0.2708452623783161
LLFGYPVYV_nb_6558,0.7795523385740502
FLYALALLL_nb_4053,0.21075849951406023
GLCTLVAML_nb_1527,0.8677130845660324
GLCTLVAML_1595,0.44459009667467186
LLFGYPVYV_nb_1780,0.34910455013123454
ELAGIGILTV_nb_2768,0.6168985688204549
GILGFVFTL_nb_9331,0.5319509317288631
FLYALALLL_nb_8663,0.7544702142866266
ELAGIGILTV_3448,0.5290160782795322
GLCTLVAML_nb_5946,0.6953947546427577
ELAGIGILTV_336,0.8227468603102677
GILGFVFTL_311,0.785394244997663
GLCTLVAML_nb_10709,0.2897556284395927
GILGFVFTL_1538,0.9276520871120679
GLCTLVAML_nb_5348,0.36938232559944206
LLFGYPVYV_nb_6797,0.4532312757098053
GILGFVFTL_123,0.8968823006069623
FLYALALLL_nb_3885,0.8462755603948027
LLFGYPVYV_nb_11933,0.631498383906169
ELAGIGILTV_nb_7028,0.32677397551429016
GILGFVFTL_547,0.8063627244507556
GILGFVFTL_1960,0.8598301328224305
FLYALALLL_nb_8809,0.5426852190672455
GILGFVFTL_nb_9567,0.5091664311237539
LLDFVRFMGV_nb_8140,0.6447202050979531
ELAGIGILTV_nb_2902,0.23267088319469886
LLDFVRFMGV_nb_7934,0.8479802234730383
GILGFVFTL_nb_9755,0.21568294262564824
LLDFVRFMGV_nb_8372,0.489478791352847
GILGFVFTL_nb_5198,0.2566694919137137
GILGFVFTL_nb_4876,0.5063194864536915
ELAGIGILTV_nb_11621,0.4830460362088103
LLFGYPVYV_nb_6307,0.35124742996103564
GLCTLVAML_nb_11845,0.2762014633933265
GLCTLVAML_nb_1378,0.6743716707579229
GILGFVFTL_1994,0.5450990049954278
GILGFVFTL_nb_9593,0.5689605537716577
GLCTLVAML_1337,0.8424420141854176
FLYALALLL_nb_9113,0.09839284160286645
LLDFVRFMGV_nb_8386,0.741442241768203
LLFGYPVYV_nb_6135,0.3693912829061418
GILGFVFTL_nb_4882,0.6899564649997715
LLFGYPVYV_nb_6909,0.3089700322139085
GILGFVFTL_781,0.6609429808171061
GLCTLVAML_nb_10399,0.307350668745873
LLFGYPVYV_nb_1774,0.49535046299041996
LLDFVRFMGV_nb_405,0.8872637080051842
GILGFVFTL_2947,0.7817221816316243
FLYALALLL_nb_833,0.800220810504737
FLYALALLL_nb_8697,0.7734777640004107
LLFGYPVYV_nb_6551,0.7283725015946164
LLDFVRFMGV_nb_11663,0.22450240037545866
LLFGYPVYV_nb_6763,0.869677343019762
FLYALALLL_nb_4268,0.7248760606493223
LLDFVRFMGV_nb_637,0.7637121586021216
FLYALALLL_nb_3871,0.8537552021977648
LLDFVRFMGV_nb_3138,0.3971344262053934
LLFGYPVYV_nb_10815,0.6464916938495263
GILGFVFTL_2349,0.3026102474900587
GLCTLVAML_nb_5521,0.664528534806125
GILGFVFTL_1351,0.9199658493029554
GILGFVFTL_nb_4849,0.3398664703895742
GLCTLVAML_nb_10352,0.8240269762693104
ELAGIGILTV_nb_2333,0.19674824145812458
ELAGIGILTV_nb_7641,0.5051866581620514
FLYALALLL_nb_8836,0.18526092422983584
LLFGYPVYV_nb_11554,0.6884670840635799
GILGFVFTL_nb_9558,0.759769135011104
ELAGIGILTV_nb_2101,0.22862287954645516
ELAGIGILTV_nb_7473,0.42981491479849304
LLDFVRFMGV_nb_3597,0.6597868235140429
GILGFVFTL_1163,0.8898096487795597
GLCTLVAML_nb_5713,0.7054235900147408
GLCTLVAML_2579,0.8763869486324896
GLCTLVAML_nb_10160,0.22337378858527185
GILGFVFTL_578,0.6858379468353133
ELAGIGILTV_nb_2565,0.5991577148171207
LLFGYPVYV_nb_11130,0.634765132786763
ELAGIGILTV_nb_7017,0.43310959740743593
GILGFVFTL_nb_9900,0.28777808422503615
GILGFVFTL_2382,0.9119779091811671
GILGFVFTL_1507,0.515611226884617
GLCTLVAML_nb_5377,0.533980766378618
GILGFVFTL_920,0.8884038754401858
GLCTLVAML_nb_10504,0.4745769314094732
GILGFVFTL_1735,0.8844642616616392
ELAGIGILTV_3477,0.8840660025733641
GILGFVFTL_nb_1163,0.8881204499930295
GLCTLVAML_nb_5979,0.16610527191437494
FLYALALLL_nb_4091,0.17186416712266617
ELAGIGILTV_309,0.8607383433315584
GLCTLVAML_nb_10736,0.6586842946556797
LLDFVRFMGV_nb_7761,0.21848524121496055
ELAGIGILTV_nb_2757,0.18267106946184536
LLFGYPVYV_nb_11302,0.3245159757974776
GILGFVFTL_3062,0.8936073243460573
ELAGIGILTV_nb_7225,0.6719294442984111
LLDFVRFMGV_nb_608,0.8347752338522195
ELAGIGILTV_nb_2591,0.46778605876283263
LLDFVRFMGV_nb_3107,0.886383378459055
GILGFVFTL_2376,0.5934251920257422
GLCTLVAML_nb_5383,0.6660369126532625
FLYALALLL_nb_4257,0.7404625370235771
GILGFVFTL_nb_1197,0.3607033194250345
FLYALALLL_nb_4065,0.5515026249472739
GLCTLVAML_nb_1511,0.784269883793
LLDFVRFMGV_nb_7795,0.40454595024087814
GILGFVFTL_2978,0.5199943125016846
FLYALALLL_nb_11695,0.546097430076993
GILGFVFTL_3096,0.843807170586117
LLDFVRFMGV_nb_3335,0.8570906152399602
GILGFVFTL_2144,0.8640713732252149
GILGFVFTL_nb_5153,0.6399695919335235
LLFGYPVYV_nb_6936,0.6666299009450132
FLYALALLL_nb_4401,0.28747811375842813
ELAGIGILTV_nb_213,0.22785633107134295
GILGFVFTL_2520,0.8816305877834676
LLDFVRFMGV_nb_3751,0.2581166026187839
ELAGIGILTV_nb_7487,0.7440799933289965
GILGFVFTL_2712,0.9358336291120775
LLDFVRFMGV_nb_3563,0.6032627809671318
LLFGYPVYV_nb_1921,0.371145802417045
LLFGYPVYV_nb_6338,0.635615054228117
GILGFVFTL_1197,0.9268818576009485
GLCTLVAML_nb_10194,0.20669838710131527
FLYALALLL_nb_4633,0.8239787447584241
GLCTLVAML_nb_1347,0.8512278633953994
LLDFVRFMGV_nb_11664,0.3749140019282228
LLFGYPVYV_nb_6764,0.6542044682131378
LLDFVRFMGV_nb_630,0.21414954763151206
FLYALALLL_nb_3876,0.7394097216785105
LLFGYPVYV_nb_10812,0.3792442266338127
LLDFVRFMGV_nb_402,0.37124626522353665
LLFGYPVYV_nb_1773,0.7465897753991598
GILGFVFTL_2940,0.5379987862051941
FLYALALLL_nb_834,0.8418501104181912
FLYALALLL_nb_8690,0.37179335082574605
LLFGYPVYV_nb_6556,0.6189911032144166
GLCTLVAML_nb_1529,0.4387574138010037
LLDFVRFMGV_nb_3769,0.7644035370324016
LLDFVRFMGV_nb_8381,0.5264460773750751
LLFGYPVYV_nb_6132,0.6805946713042055
GILGFVFTL_786,0.9014209442191548
GILGFVFTL_nb_4885,0.590561950312964
FLYALALLL_nb_4439,0.21963252743255507
LLFGYPVYV_nb_6300,0.7428517653435531
ELAGIGILTV_nb_11626,0.2251986865423911
GLCTLVAML_nb_11842,0.8058903522796712
GILGFVFTL_1993,0.8076482351698253
GILGFVFTL_nb_9594,0.5527169629697247
FLYALALLL_nb_9114,0.21424522596662499
LLFGYPVYV_nb_1919,0.7141796299642296
GILGFVFTL_nb_9752,0.6105328219195391
ELAGIGILTV_nb_7679,0.8928260984703769
LLDFVRFMGV_nb_8375,0.6745495190669863
GILGFVFTL_1369,0.6655938901423215
GLCTLVAML_nb_5519,0.24656685365527806
GILGFVFTL_772,0.9355136723250456
GILGFVFTL_nb_4871,0.7819183405331253
ELAGIGILTV_755,0.8433969107333057
GLCTLVAML_nb_10158,0.7366334732046163
GILGFVFTL_540,0.7494627536523472
GILGFVFTL_1967,0.9142506740227622
GILGFVFTL_nb_9560,0.6214967727647667
ELAGIGILTV_nb_2139,0.6905673836043452
LLDFVRFMGV_nb_7933,0.5235039084787858
ELAGIGILTV_nb_2905,0.30070954508554043
LLDFVRFMGV_nb_8147,0.6682983485600517
LLDFVRFMGV_nb_11690,0.4388053554155079
LLFGYPVYV_nb_6790,0.5172503951874038
GILGFVFTL_124,0.8730590273632337
LLFGYPVYV_nb_11108,0.6202858093226187
FLYALALLL_nb_3882,0.6020647888357957
GILGFVFTL_3268,0.9141610412517645
LLFGYPVYV_nb_11934,0.2611519586176424
GILGFVFTL_nb_9938,0.7799277302036682
LLDFVRFMGV_nb_7759,0.6924026755545748
LLFGYPVYV_nb_1787,0.6835812374035878
GILGFVFTL_nb_9336,0.3987267021884063
FLYALALLL_nb_8664,0.8141389428823115
GILGFVFTL_2188,0.8944495288310027
GLCTLVAML_nb_5941,0.5724180849801074
GILGFVFTL_316,0.7713194785517341
GILGFVFTL_2715,0.8368749520323251
ELAGIGILTV_nb_7480,0.7106684521518203
LLFGYPVYV_nb_1926,0.7573948615672507
LLDFVRFMGV_nb_3564,0.7149442860497507
ELAGIGILTV_nb_11619,0.7013193247818048
GILGFVFTL_1190,0.9313005363006925
GLCTLVAML_nb_10193,0.8685988839081321
GLCTLVAML_nb_1340,0.1280678798357253
FLYALALLL_nb_4634,0.8056980986017481
GILGFVFTL_nb_5154,0.15828879594596085
LLFGYPVYV_nb_6931,0.6542044682131378
FLYALALLL_nb_4406,0.7906124364343766
GILGFVFTL_nb_9799,0.12503591226491426
GILGFVFTL_2527,0.8578511810353434
ELAGIGILTV_nb_214,0.7935741744125706
LLDFVRFMGV_nb_3756,0.1746665004744956
LLFGYPVYV_nb_6569,0.3153799088534502
GLCTLVAML_nb_1516,0.3935679681589872
FLYALALLL_nb_4062,0.5455773091597316
GILGFVFTL_nb_1190,0.3856441292258189
LLDFVRFMGV_nb_7792,0.2308490609530618
FLYALALLL_nb_11692,0.27016532484725087
LLDFVRFMGV_nb_3332,0.5195342233033045
GILGFVFTL_3091,0.8392844846195617
GILGFVFTL_2143,0.40225618784288464
ELAGIGILTV_nb_2596,0.2851355691339349
FLYALALLL_nb_3849,0.8084898070255783
LLDFVRFMGV_nb_3100,0.7338984834134179
GILGFVFTL_2371,0.8646278853942917
GLCTLVAML_nb_5384,0.5220052469125949
FLYALALLL_nb_4250,0.787871970344415
GILGFVFTL_1732,0.9181302302873838
FLYALALLL_nb_4096,0.663371137008727
GILGFVFTL_nb_1164,0.7236685153890567
GLCTLVAML_nb_10731,0.7773098774907417
ELAGIGILTV_nb_2750,0.30267853864395433
LLDFVRFMGV_nb_7766,0.6813373499436413
LLFGYPVYV_nb_11305,0.23021301208077807
GILGFVFTL_nb_9309,0.5831675776735692
GILGFVFTL_3065,0.9145124125249078
ELAGIGILTV_nb_7222,0.35093222368426175
ELAGIGILTV_nb_2562,0.8046782483756533
LLFGYPVYV_nb_11137,0.8489055201040934
GILGFVFTL_3257,0.9157041008025786
FLYALALLL_nb_8469,0.6673568899946982
ELAGIGILTV_nb_7010,0.19286001664796737
GILGFVFTL_nb_9907,0.7364005360955779
GLCTLVAML_nb_5370,0.5835205552604495
GILGFVFTL_1500,0.8125695317711381
GILGFVFTL_927,0.9276520871120679
GLCTLVAML_nb_10503,0.24183732388288082
FLYALALLL_nb_8831,0.5734273823457684
LLFGYPVYV_nb_11553,0.4158951150242517
ELAGIGILTV_nb_2106,0.7020967961640784
ELAGIGILTV_nb_7474,0.2595918902304447
LLDFVRFMGV_nb_3590,0.23879676910919156
LLDFVRFMGV_nb_8178,0.2241642403641473
GLCTLVAML_nb_11889,0.7685577146814795
GLCTLVAML_nb_5714,0.32231482704036596
GILGFVFTL_1164,0.9190072511383516
GLCTLVAML_nb_10167,0.5438825922908399
GILGFVFTL_1958,0.2171990795848035
GILGFVFTL_1356,0.8306126199893366
GLCTLVAML_nb_5526,0.8203772324930307
GLCTLVAML_nb_10355,0.5008146978795726
ELAGIGILTV_nb_2334,0.879389286936102
ELAGIGILTV_nb_7646,0.2666407022427433
GILGFVFTL_3401,0.7576637368583443
GILGFVFTL_2573,0.9019842248267824
ELAGIGILTV_nb_240,0.8638744275366212
GLCTLVAML_1955,0.5994192777998305
LLDFVRFMGV_nb_3702,0.6719635326257702
ELAGIGILTV_nb_2394,0.6624617637743179
FLYALALLL_nb_4452,0.23258590984785316
LLFGYPVYV_nb_6159,0.23956110859352706
GLCTLVAML_nb_5586,0.5436781800129921
GILGFVFTL_nb_5100,0.6687141649986285
GLCTLVAML_nb_1314,0.4940356170860982
FLYALALLL_nb_4660,0.5245688191513909
GLCTLVAML_nb_11829,0.7909453444592226
GILGFVFTL_2741,0.9061906482328077
LLDFVRFMGV_nb_3530,0.45249941341816413
LLFGYPVYV_nb_1972,0.6687215446441285
FLYALALLL_nb_8891,0.19499043951316375
FLYALALLL_nb_4204,0.21867387713052372
GILGFVFTL_987,0.6454809180802042
LLDFVRFMGV_nb_3154,0.12667834962002444
LLFGYPVYV_nb_10879,0.7672669253246097
GILGFVFTL_2325,0.640205823223845
LLFGYPVYV_nb_11197,0.24850217574868289
LLDFVRFMGV_nb_3366,0.7433066643176583
GILGFVFTL_2117,0.881318152850311
ELAGIGILTV_nb_7282,0.5518521314016074
LLFGYPVYV_nb_1718,0.6365833204868605
LLDFVRFMGV_nb_469,0.8374116181886528
GLCTLVAML_nb_1542,0.5752649813634784
FLYALALLL_nb_4036,0.8239632980097418
GILGFVFTL_389,0.6384068407331289
GLCTLVAML_nb_10791,0.7520344411487396
GILGFVFTL_1792,0.48675920520614935
GLCTLVAML_nb_10557,0.8648809531551496
GLCTLVAML_nb_5324,0.6283424783941376
GILGFVFTL_973,0.9384602348774679
GLCTLVAML_2972,0.806841563252745
GILGFVFTL_3203,0.9177702491390716
ELAGIGILTV_nb_7044,0.7178431413266247
GILGFVFTL_nb_9953,0.5853170132483527
ELAGIGILTV_1141,0.6835103337946773
ELAGIGILTV_nb_2536,0.6125834596462079
LLFGYPVYV_nb_11163,0.21634880318171848
LLDFVRFMGV_nb_3392,0.5510897431444972
ELAGIGILTV_nb_7276,0.5205592263622264
LLDFVRFMGV_nb_7732,0.7018905805827838
ELAGIGILTV_nb_2704,0.5727523675808621
LLFGYPVYV_nb_11351,0.6780980679995907
GILGFVFTL_nb_1130,0.8657068038916331
GLCTLVAML_nb_10765,0.8015501773122512
GILGFVFTL_1766,0.9279370789945183
ELAGIGILTV_3424,0.39131343770477284
GILGFVFTL_2587,0.2425404448702564
ELAGIGILTV_nb_7612,0.7151823399552233
GILGFVFTL_nb_9739,0.7642382168491626
ELAGIGILTV_nb_2360,0.5771104051574836
GLCTLVAML_nb_10301,0.7141722025535657
GLCTLVAML_nb_5572,0.5651509481918401
GILGFVFTL_1302,0.9302998749175153
GLCTLVAML_nb_10133,0.20968607500584058
FLYALALLL_nb_4694,0.8500816660764293
GILGFVFTL_1130,0.924802553352491
GLCTLVAML_nb_5740,0.4931983695064712
ELAGIGILTV_nb_7420,0.4305293663151447
LLFGYPVYV_nb_1986,0.269514965539503
LLDFVRFMGV_nb_7958,0.23012897833754853
LLFGYPVYV_nb_11507,0.6521093409813883
FLYALALLL_nb_8865,0.8003148852409288
ELAGIGILTV_nb_2152,0.19566196330938013
FLYALALLL_nb_4009,0.7521895910929761
LLFGYPVYV_nb_6502,0.48136288595074617
FLYALALLL_nb_860,0.4323792694286044
LLDFVRFMGV_nb_3359,0.5826021907838569
GILGFVFTL_2128,0.8986052703129674
LLFGYPVYV_nb_1727,0.6847004498071475
LLDFVRFMGV_nb_456,0.693068905216682
GILGFVFTL_2914,0.925240071944071
GILGFVFTL_nb_9396,0.204655144961832
LLFGYPVYV_nb_10846,0.20869335184178878
GILGFVFTL_nb_9998,0.5109600645738906
LLDFVRFMGV_nb_664,0.5174330836575876
ELAGIGILTV_nb_6961,0.216226793814246
FLYALALLL_nb_3822,0.31218260643440837
GLCTLVAML_2185,0.11865593693817328
GILGFVFTL_184,0.7189629361305118
LLDFVRFMGV_nb_11630,0.532801922614318
LLFGYPVYV_nb_6730,0.7578360352796398
FLYALALLL_nb_9140,0.24306549158178953
LLDFVRFMGV_nb_7993,0.37333613169424296
ELAGIGILTV_nb_2199,0.5196173197882428
LLFGYPVYV_nb_6354,0.6533848308666611
LLFGYPVYV_nb_6166,0.26320874973448527
LLDFVRFMGV_nb_8113,0.6248595817107733
LLDFVRFMGV_nb_7967,0.6798435144773064
GILGFVFTL_nb_9534,0.7717764414834862
LLFGYPVYV_nb_11538,0.2006777673065132
GILGFVFTL_514,0.793290984177513
GILGFVFTL_1933,0.9304207316920561
GLCTLVAML_449,0.8847325238763863
GILGFVFTL_nb_4825,0.600225925027095
FLYALALLL_nb_4499,0.7883018399886179
LLFGYPVYV_nb_6192,0.3593617478816311
LLDFVRFMGV_nb_8321,0.6294751780208211
GILGFVFTL_nb_9706,0.36168830165765864
GLCTLVAML_nb_5915,0.4224628677089981
GLCTLVAML_3291,0.8081860424053429
GLCTLVAML_nb_1589,0.8130106897151027
GILGFVFTL_342,0.2681848952237279
GILGFVFTL_1759,0.9015259363817629
FLYALALLL_nb_894,0.7100606929312534
ELAGIGILTV_nb_7249,0.5180515113357134
FLYALALLL_nb_8630,0.7623427736923494
GILGFVFTL_nb_9362,0.6126859282874877
LLDFVRFMGV_nb_690,0.43758729383390493
ELAGIGILTV_nb_2509,0.639077247853045
ELAGIGILTV_nb_6995,0.1593675096092295
ELAGIGILTV_157,0.8631453614031604
GLCTLVAML_nb_10568,0.1624882596818666
GLCTLVAML_2171,0.7610002124979147
GILGFVFTL_170,0.8968823006069623
GLCTLVAML_nb_10134,0.7737973319380933
FLYALALLL_nb_4693,0.5347138633520799
LLFGYPVYV_nb_6398,0.7825375684571367
GLCTLVAML_nb_5747,0.8512278633953994
ELAGIGILTV_nb_7427,0.662065421866765
LLFGYPVYV_nb_1981,0.7270481393696837
LLFGYPVYV_nb_11500,0.8243807932251004
FLYALALLL_nb_8862,0.8246112676719046
ELAGIGILTV_nb_2155,0.6111295139781643
ELAGIGILTV_nb_7615,0.8098030920178064
GILGFVFTL_2580,0.7736210992948744
LLDFVRFMGV_nb_8319,0.25006745472018516
ELAGIGILTV_nb_2367,0.8317592692564832
GLCTLVAML_nb_10306,0.6177679061878155
GILGFVFTL_1305,0.8434859598939654
GLCTLVAML_nb_5575,0.17443307886386517
GILGFVFTL_3036,0.4975963612013408
LLDFVRFMGV_nb_3395,0.5501921216227557
ELAGIGILTV_nb_7271,0.4218461263919659
FLYALALLL_nb_8608,0.7790228582151673
ELAGIGILTV_nb_2703,0.813720143425929
LLDFVRFMGV_nb_7735,0.6884271172738392
LLFGYPVYV_nb_11356,0.2804505422011091
GILGFVFTL_nb_1137,0.7794218575033413
GLCTLVAML_nb_10762,0.7858606642731141
GILGFVFTL_1761,0.9353357994503056
GLCTLVAML_nb_10550,0.6347129076965913
GLCTLVAML_2149,0.723488228895467
GILGFVFTL_148,0.9321893522485869
GLCTLVAML_nb_5323,0.6082347894769126
GILGFVFTL_1553,0.8886149600860666
GILGFVFTL_3204,0.24657022770391962
ELAGIGILTV_nb_7043,0.3484120303370502
GILGFVFTL_nb_9954,0.7999469664006209
ELAGIGILTV_nb_2531,0.7222645601186607
LLFGYPVYV_nb_11164,0.7512189631972888
LLDFVRFMGV_nb_3361,0.5947245410137589
FLYALALLL_nb_858,0.7554702256953443
ELAGIGILTV_nb_7285,0.3211132448206371
GILGFVFTL_2110,0.6769532636632447
FLYALALLL_nb_4031,0.5657493451301014
GLCTLVAML_nb_1545,0.3194733097113003
FLYALALLL_nb_4203,0.5753627111963122
LLFGYPVYV_nb_6708,0.21742146141741095
GLCTLVAML_2981,0.8968422522776768
LLDFVRFMGV_nb_3153,0.17601466538732602
GILGFVFTL_2322,0.8786502666109413
ELAGIGILTV_nb_6959,0.23729166610780172
LLFGYPVYV_nb_11190,0.8101652156582164
FLYALALLL_nb_4667,0.7132237177930625
GLCTLVAML_nb_1313,0.822832755582658
GILGFVFTL_2746,0.9076827694649787
FLYALALLL_nb_9178,0.5207598954869987
LLFGYPVYV_nb_1975,0.40523046893822867
LLDFVRFMGV_nb_3537,0.8091810015829745
FLYALALLL_nb_8896,0.676442196409069
ELAGIGILTV_nb_247,0.863672666755193
GILGFVFTL_2574,0.874352755008333
LLDFVRFMGV_nb_3705,0.7174508894276597
ELAGIGILTV_nb_2393,0.7824324227849839
FLYALALLL_nb_4455,0.668115218445078
GILGFVFTL_nb_5107,0.6619151544914514
GLCTLVAML_nb_5581,0.5938118334629827
LLDFVRFMGV_nb_3198,0.6521351126904833
ELAGIGILTV_1179,0.8766726825905218
ELAGIGILTV_nb_6992,0.2648694247652237
LLDFVRFMGV_nb_697,0.6377345712225706
ELAGIGILTV_nb_9,0.7357848291556099
GLCTLVAML_nb_5912,0.49873839031518163
GILGFVFTL_nb_1108,0.6545161664985324
GILGFVFTL_345,0.2750600319229902
GILGFVFTL_3009,0.34532888880036794
FLYALALLL_nb_893,0.21462553438812076
FLYALALLL_nb_8637,0.1922755612638708
GILGFVFTL_nb_9365,0.28491761865652576
LLFGYPVYV_nb_11369,0.2090986854626133
GLCTLVAML_nb_10339,0.694662358359255
GILGFVFTL_nb_4822,0.7789472567009281
LLFGYPVYV_nb_6195,0.7146263240924202
LLDFVRFMGV_nb_8326,0.584595035691613
GILGFVFTL_nb_9701,0.6257955942371891
ELAGIGILTV_nb_2358,0.6201438564051641
ELAGIGILTV_nb_7418,0.28120286996515864
LLDFVRFMGV_nb_7960,0.6823602633263431
LLDFVRFMGV_nb_8114,0.29420902241237534
GILGFVFTL_nb_9533,0.5588647814232589
GILGFVFTL_1934,0.5936766564584507
GLCTLVAML_nb_5778,0.7120107691417167
LLFGYPVYV_nb_6161,0.7559420873206573
GILGFVFTL_nb_5138,0.6334735659990933
ELAGIGILTV_nb_278,0.7935574876217035
GILGFVFTL_3499,0.8939227366731358
ELAGIGILTV_45,0.8365586368220883
GILGFVFTL_2779,0.8890591761582871
LLDFVRFMGV_nb_7994,0.6525114021459776
FLYALALLL_nb_9147,0.7721267613375813
LLDFVRFMGV_nb_3508,0.6103541394276366
FLYALALLL_nb_4658,0.18882109819943596
LLFGYPVYV_nb_6353,0.683669042899888
LLFGYPVYV_nb_10841,0.6994534956029644
ELAGIGILTV_nb_7088,0.797549466040948
ELAGIGILTV_nb_6966,0.6711355571869668
LLDFVRFMGV_nb_663,0.6467048826630182
FLYALALLL_nb_3825,0.6826289734151231
GILGFVFTL_183,0.6706076693073759
LLDFVRFMGV_nb_11637,0.6193732272311532
GILGFVFTL_1598,0.8983541171542176
LLFGYPVYV_nb_6737,0.5956711833856493
LLFGYPVYV_nb_6505,0.16158153920037757
FLYALALLL_nb_867,0.8529284964973025
LLDFVRFMGV_nb_451,0.8007707262872561
LLFGYPVYV_nb_1720,0.6323410728352623
GILGFVFTL_nb_9391,0.5752268664814246
GILGFVFTL_2913,0.753615422684947
GLCTLVAML_nb_10754,0.35589731649370343
GLCTLVAML_nb_1587,0.8512278633953994
ELAGIGILTV_3415,0.7535378927294637
GILGFVFTL_1757,0.8981361499063925
ELAGIGILTV_nb_7247,0.846357256443251
GILGFVFTL_3000,0.7554664847943057
LLFGYPVYV_nb_11360,0.3446606567222594
ELAGIGILTV_nb_2735,0.7039613008193075
ELAGIGILTV_1170,0.8893917202481423
ELAGIGILTV_nb_7075,0.6257126325921311
GILGFVFTL_nb_9962,0.7328969788857301
LLDFVRFMGV_nb_3191,0.5072759468037495
LLFGYPVYV_nb_11152,0.6984362514111672
ELAGIGILTV_nb_2507,0.5514743175494505
GLCTLVAML_nb_10566,0.7977977072959702
GILGFVFTL_942,0.8698550001824541
GLCTLVAML_nb_5315,0.7145892403365797
LLDFVRFMGV_nb_7969,0.8013427561413479
GILGFVFTL_2784,0.8947170467761116
ELAGIGILTV_nb_7411,0.7582023889148799
ELAGIGILTV_nb_2163,0.38269474829837724
FLYALALLL_nb_8854,0.6571598650034995
LLFGYPVYV_nb_11536,0.6207869982443517
GLCTLVAML_nb_10102,0.2655635535103448
GLCTLVAML_nb_5771,0.6441593505486012
GILGFVFTL_1101,0.4657113247417956
FLYALALLL_nb_4497,0.6272327211708665
GLCTLVAML_nb_10330,0.7040237690520084
GILGFVFTL_728,0.9072563959958653
GILGFVFTL_1333,0.897541742428717
GLCTLVAML_nb_5543,0.4677906361885613
GILGFVFTL_3464,0.7515716930778908
ELAGIGILTV_nb_7623,0.6540375418869453
ELAGIGILTV_nb_285,0.850483407427547
ELAGIGILTV_nb_2351,0.22679852089190153
GILGFVFTL_nb_9708,0.24659563150312158
GILGFVFTL_nb_11802,0.6456193942126138
LLFGYPVYV_nb_1943,0.2399810291502646
LLDFVRFMGV_nb_3501,0.610445195226707
GILGFVFTL_2770,0.6106903184442912
ELAGIGILTV_nb_2197,0.7672232383933485
FLYALALLL_nb_4651,0.7621597435966783
GLCTLVAML_nb_1325,0.23005656179341152
GLCTLVAML_nb_5785,0.22082323359053982
FLYALALLL_nb_4463,0.7672731879121012
LLFGYPVYV_nb_6954,0.4524700773885748
GILGFVFTL_nb_5131,0.6393999285647105
LLFGYPVYV_nb_6168,0.7256495116495758
LLDFVRFMGV_nb_3733,0.631378054200841
ELAGIGILTV_nb_271,0.5513196776026471
GILGFVFTL_2542,0.9307515349475939
FLYALALLL_nb_4007,0.5581778020080866
GLCTLVAML_nb_1573,0.4214748344185769
GILGFVFTL_2126,0.8337954673376387
LLDFVRFMGV_nb_3357,0.46276773057940823
LLFGYPVYV_nb_11394,0.2668037430445975
GILGFVFTL_nb_9398,0.18597324601519008
LLDFVRFMGV_nb_458,0.8608677703630203
LLFGYPVYV_nb_1729,0.31460016096938187
GILGFVFTL_2314,0.3522878736106357
GILGFVFTL_nb_9996,0.6938041068504338
ELAGIGILTV_nb_7081,0.8473564222793318
LLFGYPVYV_nb_10848,0.28323134084620855
LLDFVRFMGV_nb_3165,0.8432522469001462
GLCTLVAML_nb_10592,0.2217894466659975
FLYALALLL_nb_4235,0.5989585632293661
GILGFVFTL_1591,0.6597026351234019
LLDFVRFMGV_nb_8310,0.5305362677608636
GILGFVFTL_2589,0.860380223773665
GILGFVFTL_nb_9737,0.3200017100932093
ELAGIGILTV_730,0.8454494284511105
GILGFVFTL_717,0.8840228514228818
GILGFVFTL_nb_4814,0.794067849547804
ELAGIGILTV_502,0.8848964417769842
GILGFVFTL_1902,0.7810223783352281
GILGFVFTL_525,0.8291833220527558
LLFGYPVYV_nb_6391,0.6894231005325269
LLFGYPVYV_nb_1988,0.42590140173618385
LLDFVRFMGV_nb_7956,0.39557341886664743
FLYALALLL_nb_9185,0.7723422034451894
LLDFVRFMGV_nb_8122,0.18124392974023068
GILGFVFTL_nb_9505,0.5352986640339858
LLFGYPVYV_nb_11509,0.6761550942408776
GLCTLVAML_nb_10559,0.22091119199137754
LLFGYPVYV_nb_11951,0.4006259299931552
LLDFVRFMGV_3233,0.22425431929524836
LLFGYPVYV_nb_10883,0.807154576887082
ELAGIGILTV_nb_2538,0.8056110736146853
ELAGIGILTV_nb_7278,0.6239961528714917
FLYALALLL_nb_8601,0.2508368257044221
LLDFVRFMGV_858,0.6059621547078886
GILGFVFTL_nb_9353,0.6472814910599177
LLDFVRFMGV_nb_493,0.7010980464541205
GILGFVFTL_373,0.7903237664092172
GLCTLVAML_nb_5924,0.15527499864465635
GILGFVFTL_1768,0.8373717059721747
LLFGYPVYV_nb_6701,0.45725286170541873
GILGFVFTL_989,0.8963455134755145
LLFGYPVYV_nb_10877,0.7029336681069733
LLFGYPVYV_nb_11199,0.6730415791110771
FLYALALLL_nb_3813,0.5722276830892804
LLDFVRFMGV_nb_655,0.7394352774481846
GILGFVFTL_2119,0.9036810757143747
LLDFVRFMGV_nb_3368,0.5995648261543518
FLYALALLL_nb_851,0.7024496235173052
GILGFVFTL_2925,0.21190170016220916
LLDFVRFMGV_nb_467,0.6731167965459415
GLCTLVAML_1503,0.7205911234191816
LLFGYPVYV_nb_1716,0.1803560961711158
GILGFVFTL_387,0.45831993598253845
FLYALALLL_nb_4038,0.7609162699205975
LLFGYPVYV_nb_6533,0.5136019703848711
ELAGIGILTV_73,0.37287752516565875
GLCTLVAML_1167,0.8352545540357605
GLCTLVAML_nb_5588,0.5708865109825719
LLFGYPVYV_nb_6157,0.7634032870671431
GLCTLVAML_nb_11827,0.5392269758840055
LLFGYPVYV_nb_6365,0.8313502252608136
FLYALALLL_nb_9171,0.1623859972306522
GILGFVFTL_nb_9991,0.555486449015674
ELAGIGILTV_nb_7086,0.3208446620157427
GILGFVFTL_2313,0.9065247338435984
LLDFVRFMGV_nb_3162,0.5554736114563938
ELAGIGILTV_nb_6968,0.5393776785010145
GLCTLVAML_nb_10595,0.8065439610458192
FLYALALLL_nb_4232,0.15008582275319438
LLFGYPVYV_nb_6739,0.28751227321188394
LLDFVRFMGV_nb_11639,0.2908277395371409
GLCTLVAML_nb_1574,0.22609283691110682
ELAGIGILTV_398,0.8927654868208167
FLYALALLL_nb_4000,0.6910824176744746
GILGFVFTL_2121,0.7539099495478772
FLYALALLL_nb_869,0.4950167007274026
LLDFVRFMGV_nb_3350,0.18442375129588617
LLFGYPVYV_nb_11393,0.7953498599600421
FLYALALLL_nb_4464,0.8071593474662433
LLFGYPVYV_nb_6953,0.6880085258208164
GILGFVFTL_nb_5136,0.5471707388324508
LLDFVRFMGV_nb_3734,0.4836302917000056
ELAGIGILTV_nb_276,0.5282689287892937
LLDFVRFMGV_nb_3506,0.849042584663176
LLFGYPVYV_nb_1944,0.747527811853528
FLYALALLL_nb_9149,0.7341589271318434
GILGFVFTL_2777,0.28389747880828753
ELAGIGILTV_nb_2190,0.6392034009468968
GLCTLVAML_nb_1322,0.5852572768669928
FLYALALLL_nb_4656,0.6499825489550166
GLCTLVAML_nb_5782,0.2205183909918222
FLYALALLL_nb_4490,0.684913615664821
GLCTLVAML_nb_10337,0.6303455756490086
GLCTLVAML_nb_5544,0.6151930563338812
LLDFVRFMGV_nb_8328,0.6178262727500092
GILGFVFTL_3463,0.8996242940265249
ELAGIGILTV_nb_282,0.6661254160729004
ELAGIGILTV_nb_7624,0.7838097760139323
ELAGIGILTV_nb_2356,0.7328239040767862
GILGFVFTL_nb_11805,0.35885798649751294
ELAGIGILTV_nb_7416,0.3550977938866692
GILGFVFTL_2783,0.8368749520323251
ELAGIGILTV_nb_2164,0.16331704129365854
FLYALALLL_nb_8853,0.7960113560921463
LLFGYPVYV_nb_11531,0.328021132975964
GLCTLVAML_80,0.23849528971487477
GLCTLVAML_nb_10105,0.7451432955564601
GILGFVFTL_1106,0.9301404615066506
GLCTLVAML_nb_5776,0.42068152021335214
ELAGIGILTV_nb_7072,0.6643330272525685
GILGFVFTL_nb_9965,0.5418134849493847
LLDFVRFMGV_nb_3196,0.8291535853903202
LLFGYPVYV_nb_11155,0.17061860373612275
LLDFVRFMGV_nb_699,0.9109221226998062
ELAGIGILTV_nb_2500,0.5892312078102491
GILGFVFTL_179,0.7609792515311697
GLCTLVAML_nb_10561,0.18004703753360146
GILGFVFTL_945,0.16336399548507619
ELAGIGILTV_nb_7,0.8499006857550176
GILGFVFTL_1562,0.4200122581375566
GLCTLVAML_nb_5312,0.24133101293634213
GLCTLVAML_nb_10753,0.6955321515248172
GILGFVFTL_nb_1106,0.16448720756580076
GLCTLVAML_nb_1580,0.5367651646142368
ELAGIGILTV_3412,0.8579496402037958
GILGFVFTL_1750,0.9329011956987826
ELAGIGILTV_nb_7240,0.5367859807452117
FLYALALLL_nb_8639,0.3232012351005067
GILGFVFTL_3007,0.6506972236894524
LLFGYPVYV_nb_11367,0.10776608957087548
ELAGIGILTV_nb_2732,0.8569528751800646
FLYALALLL_nb_4669,0.8027084636515814
LLFGYPVYV_nb_6362,0.571613525391711
LLDFVRFMGV_nb_3539,0.6343337215541465
FLYALALLL_nb_9176,0.46602056266988373
GILGFVFTL_2748,0.908370508039944
FLYALALLL_nb_8898,0.7703141724214235
ELAGIGILTV_nb_249,0.8265599909146605
GILGFVFTL_nb_5109,0.3316743635960423
LLFGYPVYV_nb_6150,0.7116355605480555
FLYALALLL_nb_856,0.6505012421982831
GILGFVFTL_2922,0.5651962717821443
LLFGYPVYV_nb_1711,0.6542044682131378
LLDFVRFMGV_nb_460,0.7253866885455973
LLFGYPVYV_nb_6534,0.6967981074043037
ELAGIGILTV_195,0.7714038819664208
LLFGYPVYV_nb_6706,0.737174292051074
ELAGIGILTV_2739,0.8980218679808746
LLFGYPVYV_nb_10870,0.7073075523105694
FLYALALLL_nb_3814,0.8537552021977648
LLDFVRFMGV_nb_652,0.849042584663176
ELAGIGILTV_nb_6957,0.7090755875144559
FLYALALLL_nb_8606,0.7123747281550361
GILGFVFTL_3038,0.5092943203242855
GILGFVFTL_nb_9354,0.6321351505961628
LLFGYPVYV_nb_11358,0.729890074010105
LLDFVRFMGV_nb_494,0.2563804696914354
GILGFVFTL_374,0.9006359491552935
GILGFVFTL_nb_1139,0.8075116430844334
GLCTLVAML_nb_5923,0.7442561434927235
GLCTLVAML_2147,0.3646874334081982
GILGFVFTL_146,0.918969720711097
LLFGYPVYV_nb_10884,0.36494400564452156
LLDFVRFMGV_3234,0.7593359149984951
GILGFVFTL_1905,0.44527070980461436
ELAGIGILTV_505,0.8789690992871502
GILGFVFTL_522,0.8893322843252651
GLCTLVAML_nb_5749,0.8122678581569951
LLFGYPVYV_nb_6396,0.7492783327816315
LLDFVRFMGV_nb_8125,0.3232065229578341
FLYALALLL_nb_9182,0.817531921202178
LLDFVRFMGV_nb_7951,0.8004415549308714
ELAGIGILTV_nb_7429,0.41287682421195043
GILGFVFTL_nb_9502,0.6071570534721946
LLDFVRFMGV_nb_8317,0.598469153020127
ELAGIGILTV_nb_2369,0.6861132766404576
LLFGYPVYV_470,0.1647638719855658
GILGFVFTL_nb_9730,0.4948748831599882
GILGFVFTL_nb_4813,0.6588246547638006
GLCTLVAML_nb_10308,0.8070899260310878
GLCTLVAML_nb_10159,0.6187749642312221
GILGFVFTL_541,0.8995197758627587
GILGFVFTL_1966,0.2429033415608455
ELAGIGILTV_nb_2904,0.7078642947698166
LLDFVRFMGV_nb_8146,0.3508116498191676
LLDFVRFMGV_nb_7932,0.6275313871796219
GILGFVFTL_nb_9561,0.6953641560605397
ELAGIGILTV_nb_2138,0.7485393338687846
ELAGIGILTV_nb_7678,0.7810708042411295
LLDFVRFMGV_nb_8374,0.6535437819527448
GILGFVFTL_nb_9753,0.6466938320428139
GILGFVFTL_nb_4870,0.6366554504901527
GILGFVFTL_773,0.8635314371393861
ELAGIGILTV_754,0.8478872593634217
GLCTLVAML_nb_5518,0.5419183594750834
GILGFVFTL_1368,0.8887822501403588
GILGFVFTL_2189,0.5127352076907566
FLYALALLL_nb_8665,0.616809565513671
LLFGYPVYV_nb_1786,0.423038659055411
LLDFVRFMGV_nb_7758,0.644425862151971
GILGFVFTL_nb_9337,0.7655255087694688
GLCTLVAML_nb_5940,0.6366009125121915
GILGFVFTL_317,0.7953192972842245
GILGFVFTL_125,0.9136973855503989
LLFGYPVYV_nb_6791,0.40421186359745565
GILGFVFTL_3269,0.8281641037568392
GILGFVFTL_nb_9939,0.8740002187639844
LLFGYPVYV_nb_11935,0.2458158441191498
FLYALALLL_nb_3883,0.4794414554299919
LLFGYPVYV_nb_11109,0.26506479374805125
FLYALALLL_nb_835,0.7609526930890806
FLYALALLL_nb_8691,0.22758993520995824
LLFGYPVYV_nb_1772,0.5563689884706329
LLDFVRFMGV_nb_403,0.26700912391047826
GILGFVFTL_2941,0.8883162632351089
GLCTLVAML_nb_1528,0.6529834590230819
LLFGYPVYV_nb_6557,0.7374165942606083
LLDFVRFMGV_nb_11665,0.5851239651133614
LLFGYPVYV_nb_6765,0.6692364557671548
LLFGYPVYV_nb_10813,0.6699769815085416
LLDFVRFMGV_nb_631,0.841779059441081
FLYALALLL_nb_3877,0.7993610835157027
GILGFVFTL_1992,0.4681471750584524
GLCTLVAML_nb_11843,0.7677335905874835
FLYALALLL_nb_9115,0.6442070832231097
LLFGYPVYV_nb_1918,0.7287478954318138
GILGFVFTL_nb_9595,0.43749536157343705
GILGFVFTL_2519,0.9358336291120775
ELAGIGILTV_17,0.8076923965515015
LLDFVRFMGV_nb_8380,0.8248812593477675
LLDFVRFMGV_nb_3768,0.7405524491874028
GILGFVFTL_nb_4884,0.3762413221693239
GILGFVFTL_787,0.9148092212647106
FLYALALLL_nb_4438,0.16561019971642393
LLFGYPVYV_nb_6133,0.7874595263861746
GILGFVFTL_3256,0.40931433107785176
ELAGIGILTV_nb_7011,0.22475644854724158
GILGFVFTL_nb_9906,0.41222358015821103
FLYALALLL_nb_8468,0.7858472822419413
GILGFVFTL_2384,0.9196775428976658
ELAGIGILTV_nb_2563,0.9013181507113057
LLFGYPVYV_nb_11136,0.6131526126998663
GLCTLVAML_nb_10502,0.85796704782789
GILGFVFTL_1501,0.908407005635391
GLCTLVAML_nb_5371,0.18086845623899872
GILGFVFTL_nb_1165,0.8076444094346629
FLYALALLL_nb_4097,0.6257847313827343
GLCTLVAML_nb_10730,0.8095969576255897
GILGFVFTL_1733,0.6866459688449031
GILGFVFTL_3064,0.7031764772754042
ELAGIGILTV_nb_7223,0.2974624559482188
LLDFVRFMGV_nb_7767,0.7115881659108134
ELAGIGILTV_nb_2751,0.24947321203788084
GILGFVFTL_nb_9308,0.3380038375852674
LLFGYPVYV_nb_11304,0.7494942851401687
GLCTLVAML_nb_10354,0.5394611991051763
GLCTLVAML_nb_5527,0.5850867039175484
GILGFVFTL_1357,0.8896888818850389
ELAGIGILTV_nb_7647,0.6922350245828852
GILGFVFTL_3400,0.9172862770841566
ELAGIGILTV_nb_2335,0.7359525598590397
ELAGIGILTV_nb_7475,0.22784416152827805
LLDFVRFMGV_nb_8179,0.6554167166520092
LLDFVRFMGV_nb_3591,0.6700174045837519
LLFGYPVYV_nb_11552,0.34115198300085503
FLYALALLL_nb_8830,0.7197625774901681
ELAGIGILTV_nb_2107,0.811858927533436
GLCTLVAML_nb_10166,0.4774503032590765
GILGFVFTL_1959,0.9218323577161006
GLCTLVAML_nb_11888,0.7262798022586029
GLCTLVAML_nb_5715,0.6795778726730353
LLFGYPVYV_nb_6930,0.8115700094989498
FLYALALLL_nb_4407,0.6763054097413181
GILGFVFTL_nb_5155,0.43818835493934893
GILGFVFTL_2526,0.8724202033873059
ELAGIGILTV_nb_215,0.8784072191629371
LLDFVRFMGV_nb_3757,0.6405303644169433
GILGFVFTL_nb_9798,0.7418105907779348
ELAGIGILTV_nb_7481,0.7398189851722841
GILGFVFTL_2714,0.5848374945151997
LLDFVRFMGV_nb_3565,0.6712997649492007
LLFGYPVYV_nb_1927,0.6889149625100848
GLCTLVAML_nb_10192,0.2963840541561297
GLCTLVAML_nb_1341,0.822832755582658
FLYALALLL_nb_4635,0.6230213317681494
ELAGIGILTV_nb_11618,0.5207779507906994
LLDFVRFMGV_nb_3101,0.5097271718655532
GILGFVFTL_2370,0.6185869786781379
ELAGIGILTV_nb_2597,0.8304243422999752
FLYALALLL_nb_3848,0.541773539572982
FLYALALLL_nb_4251,0.8196500990322928
GLCTLVAML_nb_5385,0.7904356850099901
GILGFVFTL_nb_1191,0.7936214775287083
GLCTLVAML_nb_1517,0.729856244747459
FLYALALLL_nb_4063,0.38335064195331775
LLFGYPVYV_nb_6568,0.5394719049025789
ELAGIGILTV_3485,0.8034624296945023
LLDFVRFMGV_nb_3333,0.602506416690637
GILGFVFTL_3090,0.9043211015596212
GILGFVFTL_2142,0.935026703323362
LLDFVRFMGV_nb_7793,0.6260329112865326
FLYALALLL_nb_11693,0.7800876254975868
LLDFVRFMGV_nb_8387,0.3262386291263185
GILGFVFTL_780,0.8694920589854866
GLCTLVAML_nb_10398,0.6622778810801607
GILGFVFTL_nb_4883,0.5356373032645252
LLFGYPVYV_nb_6908,0.6466897892862096
LLFGYPVYV_nb_6134,0.4485469327547525
GLCTLVAML_nb_1379,0.4278949170722339
ELAGIGILTV_nb_11620,0.2924832774466368
LLFGYPVYV_nb_6306,0.6925155873285447
GLCTLVAML_nb_11844,0.22202014042831325
FLYALALLL_nb_9112,0.3300361084384985
GILGFVFTL_nb_9592,0.18935142499846508
FLYALALLL_nb_4269,0.6882182867074568
LLDFVRFMGV_nb_11662,0.7966631763440502
LLFGYPVYV_nb_6762,0.594183620763302
LLFGYPVYV_nb_10814,0.7552560907742853
LLDFVRFMGV_nb_3139,0.7152722763011322
GILGFVFTL_2348,0.8552677643540392
LLDFVRFMGV_nb_636,0.45335490795309275
FLYALALLL_nb_3870,0.5390411849390377
FLYALALLL_nb_832,0.4113124440107559
FLYALALLL_nb_8696,0.2020435153779222
LLDFVRFMGV_nb_404,0.8454921561975698
LLFGYPVYV_nb_1775,0.8433192703012797
LLFGYPVYV_nb_6550,0.7763534796520988
GILGFVFTL_122,0.9133015183061437
GLCTLVAML_nb_5349,0.3775629007319581
GILGFVFTL_1539,0.32951263316873425
LLFGYPVYV_nb_6796,0.41848953008388257
ELAGIGILTV_nb_7029,0.39636332605884694
LLFGYPVYV_nb_11932,0.35765281822315464
FLYALALLL_nb_3884,0.7977544563996599
FLYALALLL_nb_8662,0.6155901692836755
ELAGIGILTV_nb_2769,0.6095229447673218
LLFGYPVYV_nb_1781,0.30698120918036986
GILGFVFTL_nb_9330,0.3055625415881652
GLCTLVAML_nb_5947,0.1381651006132269
GILGFVFTL_310,0.3648964343054523
GLCTLVAML_nb_10708,0.792867530548692
ELAGIGILTV_3449,0.8704301579544312
LLDFVRFMGV_nb_8373,0.2224248777761846
GILGFVFTL_nb_9754,0.4631389392657927
GILGFVFTL_774,0.9295505704211329
GILGFVFTL_nb_4877,0.23502737345536828
GILGFVFTL_nb_5199,0.5079681424756785
GILGFVFTL_546,0.20455886927095063
GILGFVFTL_1961,0.9140046847076818
LLDFVRFMGV_nb_7935,0.12271077864391707
LLDFVRFMGV_nb_8141,0.8516515596468563
ELAGIGILTV_nb_2903,0.8422810027030545
GILGFVFTL_nb_9566,0.32313769084303035
FLYALALLL_nb_8808,0.6515365078621724
FLYALALLL_nb_4064,0.25593858969084127
GLCTLVAML_nb_1510,0.611785885170452
GILGFVFTL_nb_1196,0.5575650945514199
GILGFVFTL_3097,0.18022070382630512
LLDFVRFMGV_nb_3334,0.8162022031806218
GILGFVFTL_2145,0.8558989803804935
LLDFVRFMGV_nb_7794,0.8347207451682207
FLYALALLL_nb_11694,0.5629076411945819
GILGFVFTL_2979,0.8825171182559086
LLDFVRFMGV_nb_3106,0.6722283695519656
GILGFVFTL_2377,0.8968823006069623
ELAGIGILTV_nb_2590,0.7464634947575762
LLDFVRFMGV_nb_609,0.7023860018134617
FLYALALLL_nb_4256,0.608070330990151
GLCTLVAML_nb_5382,0.2330255617101687
GILGFVFTL_2713,0.9081226277753922
ELAGIGILTV_nb_7486,0.355175599440391
LLFGYPVYV_nb_1920,0.708453914282913
LLDFVRFMGV_nb_3562,0.7796557532703234
GLCTLVAML_nb_10195,0.7930799813708752
FLYALALLL_nb_4632,0.45381365437525106
GLCTLVAML_nb_1346,0.776550474895282
LLFGYPVYV_nb_6339,0.6357601770311869
GILGFVFTL_1196,0.8536597322713697
LLFGYPVYV_nb_6937,0.5687293986802078
FLYALALLL_nb_4400,0.5820195423870342
ELAGIGILTV_2908,0.38492660875914453
GILGFVFTL_nb_5152,0.8430767162951701
ELAGIGILTV_2134,0.7948862784368866
ELAGIGILTV_nb_212,0.8324871906670557
GILGFVFTL_2521,0.8611610051991199
LLDFVRFMGV_nb_3750,0.713744152495815
ELAGIGILTV_nb_7472,0.7660630853149376
LLDFVRFMGV_nb_3596,0.39456114131629033
GILGFVFTL_nb_9559,0.5337890280558549
LLFGYPVYV_nb_11555,0.7027778981482835
FLYALALLL_nb_8837,0.7163905305458155
ELAGIGILTV_nb_2100,0.8355845568106394
GLCTLVAML_nb_10161,0.7835872094052607
GLCTLVAML_2578,0.8180143958874985
GILGFVFTL_579,0.6711652824774823
GLCTLVAML_nb_5712,0.6402046460930606
GILGFVFTL_1162,0.9261349858571044
GLCTLVAML_nb_10353,0.6109550689403555
GILGFVFTL_nb_4848,0.8312130226220231
GILGFVFTL_1350,0.9218323577161006
GLCTLVAML_nb_5520,0.7060570479957967
ELAGIGILTV_nb_7640,0.2471919722943517
ELAGIGILTV_nb_2332,0.8584073408202068
FLYALALLL_nb_4090,0.5492500411101354
GILGFVFTL_nb_1162,0.4274991638609097
GLCTLVAML_nb_5978,0.5910516157039379
GLCTLVAML_nb_10737,0.7637028810435098
GILGFVFTL_1734,0.11172312276718258
ELAGIGILTV_nb_7224,0.5781592664196759
ELAGIGILTV_nb_2756,0.16874024106379876
LLDFVRFMGV_nb_7760,0.23508769241149763
LLFGYPVYV_nb_11303,0.3203847284631375
GILGFVFTL_2383,0.843731011933891
ELAGIGILTV_nb_7016,0.7260172717545397
GILGFVFTL_nb_9901,0.6516122098608237
ELAGIGILTV_nb_2564,0.2508747557144134
LLFGYPVYV_nb_11131,0.11720362328673686
GLCTLVAML_nb_10505,0.6487939248982099
GLCTLVAML_nb_5376,0.6812847511748471
GILGFVFTL_1506,0.9013874864605912
GILGFVFTL_921,0.836885335224518
FLYALALLL_nb_8492,0.8441284844037651
LLFGYPVYV_nb_10822,0.783262178969948
FLYALALLL_nb_3846,0.7355834693051946
ELAGIGILTV_nb_2599,0.7072964530897915
LLDFVRFMGV_nb_600,0.8169789316977116
LLFGYPVYV_nb_6754,0.30716786745583585
LLDFVRFMGV_nb_11654,0.661579007346067
GLCTLVAML_nb_1519,0.85063231996042
GLCTLVAML_nb_5985,0.1373540966762928
LLFGYPVYV_nb_6566,0.682386260316179
FLYALALLL_nb_804,0.6890364279458129
GILGFVFTL_2970,0.8813079535179482
LLDFVRFMGV_nb_432,0.838556969435376
LLFGYPVYV_nb_1743,0.6293575839572046
ELAGIGILTV_791,0.6560843883357005
FLYALALLL_nb_4409,0.4276756931437573
ELAGIGILTV_2901,0.8520750186496802
LLFGYPVYV_nb_6102,0.43632769247329495
LLDFVRFMGV_nb_3759,0.7028049841937545
GILGFVFTL_2528,0.5874606179817141
GILGFVFTL_nb_9796,0.5645051826659973
LLFGYPVYV_nb_1929,0.7137244545215831
FLYALALLL_nb_9124,0.7046250481736827
LLDFVRFMGV_nb_8183,0.7847060023065006
GLCTLVAML_nb_11872,0.5922427039930549
ELAGIGILTV_nb_11616,0.12959587514502668
LLFGYPVYV_nb_6330,0.759698050637896
ELAGIGILTV_765,0.6961431946176925
GILGFVFTL_742,0.4943549917933902
GILGFVFTL_nb_4841,0.4508677450372146
GILGFVFTL_1359,0.7337022206918055
GLCTLVAML_nb_5529,0.21981522021884048
LLDFVRFMGV_nb_8345,0.762037522501742
ELAGIGILTV_nb_7649,0.3435709726472774
GILGFVFTL_nb_9762,0.6773732370442045
LLDFVRFMGV_nb_7903,0.7640920309241843
LLDFVRFMGV_nb_8177,0.6767689249661273
ELAGIGILTV_nb_2109,0.7613583604165138
GILGFVFTL_nb_9550,0.36063067242555125
GILGFVFTL_1957,0.9210305806333668
GLCTLVAML_nb_10168,0.767634665799271
GLCTLVAML_nb_11886,0.2688616902755342
GILGFVFTL_nb_9908,0.46082102137742753
LLFGYPVYV_nb_11904,0.09890643995853411
FLYALALLL_nb_8466,0.6511711853177307
LLFGYPVYV_nb_11138,0.4272387965220867
GLCTLVAML_875,0.6316273199025835
LLDFVRFMGV_1531,0.7593359149984951
ELAGIGILTV_301,0.8193741037746354
FLYALALLL_nb_4099,0.746433889069497
GLCTLVAML_nb_5971,0.6202067341793766
LLFGYPVYV_nb_6592,0.7408263944682967
FLYALALLL_nb_8654,0.2822788315783053
GILGFVFTL_nb_9306,0.672353169197194
GILGFVFTL_2984,0.9239531256676309
LLDFVRFMGV_nb_7769,0.7125362031963174
FLYALALLL_nb_4604,0.8067685099508973
GLCTLVAML_nb_1370,0.6641777198429994
LLFGYPVYV_nb_1916,0.7622244086442549
LLDFVRFMGV_nb_3554,0.7884023769490744
GILGFVFTL_2725,0.9092591177368454
LLDFVRFMGV_nb_3766,0.11211686757244244
ELAGIGILTV_nb_7682,0.8432485031010372
ELAGIGILTV_nb_224,0.6419977289815189
FLYALALLL_nb_4436,0.7317794555787563
GLCTLVAML_nb_10391,0.44402215484159024
GILGFVFTL_789,0.6328703417559345
LLFGYPVYV_nb_6901,0.30438547394544757
GILGFVFTL_1392,0.7672217132969119
GILGFVFTL_nb_5164,0.6657205150867421
ELAGIGILTV_2102,0.47727415724871114
GILGFVFTL_2173,0.915961447167752
LLDFVRFMGV_nb_3302,0.7289722062655808
ELAGIGILTV_nb_2794,0.8167658645425875
FLYALALLL_nb_4052,0.470804969230153
GLCTLVAML_nb_1526,0.551510330674343
LLFGYPVYV_nb_6559,0.7784458612857668
FLYALALLL_nb_4260,0.5929670357201202
GILGFVFTL_2341,0.8848795549741946
GILGFVFTL_3293,0.8524159195741612
LLDFVRFMGV_nb_3130,0.24035534496673627
FLYALALLL_nb_3879,0.5213785305192625
ELAGIGILTV_nb_7212,0.6582416211126063
GILGFVFTL_2187,0.45057246267651235
GILGFVFTL_nb_9339,0.327852339853508
LLFGYPVYV_nb_11335,0.7638516362608574
ELAGIGILTV_nb_2760,0.23774138021158972
LLFGYPVYV_nb_1788,0.7505791950080993
LLDFVRFMGV_nb_7756,0.6681211559044398
GLCTLVAML_nb_10701,0.16654590063059088
GILGFVFTL_319,0.9016451485096237
GILGFVFTL_nb_1154,0.2879986676809299
ELAGIGILTV_3440,0.849658068812976
GILGFVFTL_1702,0.3393958242167137
GLCTLVAML_nb_10533,0.6064032842552416
FLYALALLL_nb_4294,0.8444692006370761
GILGFVFTL_917,0.4412306103190933
GLCTLVAML_nb_5340,0.3133800494715825
GILGFVFTL_1530,0.7324415895917166
ELAGIGILTV_1125,0.8099214741631927
ELAGIGILTV_nb_7020,0.3799400136164329
GILGFVFTL_nb_9937,0.29534965361842125
GILGFVFTL_3267,0.9237015956435344
LLFGYPVYV_nb_11107,0.3542864224593092
ELAGIGILTV_nb_2552,0.30860113593000726
GILGFVFTL_1968,0.9237015956435344
GLCTLVAML_nb_1384,0.7806053085519638
GLCTLVAML_nb_10157,0.3708589497028142
GLCTLVAML_nb_5724,0.5769212217252748
GILGFVFTL_1154,0.3594311478850356
LLDFVRFMGV_nb_8148,0.6244457178665573
ELAGIGILTV_nb_7444,0.4307474540354238
ELAGIGILTV_nb_2136,0.41024459031840854
FLYALALLL_nb_8801,0.35672678927584467
LLDFVRFMGV_nb_3792,0.20802588155868773
ELAGIGILTV_nb_7676,0.7093531573083932
ELAGIGILTV_nb_2304,0.7295490762769654
GLCTLVAML_nb_10365,0.8782601365502715
GILGFVFTL_1366,0.7577409627175432
GILGFVFTL_nb_5190,0.20627527866137252
GLCTLVAML_nb_5516,0.6732850478083501
GLCTLVAML_nb_10739,0.6323461601639266
GILGFVFTL_321,0.9025758529619479
GLCTLVAML_nb_5976,0.6379210228106643
LLFGYPVYV_nb_6595,0.6561797145923792
ELAGIGILTV_3478,0.8209035165739788
FLYALALLL_nb_8653,0.6043551004117778
GILGFVFTL_2983,0.8056168659858729
GILGFVFTL_nb_9301,0.17182921010229696
ELAGIGILTV_nb_2758,0.5281653302010929
ELAGIGILTV_nb_7018,0.806599696330232
LLFGYPVYV_nb_11903,0.7174246187814444
GILGFVFTL_113,0.9154049829346858
GILGFVFTL_1508,0.8046815886904313
ELAGIGILTV_908,0.8360527540068041
GLCTLVAML_nb_5378,0.7049937415002268
LLDFVRFMGV_nb_3598,0.2265775673756432
LLDFVRFMGV_nb_8170,0.6840131754702927
LLDFVRFMGV_nb_7904,0.8013799914766457
GILGFVFTL_nb_9557,0.7789038185938709
FLYALALLL_nb_8839,0.18593405994277953
GILGFVFTL_1950,0.8998216336521001
GILGFVFTL_577,0.7329938092802644
GLCTLVAML_nb_11881,0.6247304431950804
ELAGIGILTV_762,0.8357575089868066
GILGFVFTL_nb_4846,0.41215458141250205
GILGFVFTL_745,0.8857213598872622
LLDFVRFMGV_nb_8342,0.8028888551037304
GILGFVFTL_nb_9765,0.4015139601320934
LLDFVRFMGV_nb_8184,0.30044116423305534
FLYALALLL_nb_9123,0.19864528226999784
ELAGIGILTV_nb_7488,0.48233451461345683
GLCTLVAML_nb_1348,0.2958895794656083
GILGFVFTL_583,0.886277059982475
GILGFVFTL_1198,0.9326510299587777
GLCTLVAML_nb_11875,0.5652609908593881
LLFGYPVYV_nb_6337,0.508443990418069
ELAGIGILTV_nb_11611,0.649997440777167
ELAGIGILTV_2906,0.4847161190819358
LLFGYPVYV_nb_6939,0.6699140888318836
LLFGYPVYV_nb_6105,0.4657653503701351
GILGFVFTL_nb_9791,0.6549073316879472
GILGFVFTL_nb_1198,0.7567420052703221
GLCTLVAML_nb_5982,0.7810354721196
LLFGYPVYV_nb_6561,0.3712094235160746
FLYALALLL_nb_803,0.8413656394503237
GILGFVFTL_3099,0.856083077367769
GILGFVFTL_2977,0.8683074740677037
LLFGYPVYV_nb_1744,0.800548893391673
LLDFVRFMGV_nb_435,0.6438108862676075
FLYALALLL_nb_8495,0.6466806912194821
GILGFVFTL_2379,0.933479302725271
LLDFVRFMGV_nb_3108,0.24508219610982257
LLFGYPVYV_nb_10825,0.7904452829346409
FLYALALLL_nb_3841,0.5857816952950514
LLDFVRFMGV_nb_607,0.2991826387097146
FLYALALLL_nb_4258,0.7912792380106025
LLFGYPVYV_nb_6753,0.7684695001225851
LLDFVRFMGV_nb_11653,0.7489945793662144
LLDFVRFMGV_nb_3795,0.24516004377568043
ELAGIGILTV_nb_7671,0.7393717379557314
ELAGIGILTV_nb_2303,0.8580039728482701
GILGFVFTL_nb_4879,0.5698131948984833
GLCTLVAML_nb_10362,0.2526647501230271
GLCTLVAML_nb_5511,0.791076597040696
GILGFVFTL_1361,0.6286757888727927
GILGFVFTL_nb_5197,0.6750080975512363
GLCTLVAML_nb_1383,0.23275885087186998
GILGFVFTL_548,0.5563678162157162
GLCTLVAML_nb_10150,0.3881179929632622
GILGFVFTL_1153,0.9218323577161006
GLCTLVAML_nb_5723,0.8641933820408527
ELAGIGILTV_nb_7443,0.5151917995319759
ELAGIGILTV_nb_2131,0.42401377572594817
GILGFVFTL_nb_9568,0.711439220634777
FLYALALLL_nb_8806,0.8297607778433105
GLCTLVAML_nb_10534,0.45589825713673193
FLYALALLL_nb_4293,0.6592812979314033
LLFGYPVYV_nb_6798,0.19411241754887387
GILGFVFTL_1537,0.7725184345852992
GLCTLVAML_nb_5347,0.3152611603172708
ELAGIGILTV_nb_7027,0.3588954280676927
GILGFVFTL_nb_9930,0.34314526425648095
GILGFVFTL_3260,0.8709621372216204
LLFGYPVYV_nb_11100,0.31150845542358546
ELAGIGILTV_nb_2555,0.6024528736415169
GILGFVFTL_2180,0.9264033288061857
ELAGIGILTV_nb_7215,0.8759860409241341
LLFGYPVYV_nb_11332,0.6853219288705268
LLDFVRFMGV_nb_7751,0.21323442830513187
ELAGIGILTV_nb_2767,0.8451956993210316
GLCTLVAML_nb_10706,0.7261315218882873
GLCTLVAML_nb_5949,0.6027211945520129
GILGFVFTL_nb_1153,0.7356700306163769
ELAGIGILTV_3447,0.920231643427551
GILGFVFTL_1705,0.6917348105516966
FLYALALLL_nb_4267,0.7567106970633922
GILGFVFTL_2346,0.8359827815097934
LLDFVRFMGV_nb_3137,0.20344361191230942
LLDFVRFMGV_nb_638,0.849042584663176
GILGFVFTL_2174,0.7717373288720133
FLYALALLL_nb_8698,0.7950552499693575
LLDFVRFMGV_nb_3305,0.6731090667646404
GILGFVFTL_2948,0.9015259363817629
ELAGIGILTV_nb_2793,0.5589304811176266
GLCTLVAML_nb_1521,0.2411311584835787
FLYALALLL_nb_4055,0.5354539535867282
LLDFVRFMGV_nb_3761,0.663005852253876
LLDFVRFMGV_nb_8389,0.3373542984048006
GILGFVFTL_2510,0.9306883924990912
ELAGIGILTV_nb_223,0.5776363651138514
ELAGIGILTV_nb_7685,0.42384493982076926
FLYALALLL_nb_4431,0.42178983119097213
LLFGYPVYV_nb_6906,0.8537833753265271
GLCTLVAML_nb_10396,0.35860338205636744
GILGFVFTL_1395,0.9052445765046611
GILGFVFTL_nb_5163,0.7419870694085767
GLCTLVAML_nb_1377,0.256397308268491
FLYALALLL_nb_4603,0.5547676388110981
ELAGIGILTV_2337,0.8500465329877283
LLFGYPVYV_nb_6308,0.5893064592682337
LLDFVRFMGV_nb_3553,0.7302475025394981
LLFGYPVYV_nb_1911,0.20332534838791488
GILGFVFTL_2722,0.8605579805928002
ELAGIGILTV_nb_2165,0.7811673035335985
LLFGYPVYV_nb_11530,0.6306775393291093
FLYALALLL_nb_8852,0.8151268299493979
GILGFVFTL_2782,0.5869543691919772
ELAGIGILTV_nb_7417,0.22979909588206632
GLCTLVAML_nb_5777,0.29196517175814973
GILGFVFTL_1107,0.925339135809788
GLCTLVAML_nb_10104,0.3353418727380696
GLCTLVAML_nb_5545,0.1931533895764383
FLYALALLL_nb_4491,0.7944841255166253
GLCTLVAML_nb_10336,0.6717562555280621
ELAGIGILTV_nb_2357,0.39325908167542134
GILGFVFTL_nb_11804,0.6112898421600044
LLDFVRFMGV_nb_8329,0.7104071240302177
GLCTLVAML_1996,0.8472108575584592
ELAGIGILTV_nb_7625,0.24875486868251803
ELAGIGILTV_nb_283,0.49644009102389697
ELAGIGILTV_3413,0.828512006327039
GILGFVFTL_1751,0.8842729096222315
GLCTLVAML_nb_10752,0.7768813891605286
GLCTLVAML_nb_1581,0.5367651646142368
GILGFVFTL_nb_1107,0.6612786147295028
LLFGYPVYV_nb_11366,0.23370061293190483
ELAGIGILTV_nb_2733,0.27824296628278133
FLYALALLL_nb_8638,0.6191848175589842
ELAGIGILTV_nb_7241,0.7469832639552032
GILGFVFTL_3006,0.9084428911005973
LLFGYPVYV_nb_11154,0.2947890862101875
ELAGIGILTV_nb_2501,0.8136043890692424
LLDFVRFMGV_nb_698,0.24041033738841064
ELAGIGILTV_nb_7073,0.8595634685867048
GILGFVFTL_nb_9964,0.6979610891199937
LLDFVRFMGV_nb_3197,0.6689971718372408
GILGFVFTL_944,0.9189312101185728
GLCTLVAML_nb_5313,0.33893914558368243
ELAGIGILTV_nb_6,0.5030342633019472
GILGFVFTL_1563,0.9278181494368251
GLCTLVAML_nb_10560,0.4694891827243831
GLCTLVAML_nb_1575,0.822832755582658
FLYALALLL_nb_4001,0.6172290018300046
LLFGYPVYV_nb_11392,0.6986566436299524
GILGFVFTL_2120,0.7579212540836028
LLDFVRFMGV_nb_3351,0.6579026698516184
FLYALALLL_nb_868,0.7241876992592549
ELAGIGILTV_nb_6969,0.5031146350395025
GILGFVFTL_2312,0.8734695582962086
GILGFVFTL_nb_9990,0.6935611411010272
ELAGIGILTV_nb_7087,0.46714140769433826
LLDFVRFMGV_nb_3163,0.7609600471422334
LLFGYPVYV_nb_6738,0.3371138861578707
LLDFVRFMGV_nb_11638,0.21091273374921857
GILGFVFTL_1597,0.5626679361922251
GLCTLVAML_nb_10594,0.3411272246032696
FLYALALLL_nb_4233,0.8770036031496157
ELAGIGILTV_nb_2191,0.693334931288437
LLFGYPVYV_nb_1945,0.8382374476690668
FLYALALLL_nb_9148,0.1668441490669756
LLDFVRFMGV_nb_3507,0.4009883849033322
GILGFVFTL_2776,0.9152707690430832
GLCTLVAML_nb_5783,0.8064110499414523
GLCTLVAML_nb_1323,0.6448229051115074
FLYALALLL_nb_4657,0.6920667189403471
GILGFVFTL_nb_5137,0.48207793983950964
FLYALALLL_nb_4465,0.21468606755657227
LLFGYPVYV_nb_6952,0.6436455058647887
LLDFVRFMGV_nb_3735,0.18398467454287015
GILGFVFTL_2544,0.9006414630579878
ELAGIGILTV_nb_277,0.7182129937834782
GLCTLVAML_2146,0.8697011902389351
GILGFVFTL_147,0.9285274481786681
LLFGYPVYV_nb_10885,0.7061506985613681
LLDFVRFMGV_3235,0.7422391006430428
LLFGYPVYV_nb_11359,0.8513756606697414
GILGFVFTL_nb_9355,0.6103264870725875
LLDFVRFMGV_nb_495,0.5154645079357371
FLYALALLL_nb_8607,0.45759031187778815
GILGFVFTL_3039,0.8392276974768869
GILGFVFTL_375,0.6729566249541808
GILGFVFTL_nb_1138,0.5748066520029238
GLCTLVAML_nb_5922,0.5746764100429196
ELAGIGILTV_nb_2368,0.2110005208817281
LLFGYPVYV_471,0.6266973481366831
GILGFVFTL_nb_9731,0.8309521258383797
LLDFVRFMGV_nb_8316,0.6236658039134648
ELAGIGILTV_81,0.7802239719122779
GLCTLVAML_nb_10309,0.7721240536238855
GILGFVFTL_nb_4812,0.8562952159751462
GLCTLVAML_nb_5748,0.27814249811138914
GILGFVFTL_1138,0.926166689536122
LLFGYPVYV_nb_6397,0.6714688245077097
GILGFVFTL_1904,0.9015240151569166
GILGFVFTL_523,0.9142604548611377
GILGFVFTL_nb_9503,0.31598672658256954
FLYALALLL_nb_9183,0.7502471009493283
LLDFVRFMGV_nb_7950,0.598511011446051
LLDFVRFMGV_nb_8124,0.6056567536855534
ELAGIGILTV_nb_7428,0.8356756385564166
ELAGIGILTV_75,0.8699102334822005
ELAGIGILTV_nb_248,0.8508745732612506
GILGFVFTL_nb_5108,0.5967986092503246
LLFGYPVYV_nb_6151,0.5745141004839862
LLFGYPVYV_nb_6363,0.25441111410021056
FLYALALLL_nb_4668,0.1876212497926018
GLCTLVAML_1353,0.7686821947246116
FLYALALLL_nb_8899,0.6741853276680886
FLYALALLL_nb_9177,0.8383255714018358
LLDFVRFMGV_nb_3538,0.8544728746089945
GILGFVFTL_2749,0.8804955100421166
LLFGYPVYV_nb_6707,0.6934434080513885
FLYALALLL_nb_3815,0.8797098952791707
ELAGIGILTV_nb_6956,0.21716194810477252
LLDFVRFMGV_nb_653,0.6331672507508351
LLFGYPVYV_nb_10871,0.2935326303441541
GILGFVFTL_2923,0.9048292093958789
LLDFVRFMGV_nb_461,0.5403508703712117
LLFGYPVYV_nb_1710,0.31816063709253406
FLYALALLL_nb_857,0.7905569899231563
LLFGYPVYV_nb_6535,0.18336963916715354
GLCTLVAML_3252,0.5583391413497734
GILGFVFTL_nb_5130,0.76263231459513
LLFGYPVYV_nb_6169,0.7181538847639175
FLYALALLL_nb_4462,0.2506922921673775
LLDFVRFMGV_nb_3732,0.6136158988341069
ELAGIGILTV_nb_270,0.850483407427547
ELAGIGILTV_nb_2196,0.24672770000202696
LLDFVRFMGV_nb_3500,0.6262760900541028
LLFGYPVYV_nb_1942,0.6057594426089401
GILGFVFTL_2771,0.6805044446748708
GLCTLVAML_nb_5784,0.5216435874985623
FLYALALLL_nb_4650,0.22363149763808704
GLCTLVAML_nb_1324,0.2564657583460518
GILGFVFTL_nb_9997,0.7767729689685573
ELAGIGILTV_nb_7080,0.13993878803018586
LLDFVRFMGV_nb_3164,0.22019733099186325
LLFGYPVYV_nb_10849,0.5760307005799505
GILGFVFTL_1590,0.7767281588642959
GLCTLVAML_nb_10593,0.4940679988191803
FLYALALLL_nb_4234,0.7549169857897287
FLYALALLL_nb_4006,0.7050101668373363
GLCTLVAML_nb_1572,0.7635046476636315
GILGFVFTL_nb_9399,0.1746050679086712
LLFGYPVYV_nb_11395,0.5051264658539553
LLFGYPVYV_nb_1728,0.7080459906566741
LLDFVRFMGV_nb_459,0.4488568844088279
GILGFVFTL_2127,0.6715919895422288
LLDFVRFMGV_nb_3356,0.66394216383401
LLFGYPVYV_nb_11153,0.17206163340811154
ELAGIGILTV_nb_7074,0.41704440269234666
GILGFVFTL_nb_9963,0.6896882917781008
LLDFVRFMGV_nb_3190,0.6731090667646404
GILGFVFTL_943,0.8838006008402137
ELAGIGILTV_nb_1,0.7483254779377121
GLCTLVAML_nb_5314,0.32427976944950987
GLCTLVAML_nb_10567,0.5917205218146268
ELAGIGILTV_3414,0.8120054903355924
GILGFVFTL_1756,0.8188579357425776
GLCTLVAML_nb_10755,0.5267284819461875
GLCTLVAML_nb_1586,0.2412860893255563
LLFGYPVYV_nb_11361,0.24126926276088448
ELAGIGILTV_nb_2734,0.728387631829725
ELAGIGILTV_nb_7246,0.6100443673592242
GILGFVFTL_3001,0.6352818893939036
GLCTLVAML_nb_5542,0.6278385117554369
GILGFVFTL_1332,0.9295800516983953
FLYALALLL_nb_4496,0.8161807851384769
GLCTLVAML_nb_10331,0.6637141108161707
GILGFVFTL_729,0.8583328991516544
ELAGIGILTV_nb_2350,0.8308129777596538
GILGFVFTL_nb_11803,0.7321072344339185
GILGFVFTL_nb_9709,0.646335130489121
ELAGIGILTV_nb_284,0.7886067857452737
ELAGIGILTV_nb_7622,0.452295748147412
ELAGIGILTV_nb_2162,0.7566990912948838
LLFGYPVYV_nb_11537,0.5241990227741249
FLYALALLL_nb_8855,0.8455521930645824
LLDFVRFMGV_nb_7968,0.33506216553007545
ELAGIGILTV_nb_7410,0.680986365796939
GILGFVFTL_2785,0.9196665491520746
GILGFVFTL_1100,0.9205435864022039
GLCTLVAML_nb_5770,0.42570389507309037
GLCTLVAML_nb_10103,0.7242897389043843
GILGFVFTL_2924,0.35932551037739546
LLFGYPVYV_nb_1717,0.5777273984190379
LLDFVRFMGV_nb_466,0.6322893735276771
GILGFVFTL_2118,0.8561665680220389
FLYALALLL_nb_850,0.8530183657946685
LLDFVRFMGV_nb_3369,0.5746338629106448
LLFGYPVYV_nb_6532,0.5540812209995696
GILGFVFTL_386,0.8947845671700043
FLYALALLL_nb_4039,0.5116457097832785
LLFGYPVYV_nb_6700,0.7341209987095534
FLYALALLL_nb_3812,0.5694345214378739
LLFGYPVYV_nb_11198,0.8531363378936234
LLDFVRFMGV_nb_654,0.849042584663176
LLFGYPVYV_nb_10876,0.7969589598804215
GLCTLVAML_nb_11826,0.7058714829681962
LLFGYPVYV_nb_6364,0.5862981494007204
FLYALALLL_nb_9170,0.4120249615557212
ELAGIGILTV_72,0.214940177441879
GLCTLVAML_nb_5589,0.5263900562605802
LLFGYPVYV_nb_6156,0.683001588855916
LLFGYPVYV_nb_6390,0.7512183868331863
GILGFVFTL_1903,0.3425341230793635
GILGFVFTL_524,0.8588745517881788
LLFGYPVYV_nb_11508,0.21478722826796381
GILGFVFTL_nb_9504,0.7491543037154412
LLDFVRFMGV_nb_8123,0.5292897727841374
LLDFVRFMGV_nb_7957,0.3469016230237482
LLFGYPVYV_nb_1989,0.654081351192623
FLYALALLL_nb_9184,0.6193831224358458
GILGFVFTL_nb_9736,0.5721113391395223
LLDFVRFMGV_nb_8311,0.7769652159181542
GILGFVFTL_2588,0.9065247338435984
ELAGIGILTV_731,0.8759587089805347
GILGFVFTL_nb_4815,0.18035143045197782
GILGFVFTL_716,0.8653082320472001
GLCTLVAML_2717,0.8308042236928002
GILGFVFTL_nb_9352,0.7633352699747932
LLDFVRFMGV_nb_492,0.6680066531858717
FLYALALLL_nb_8600,0.5877638495025586
ELAGIGILTV_nb_7279,0.3646755111630872
GILGFVFTL_1769,0.8066964423418861
GILGFVFTL_372,0.8514426927267407
GLCTLVAML_nb_5925,0.6155883719471376
GILGFVFTL_140,0.9058817958857073
GLCTLVAML_nb_10558,0.6463401871158914
ELAGIGILTV_nb_2539,0.8622665596181893
LLFGYPVYV_nb_11950,0.26655844459624484
LLDFVRFMGV_3232,0.7018798454442287
LLFGYPVYV_nb_10882,0.6597546329718419
ELAGIGILTV_2736,0.8095360576680404
LLFGYPVYV_nb_6709,0.6653691646561957
FLYALALLL_nb_4202,0.39618072775706037
ELAGIGILTV_nb_6958,0.6151258029196682
LLFGYPVYV_nb_11191,0.21310197576620193
LLDFVRFMGV_nb_3152,0.49870274246162216
FLYALALLL_nb_859,0.6722373662446597
FLYALALLL_1535,0.7008152420818562
LLDFVRFMGV_nb_3360,0.8177245381200967
GILGFVFTL_2111,0.9261815515916223
ELAGIGILTV_nb_7284,0.5413470861393366
GILGFVFTL_1794,0.9355136723250456
FLYALALLL_nb_4030,0.825430779501722
GLCTLVAML_nb_1544,0.6401849392749026
ELAGIGILTV_nb_2392,0.46154356712856276
ELAGIGILTV_nb_246,0.7051546872630258
GILGFVFTL_2575,0.908634210972419
LLDFVRFMGV_nb_3704,0.2473224528395835
ELAGIGILTV_2160,0.4412854284806088
GLCTLVAML_nb_5580,0.3681408065842939
GILGFVFTL_nb_5106,0.16740430252006894
FLYALALLL_nb_4454,0.29772157620118167
FLYALALLL_nb_4666,0.7244839680505339
GLCTLVAML_nb_1312,0.7571200891598601
FLYALALLL_nb_8897,0.7223255115692546
GILGFVFTL_2747,0.9199658493029554
LLDFVRFMGV_nb_3536,0.8534362416069183
FLYALALLL_nb_9179,0.41384184673683
LLFGYPVYV_nb_1974,0.2045976991740718
ELAGIGILTV_nb_2366,0.7125426738307168
GILGFVFTL_2581,0.903529879544908
ELAGIGILTV_nb_7614,0.6728210593170616
LLDFVRFMGV_nb_8318,0.23991574518296238
GLCTLVAML_nb_5574,0.26188185675625564
GILGFVFTL_1304,0.8821978281578664
GLCTLVAML_nb_10307,0.45995140924744904
ELAGIGILTV_738,0.9041634694050193
LLFGYPVYV_nb_6399,0.7865779270154567
GILGFVFTL_1136,0.876864876334909
GLCTLVAML_nb_5746,0.44566321733301606
GLCTLVAML_nb_10135,0.3102038610688238
FLYALALLL_nb_4692,0.46291553547307474
FLYALALLL_nb_8863,0.47496417111601286
LLFGYPVYV_nb_11501,0.49154320672155283
ELAGIGILTV_nb_2154,0.2576092419520891
ELAGIGILTV_nb_7426,0.7256196707826881
LLFGYPVYV_nb_1980,0.6657038422136438
GILGFVFTL_1552,0.6287705803341681
GLCTLVAML_nb_5322,0.6820757543590591
GLCTLVAML_2148,0.4482083307172995
GLCTLVAML_nb_10551,0.733406142221399
ELAGIGILTV_nb_2530,0.83694208008979
LLFGYPVYV_nb_11165,0.8720735024061439
ELAGIGILTV_nb_7042,0.16753800090893062
GILGFVFTL_nb_9955,0.6741057333341869
LLDFVRFMGV_nb_7734,0.4135044144739055
ELAGIGILTV_nb_2702,0.3209631326692617
LLFGYPVYV_nb_11357,0.7698240093676643
GILGFVFTL_3037,0.7243166308182152
LLDFVRFMGV_nb_3394,0.849042584663176
FLYALALLL_nb_8609,0.6866256153940632
ELAGIGILTV_nb_7270,0.6407199139183488
GILGFVFTL_1760,0.6711233418122798
ELAGIGILTV_3422,0.8686088417248574
GILGFVFTL_nb_1136,0.20378272143646867
GLCTLVAML_nb_10763,0.6481329142389036
GILGFVFTL_2778,0.9091922917843692
LLDFVRFMGV_nb_3509,0.36493931340191654
LLDFVRFMGV_nb_7995,0.8061868369155005
FLYALALLL_nb_9146,0.7631374549033709
LLFGYPVYV_nb_6352,0.6335417452923549
FLYALALLL_nb_4659,0.7032873746837913
LLFGYPVYV_nb_6160,0.5619510251080928
GILGFVFTL_nb_5139,0.26447316668254917
ELAGIGILTV_nb_279,0.6707094254713863
ELAGIGILTV_44,0.25963645772132127
GILGFVFTL_3498,0.8648345274442417
LLFGYPVYV_nb_6504,0.7541742128901603
LLFGYPVYV_nb_1721,0.1588773160458068
LLDFVRFMGV_nb_450,0.5728779794052674
GILGFVFTL_2912,0.8407183620219985
GILGFVFTL_nb_9390,0.6288382399067927
FLYALALLL_nb_866,0.3143224362143623
LLDFVRFMGV_nb_662,0.28979441020092855
ELAGIGILTV_nb_6967,0.33030473179800585
FLYALALLL_nb_3824,0.8792957347702345
LLFGYPVYV_nb_10840,0.7214767658139525
ELAGIGILTV_nb_7089,0.2828391980035817
LLDFVRFMGV_nb_11636,0.8383541919241915
LLFGYPVYV_nb_6736,0.40636831598679946
GILGFVFTL_182,0.936549622180876
GLCTLVAML_nb_5913,0.8478639264137506
GILGFVFTL_nb_1109,0.6591033993541314
GILGFVFTL_344,0.8829903006086459
LLFGYPVYV_nb_11368,0.5007656528323347
GILGFVFTL_nb_9364,0.6862461747281496
FLYALALLL_nb_892,0.7338787427266678
GILGFVFTL_3008,0.9342386356242942
FLYALALLL_nb_8636,0.22322705221319597
LLDFVRFMGV_nb_696,0.5537604641454279
ELAGIGILTV_nb_6993,0.3428683195178122
LLDFVRFMGV_nb_3199,0.613771796821615
ELAGIGILTV_nb_8,0.7781208728079585
GILGFVFTL_nb_9532,0.7223619121340872
ELAGIGILTV_nb_7419,0.6943359152149611
LLDFVRFMGV_nb_8115,0.5309735982070151
LLDFVRFMGV_nb_7961,0.3833643561713576
GLCTLVAML_nb_5779,0.8491664616700624
GILGFVFTL_512,0.17983960680224645
GILGFVFTL_1935,0.308108085503751
LLFGYPVYV_nb_6194,0.7198456061830061
GILGFVFTL_nb_4823,0.5897013787166447
GLCTLVAML_nb_10338,0.6580874649029006
GILGFVFTL_nb_9700,0.30797972453597033
ELAGIGILTV_nb_2359,0.5491581458747044
LLDFVRFMGV_nb_8327,0.6106858924090453
ELAGIGILTV_nb_2705,0.8429085831449481
LLDFVRFMGV_nb_7733,0.1888297556947155
LLFGYPVYV_nb_11350,0.20679046866922351
LLDFVRFMGV_nb_3393,0.7470989684916349
GILGFVFTL_3030,0.8814032178240873
ELAGIGILTV_nb_7277,0.49164140260875133
GILGFVFTL_1767,0.8740835883167539
GILGFVFTL_nb_1131,0.3516668253908383
GLCTLVAML_nb_10764,0.33161973393813193
GLCTLVAML_nb_5325,0.8751554223763165
ELAGIGILTV_955,0.8792541217968606
GILGFVFTL_1555,0.4504599840629749
GILGFVFTL_972,0.7127639166197295
GLCTLVAML_nb_10556,0.19488986809174944
ELAGIGILTV_nb_2537,0.47726166325330965
LLFGYPVYV_nb_11162,0.8232893236925598
GILGFVFTL_3202,0.13558569987370617
ELAGIGILTV_nb_7045,0.6882766989460448
GILGFVFTL_nb_9952,0.27513765055478895
GLCTLVAML_nb_5741,0.6662450578856844
GILGFVFTL_1131,0.7914969154347846
GLCTLVAML_nb_10132,0.48826710569125503
FLYALALLL_nb_4695,0.13494074781136
FLYALALLL_nb_8864,0.7423324490106727
LLFGYPVYV_nb_11506,0.7681260357682447
ELAGIGILTV_nb_2153,0.17582573885839278
ELAGIGILTV_nb_7421,0.6852223508875742
LLDFVRFMGV_nb_7959,0.6284103152519153
LLFGYPVYV_nb_1987,0.8026133813130615
GILGFVFTL_nb_9738,0.6205445363781572
ELAGIGILTV_nb_2361,0.2107973907620135
ELAGIGILTV_nb_7613,0.26262568390869423
GILGFVFTL_2586,0.9030469087849515
GILGFVFTL_1303,0.9218323577161006
GLCTLVAML_nb_5573,0.7654193677194484
GILGFVFTL_718,0.525884064166474
GLCTLVAML_nb_10300,0.20419589846876612
GLCTLVAML_nb_11828,0.559660710271262
GLCTLVAML_nb_1315,0.8056152087244534
FLYALALLL_nb_4661,0.5953148533285515
FLYALALLL_nb_8890,0.5891279614164592
GILGFVFTL_2740,0.726571836130361
LLFGYPVYV_nb_1973,0.6542044682131378
LLDFVRFMGV_nb_3531,0.5743957241596775
ELAGIGILTV_nb_2395,0.8161926485560647
GLCTLVAML_1168,0.5501015472432085
GILGFVFTL_2572,0.9294231274910291
ELAGIGILTV_nb_241,0.5645212726503064
LLDFVRFMGV_nb_3703,0.4398365993017296
GLCTLVAML_1954,0.3957886568244083
LLFGYPVYV_nb_6158,0.8431330565606936
GILGFVFTL_nb_5101,0.39183599207397574
GLCTLVAML_nb_5587,0.5338784313598643
FLYALALLL_nb_4453,0.6994931631247974
LLDFVRFMGV_nb_468,0.7259121137291359
LLFGYPVYV_nb_1719,0.6889958538972529
LLDFVRFMGV_nb_3367,0.744157772903427
ELAGIGILTV_nb_7283,0.41894713752252144
GILGFVFTL_2116,0.8586582127878721
GILGFVFTL_1793,0.8969517333953837
GLCTLVAML_nb_1543,0.7190040838401064
FLYALALLL_nb_4037,0.7946517406756339
GILGFVFTL_388,0.9380051496302101
GLCTLVAML_nb_10790,0.28744759458167435
GILGFVFTL_986,0.8397278469892776
FLYALALLL_nb_4205,0.7981930368369488
LLFGYPVYV_nb_11196,0.8391271217346247
LLFGYPVYV_nb_10878,0.7334644198029587
LLDFVRFMGV_nb_3155,0.8054802263613947
LLFGYPVYV_nb_6193,0.7705262028574082
GILGFVFTL_727,0.35854801983064605
GILGFVFTL_nb_4824,0.8861369717219931
FLYALALLL_nb_4498,0.275495300281546
GILGFVFTL_nb_9707,0.23327252082277963
LLDFVRFMGV_nb_8320,0.2214176135903447
LLFGYPVYV_nb_11539,0.7118909385037011
GILGFVFTL_nb_9535,0.3268270647874558
GLCTLVAML_1391,0.47060372933309497
LLDFVRFMGV_nb_7966,0.2052811024896595
LLDFVRFMGV_nb_8112,0.582093714225399
GLCTLVAML_448,0.8968422522776768
GILGFVFTL_1932,0.34890894926529614
ELAGIGILTV_nb_6994,0.28103240146538155
ELAGIGILTV_nb_2508,0.8456451901818967
LLDFVRFMGV_nb_691,0.5480412796160772
GLCTLVAML_2170,0.6587054024812637
GLCTLVAML_nb_10569,0.7139243439014069
GILGFVFTL_171,0.8176545771539592
GILGFVFTL_1758,0.9127876808551442
GLCTLVAML_nb_1588,0.8299355802904236
GLCTLVAML_nb_5914,0.7725363382808713
GLCTLVAML_2342,0.8599648238665596
GILGFVFTL_343,0.5158244786525363
GILGFVFTL_nb_9363,0.7260488659232348
FLYALALLL_nb_895,0.7731688719168806
FLYALALLL_nb_8631,0.46871870580216635
ELAGIGILTV_nb_7248,0.8545702742453083
ELAGIGILTV_nb_6960,0.6707340786907872
LLDFVRFMGV_nb_665,0.6406180702723555
FLYALALLL_nb_3823,0.20286560873536358
LLFGYPVYV_nb_10847,0.7839658354541209
GILGFVFTL_nb_9999,0.42737739935013114
LLDFVRFMGV_nb_11631,0.6697769639955163
LLFGYPVYV_nb_6731,0.3382469626232526
GLCTLVAML_2184,0.5768352150659538
GILGFVFTL_185,0.3842318783865985
LLFGYPVYV_nb_6503,0.6363136031618963
FLYALALLL_nb_4008,0.5896371450427043
ELAGIGILTV_390,0.812801119171831
LLDFVRFMGV_nb_457,0.6453225016254289
LLFGYPVYV_nb_1726,0.2933575513977168
GLCTLVAML_1533,0.4717399252292527
GILGFVFTL_nb_9397,0.6270463996184664
GILGFVFTL_2915,0.8914677648476307
LLDFVRFMGV_nb_3358,0.808341310483651
FLYALALLL_nb_861,0.6856460968290585
LLFGYPVYV_nb_6167,0.7103577132833137
ELAGIGILTV_nb_2198,0.14063618498188496
FLYALALLL_nb_9141,0.5241886676430326
LLDFVRFMGV_nb_7992,0.5225093031014476
LLFGYPVYV_nb_6355,0.4000172479648654
ELAGIGILTV_3438,0.7267690048234067
GILGFVFTL_361,0.8554979934441573
GLCTLVAML_nb_10779,0.8189645229390691
GLCTLVAML_nb_5936,0.8037411390363712
GILGFVFTL_nb_9341,0.6155383041768162
ELAGIGILTV_nb_2718,0.5005645993302097
LLDFVRFMGV_nb_481,0.8132566536299675
FLYALALLL_nb_8613,0.3362326752734157
LLFGYPVYV_nb_11943,0.59776749597992
ELAGIGILTV_nb_7058,0.5667947224450507
LLFGYPVYV_nb_10891,0.20993032135811418
ELAGIGILTV_948,0.7881497514460496
GILGFVFTL_1548,0.9262077098310966
GLCTLVAML_nb_5338,0.85063231996042
GILGFVFTL_153,0.2434433559763233
ELAGIGILTV_174,0.8805813644598229
GLCTLVAML_3080,0.6649821753503262
FLYALALLL_nb_8879,0.7191975754842066
GILGFVFTL_nb_9517,0.812690049524551
LLDFVRFMGV_nb_8130,0.17800454578748998
LLDFVRFMGV_nb_7944,0.28558393754522643
FLYALALLL_nb_9197,0.61619289514664
LLFGYPVYV_nb_6383,0.5394719049025789
GILGFVFTL_1910,0.8798649014153755
FLYALALLL_nb_4688,0.6291978541078826
GILGFVFTL_537,0.8596433801170933
ELAGIGILTV_722,0.8899090506060179
GILGFVFTL_nb_4806,0.41975040993397106
GILGFVFTL_705,0.8899534501886528
GLCTLVAML_2704,0.8144930275859501
GILGFVFTL_nb_9725,0.5672261326187518
LLDFVRFMGV_nb_8302,0.77472735011892
FLYALALLL_nb_9163,0.6345042934473065
GLCTLVAML_nb_11835,0.5125222865353273
LLFGYPVYV_nb_6377,0.7979702715729036
GLCTLVAML_nb_1308,0.8412534830617089
LLFGYPVYV_nb_6145,0.6840856882268251
ELAGIGILTV_nb_2388,0.7974001849532812
LLFGYPVYV_nb_6521,0.24136198653730329
GILGFVFTL_395,0.8565617547010911
GILGFVFTL_2937,0.8556090794721143
LLFGYPVYV_nb_1704,0.11475447683646439
LLDFVRFMGV_nb_475,0.293466503275308
FLYALALLL_nb_843,0.8315668222325461
LLDFVRFMGV_nb_647,0.6890407288966676
GILGFVFTL_2339,0.8951516885763181
LLDFVRFMGV_nb_3148,0.7741204442090726
LLFGYPVYV_nb_10865,0.4311630273311433
GILGFVFTL_nb_4698,0.3499201597490301
LLFGYPVYV_nb_6713,0.7086883602886999
ELAGIGILTV_180,0.24496196397320288
FLYALALLL_nb_4218,0.5373379108245407
ELAGIGILTV_nb_2343,0.8796368858853205
GILGFVFTL_nb_11810,0.7005859017068847
ELAGIGILTV_nb_297,0.6264963352036763
ELAGIGILTV_nb_7631,0.2308293613042559
GLCTLVAML_nb_5551,0.6886975317241989
FLYALALLL_nb_4485,0.5532932782769656
GILGFVFTL_nb_4839,0.7576607153128334
GLCTLVAML_nb_10322,0.25119340323829675
GILGFVFTL_1113,0.9092437668601844
GLCTLVAML_nb_5763,0.7857415354025348
GLCTLVAML_nb_10110,0.7597653124296262
GILGFVFTL_508,0.9023990157573321
ELAGIGILTV_nb_2171,0.2051027101405638
FLYALALLL_nb_8846,0.7878464746941402
LLFGYPVYV_nb_11524,0.46034643248912166
GILGFVFTL_nb_9528,0.46765272065426683
ELAGIGILTV_nb_7403,0.11261513275727042
GILGFVFTL_2796,0.8044044438067705
GILGFVFTL_950,0.47095636145613345
GLCTLVAML_nb_5307,0.7681037423696259
GLCTLVAML_nb_10574,0.6835318582667631
LLFGYPVYV_nb_11140,0.5254502915589301
ELAGIGILTV_nb_2515,0.7633248956658932
ELAGIGILTV_nb_6989,0.7902885222083758
GILGFVFTL_nb_9970,0.45999832377951766
ELAGIGILTV_nb_7067,0.39120464877644134
GILGFVFTL_3220,0.9355136723250456
LLDFVRFMGV_nb_3183,0.6113129469641047
LLFGYPVYV_nb_11372,0.602259647246693
ELAGIGILTV_nb_2727,0.7199088294621592
ELAGIGILTV_nb_7255,0.21036125377281945
FLYALALLL_nb_888,0.8712288642225543
GILGFVFTL_3012,0.8737887468455969
FLYALALLL_784,0.6711434065625153
ELAGIGILTV_3407,0.8749709944515491
GILGFVFTL_1745,0.9066488237759074
GLCTLVAML_nb_10746,0.8117382226368147
GILGFVFTL_nb_1113,0.7369878654682248
GLCTLVAML_nb_5909,0.2757006291371001
GLCTLVAML_nb_1595,0.8625689205212836
GILGFVFTL_1583,0.8096810594639948
GLCTLVAML_nb_10580,0.41868744457201856
GILGFVFTL_198,0.8565617547010911
FLYALALLL_nb_4227,0.7595571298045983
LLDFVRFMGV_nb_678,0.7423814070461452
ELAGIGILTV_nb_7093,0.21286653957532795
GILGFVFTL_nb_9984,0.8640163925132556
LLDFVRFMGV_nb_3177,0.22999848428099176
LLFGYPVYV_nb_11386,0.8459332201784413
LLDFVRFMGV_nb_3345,0.6306570419807789
FLYALALLL_nb_4015,0.7363515555784377
GLCTLVAML_nb_1561,0.6691093119640648
LLDFVRFMGV_nb_3721,0.22757282326466774
ELAGIGILTV_nb_263,0.5699564815634058
GILGFVFTL_2550,0.9008134814320632
GILGFVFTL_nb_5123,0.6802516525865864
FLYALALLL_nb_1103,0.686199104178024
FLYALALLL_nb_4471,0.3156161445449659
LLFGYPVYV_nb_6946,0.5416953476105062
GLCTLVAML_nb_5797,0.15886994233627993
LLFGYPVYV_nb_6348,0.2501600997183153
FLYALALLL_nb_4643,0.3940497376407547
GLCTLVAML_nb_1337,0.6120779156045656
ELAGIGILTV_nb_2185,0.8132986771004924
GLCTLVAML_1378,0.7175346805225858
LLDFVRFMGV_nb_3513,0.46667675263684194
LLFGYPVYV_nb_1951,0.572315216034172
GILGFVFTL_2762,0.5826562399777848
FLYALALLL_nb_3806,0.7791160183827355
LLDFVRFMGV_nb_640,0.5352452034844825
LLFGYPVYV_nb_10862,0.32471052472727724
LLFGYPVYV_nb_6714,0.5908401236019669
LLFGYPVYV_nb_6526,0.7017103039027119
GILGFVFTL_1789,0.9214148962451706
GLCTLVAML_nb_1559,0.6177850164032916
GILGFVFTL_2930,0.4171687065545878
LLDFVRFMGV_nb_472,0.849042584663176
LLFGYPVYV_nb_1703,0.5436997906125339
ELAGIGILTV_nb_7299,0.40726521811154004
FLYALALLL_nb_844,0.26359314842876086
LLFGYPVYV_nb_6142,0.7158824435238784
FLYALALLL_nb_4449,0.48692562051622057
LLDFVRFMGV_nb_3719,0.8020853995854705
GILGFVFTL_2568,0.8954317241275664
FLYALALLL_nb_9164,0.4724156673373185
LLFGYPVYV_nb_1969,0.6951275532155368
GLCTLVAML_nb_11832,0.33829587956371865
LLFGYPVYV_nb_6370,0.6793817866967161
GLCTLVAML_nb_5569,0.5178331984997634
GLCTLVAML_2703,0.6231188336993834
GILGFVFTL_nb_4801,0.20267286927170133
GILGFVFTL_nb_9722,0.164976360100073
LLDFVRFMGV_nb_8305,0.3399369016110797
LLDFVRFMGV_3470,0.7609155930570362
ELAGIGILTV_nb_7609,0.671498475978686
ELAGIGILTV_nb_2149,0.469963983402681
GILGFVFTL_nb_9510,0.3992816460166915
FLYALALLL_nb_9190,0.19936428446667287
LLDFVRFMGV_nb_7943,0.42060631511381863
LLDFVRFMGV_nb_8137,0.6214290531690833
LLFGYPVYV_nb_6384,0.7204892925103259
GILGFVFTL_1917,0.760875336103068
ELAGIGILTV_517,0.8124789933981671
GLCTLVAML_nb_10128,0.7902843431402806
GILGFVFTL_530,0.8824532242842923
LLFGYPVYV_nb_11178,0.8049006329216528
LLFGYPVYV_nb_11944,0.5347051478336102
GILGFVFTL_nb_9948,0.5043210666732278
LLFGYPVYV_nb_10896,0.22786303056509116
GILGFVFTL_3218,0.9221513201462808
GILGFVFTL_968,0.8720251709234457
GILGFVFTL_154,0.9134153250180711
GLCTLVAML_2367,0.751947506985918
GLCTLVAML_nb_5931,0.758838582881761
GILGFVFTL_nb_9346,0.7686720975716399
LLDFVRFMGV_nb_486,0.22168850458383774
LLDFVRFMGV_nb_7729,0.3036472114917656
FLYALALLL_nb_8614,0.725512854988628
LLDFVRFMGV_nb_3389,0.16253742508126895
GLCTLVAML_nb_5790,0.4487597931508269
GLCTLVAML_nb_1330,0.8259579448940134
FLYALALLL_nb_4644,0.7535625831391991
ELAGIGILTV_nb_2182,0.5200773772747614
LLFGYPVYV_nb_1956,0.6948046138310027
LLDFVRFMGV_nb_7988,0.833425781557489
LLDFVRFMGV_nb_3514,0.431742867781938
GILGFVFTL_2765,0.8007182554169501
LLDFVRFMGV_nb_3726,0.3713410286876214
GILGFVFTL_2557,0.8936788016684049
ELAGIGILTV_nb_264,0.6651815084518031
GILGFVFTL_nb_5124,0.44802051821036426
FLYALALLL_nb_1104,0.8413656394503237
FLYALALLL_nb_4476,0.6864066479197823
LLFGYPVYV_nb_6941,0.5663485987009681
LLFGYPVYV_nb_11381,0.7164389752458016
LLDFVRFMGV_nb_3342,0.7449702689130102
LLFGYPVYV_nb_6519,0.6556184238328481
GLCTLVAML_nb_1566,0.23275885087186998
FLYALALLL_nb_4012,0.7436185144480074
GILGFVFTL_1584,0.868981246233683
GLCTLVAML_nb_10587,0.21341129426735278
FLYALALLL_nb_4220,0.7272074698386353
FLYALALLL_nb_3839,0.5206723568503913
GILGFVFTL_2301,0.85850698634303
ELAGIGILTV_1191,0.8491753979286183
ELAGIGILTV_nb_7094,0.41886911165177165
GILGFVFTL_nb_9983,0.21544680893069662
LLDFVRFMGV_nb_3170,0.5590310464100192
LLFGYPVYV_nb_11375,0.7358414422296176
GILGFVFTL_nb_9379,0.6963901105399588
ELAGIGILTV_nb_2720,0.5782290461511954
ELAGIGILTV_nb_7252,0.6012911814294806
GILGFVFTL_3015,0.6429113474132325
FLYALALLL_783,0.5609956003389285
GILGFVFTL_1742,0.29366243089025346
GLCTLVAML_nb_10741,0.5928327106611248
GLCTLVAML_nb_1592,0.7329358011162682
GILGFVFTL_nb_1114,0.19674965836761832
GILGFVFTL_957,0.9218323577161006
GLCTLVAML_nb_5300,0.20626359581644405
GILGFVFTL_1570,0.17903769169060718
FLYALALLL_3086,0.6826231480860441
GLCTLVAML_nb_10573,0.608001297522992
LLFGYPVYV_nb_11147,0.861220234555388
ELAGIGILTV_nb_2512,0.7531652682309526
ELAGIGILTV_1165,0.40104277116145465
GILGFVFTL_nb_9977,0.8466218094529173
ELAGIGILTV_nb_7060,0.8428414749028164
LLDFVRFMGV_nb_3184,0.6712648221967661
GLCTLVAML_nb_5764,0.17614878449031512
GILGFVFTL_1114,0.9276520871120679
GILGFVFTL_1928,0.9354727374949321
GLCTLVAML_nb_10117,0.6675670345271079
ELAGIGILTV_nb_2176,0.2800235703794214
FLYALALLL_nb_8841,0.7683895422261499
LLFGYPVYV_nb_11523,0.6223997452804997
LLDFVRFMGV_nb_8108,0.7512608477548421
GILGFVFTL_2791,0.9084390751418581
ELAGIGILTV_nb_7404,0.6774597250746258
ELAGIGILTV_nb_2344,0.6118128829260281
GILGFVFTL_nb_11817,0.36432686816727555
GILGFVFTL_3471,0.9000858187829978
ELAGIGILTV_nb_7636,0.7573842328198401
ELAGIGILTV_nb_290,0.424281785031551
GILGFVFTL_1326,0.879720910785188
GLCTLVAML_nb_5556,0.6744454374848337
LLFGYPVYV_nb_6189,0.7108942686189205
FLYALALLL_nb_4482,0.3540886371275972
GLCTLVAML_nb_10325,0.4785431821050142
ELAGIGILTV_50,0.8764960734006444
LLFGYPVYV_nb_6174,0.4664053528113906
LLFGYPVYV_nb_6948,0.8072602278544676
LLFGYPVYV_nb_6346,0.21236253950468809
GLCTLVAML_nb_5799,0.4757226882580059
GLCTLVAML_nb_1339,0.6972512001151563
GLCTLVAML_1376,0.6606984041951804
FLYALALLL_nb_9152,0.7447142039263241
LLDFVRFMGV_nb_7981,0.23923339466040489
LLFGYPVYV_nb_6722,0.7080624185167315
FLYALALLL_nb_4229,0.6965784499516353
GILGFVFTL_196,0.9218323577161006
ELAGIGILTV_nb_6973,0.7048869715543288
LLDFVRFMGV_nb_676,0.7721483151757262
FLYALALLL_nb_3830,0.737300213643578
LLFGYPVYV_nb_10854,0.6588632331955591
LLDFVRFMGV_nb_3179,0.5712987932613116
GILGFVFTL_2308,0.24433101546796165
LLDFVRFMGV_nb_444,0.849042584663176
LLFGYPVYV_nb_1735,0.7567578588561191
GILGFVFTL_nb_9384,0.3574762401157022
LLFGYPVYV_nb_11388,0.3769892707366648
FLYALALLL_nb_872,0.7443253917513236
LLFGYPVYV_nb_6510,0.21510669067546523
GLCTLVAML_nb_5309,0.6677093264249194
GILGFVFTL_1579,0.8661579139190638
ELAGIGILTV_nb_6987,0.2793006264702712
LLDFVRFMGV_nb_682,0.6417515101847937
ELAGIGILTV_nb_7069,0.2655568272519886
ELAGIGILTV_nb_2729,0.7817932308171459
GILGFVFTL_nb_9370,0.7487436012220072
FLYALALLL_nb_886,0.8772768485018871
FLYALALLL_nb_8622,0.15698666069515865
ELAGIGILTV_3409,0.8723407804506845
ELAGIGILTV_377,0.8352648028762295
GLCTLVAML_nb_5907,0.8079496457666469
GLCTLVAML_nb_10748,0.30111559971598756
GILGFVFTL_nb_9714,0.2455183019505004
ELAGIGILTV_nb_299,0.6311809665815697
LLDFVRFMGV_nb_8333,0.5113771134076948
LLFGYPVYV_nb_6180,0.8503569632161023
GILGFVFTL_734,0.8720251709234457
GILGFVFTL_nb_4837,0.24003864500249128
GILGFVFTL_506,0.9269923119458183
GILGFVFTL_1921,0.9109089856574064
FLYALALLL_nb_8848,0.1952811465273576
GILGFVFTL_nb_9526,0.616379461363678
GILGFVFTL_2798,0.2779643129098377
LLDFVRFMGV_nb_7975,0.24834095912805834
LLDFVRFMGV_nb_8101,0.7961482860121063
GLCTLVAML_nb_1550,0.5678735206381753
FLYALALLL_nb_4024,0.5442607446269693
GLCTLVAML_3248,0.7822656028702011
GLCTLVAML_nb_10783,0.48884098894840533
GILGFVFTL_2939,0.807887207851353
LLDFVRFMGV_nb_3374,0.287832751080189
ELAGIGILTV_nb_7290,0.6227601559109743
GILGFVFTL_2105,0.8681274510105932
LLDFVRFMGV_nb_649,0.6005090836891089
LLFGYPVYV_nb_11185,0.5679722574470101
LLDFVRFMGV_nb_3146,0.2071338097406841
GILGFVFTL_nb_4696,0.41188199630901473
GILGFVFTL_995,0.9144291035228888
FLYALALLL_nb_4216,0.8753970857818079
FLYALALLL_nb_8883,0.6527554381830504
GILGFVFTL_2753,0.8964964239211286
LLFGYPVYV_nb_1960,0.21791675259935783
LLDFVRFMGV_nb_3522,0.6027961326419964
LLFGYPVYV_nb_6379,0.5578401288473367
GLCTLVAML_nb_1306,0.8140074966645847
FLYALALLL_nb_4672,0.8537552021977648
GILGFVFTL_nb_5112,0.6351149498358161
GLCTLVAML_nb_5594,0.8570138830533787
FLYALALLL_nb_4440,0.5920534275513698
ELAGIGILTV_nb_2386,0.7599936543232849
GILGFVFTL_2561,0.9214725692579363
ELAGIGILTV_nb_252,0.31385669240416225
LLDFVRFMGV_nb_3710,0.4242328521236976
GLCTLVAML_1947,0.672451850543335
LLFGYPVYV_nb_11515,0.22834913872905804
FLYALALLL_nb_8877,0.5136879984165403
GILGFVFTL_nb_9519,0.895906703134596
ELAGIGILTV_nb_2140,0.8324442552454656
ELAGIGILTV_nb_7432,0.23327340227549426
LLFGYPVYV_nb_1994,0.4560552428397825
FLYALALLL_nb_9199,0.575126621112467
GLCTLVAML_nb_5752,0.6432389378522698
GILGFVFTL_1122,0.8904164149176547
GILGFVFTL_539,0.9019842248267824
GLCTLVAML_nb_10121,0.6621995520619808
FLYALALLL_nb_4686,0.7562491420315443
ELAGIGILTV_3052,0.8618219506914397
GILGFVFTL_1310,0.48657607824662563
GLCTLVAML_nb_5560,0.7888016533181974
GLCTLVAML_nb_10313,0.48964707259080115
GILGFVFTL_nb_4808,0.6400282454575941
GILGFVFTL_nb_11821,0.737196054837429
ELAGIGILTV_nb_2372,0.8665061871800374
ELAGIGILTV_nb_7600,0.5952652426296157
GILGFVFTL_2595,0.9031599595586063
GILGFVFTL_1774,0.9301404615066506
ELAGIGILTV_3436,0.5167632155523443
ELAGIGILTV_348,0.7744469650208605
GLCTLVAML_nb_5938,0.7475291458622443
GILGFVFTL_nb_1122,0.5932396916486822
GLCTLVAML_nb_10777,0.37805165322514184
ELAGIGILTV_nb_2716,0.7445433509076751
LLFGYPVYV_nb_11343,0.7702014853163492
LLDFVRFMGV_nb_3380,0.6813987355124573
GILGFVFTL_3023,0.8936795695906801
ELAGIGILTV_nb_7264,0.7663257979174014
ELAGIGILTV_nb_2524,0.7042348506832903
LLFGYPVYV_nb_11171,0.6178426685460481
GILGFVFTL_3211,0.882917577896128
GILGFVFTL_nb_9941,0.635203361094887
ELAGIGILTV_nb_7056,0.21299581699128692
GLCTLVAML_nb_5336,0.8633730720133851
ELAGIGILTV_946,0.8973531148463327
GILGFVFTL_1546,0.9267070917365803
GILGFVFTL_961,0.612126361899191
GLCTLVAML_nb_10545,0.16099510632746736
GLCTLVAML_nb_10119,0.21028629578917107
ELAGIGILTV_526,0.7416898739574975
GILGFVFTL_1926,0.6907212058039958
GILGFVFTL_nb_9521,0.20948962195993526
ELAGIGILTV_nb_2178,0.6834489753207461
LLDFVRFMGV_nb_8106,0.1482771916138885
LLDFVRFMGV_nb_7972,0.6886478541903602
GILGFVFTL_nb_11819,0.2817992632401252
GILGFVFTL_nb_9713,0.7145086838484142
ELAGIGILTV_nb_7638,0.6759039610982996
LLDFVRFMGV_nb_8334,0.8649548508163767
LLFGYPVYV_nb_6187,0.17996450477170156
GLCTLVAML_nb_5558,0.85063231996042
GILGFVFTL_733,0.7382138128243263
GILGFVFTL_nb_9377,0.5908496030779891
FLYALALLL_nb_881,0.723764599592778
FLYALALLL_nb_8625,0.29625012168187237
GLCTLVAML_nb_5900,0.3026788193584058
GILGFVFTL_357,0.9136973855503989
GILGFVFTL_959,0.9166628572821647
LLDFVRFMGV_nb_685,0.7670908616942178
ELAGIGILTV_nb_6980,0.7179851697870123
LLFGYPVYV_nb_11149,0.7609589616685735
GILGFVFTL_3229,0.6441936517580811
GILGFVFTL_nb_9979,0.39011446134350436
LLFGYPVYV_nb_1732,0.6285171908977182
LLDFVRFMGV_nb_443,0.4190749305422967
GILGFVFTL_nb_9383,0.6368173185228653
FLYALALLL_nb_875,0.746614401263137
LLFGYPVYV_nb_6517,0.5972403337513822
GLCTLVAML_nb_1568,0.8253142492675073
LLFGYPVYV_nb_6725,0.6648724054994724
GILGFVFTL_191,0.5820404225991433
GLCTLVAML_nb_10589,0.6393111220089662
LLDFVRFMGV_nb_671,0.6000994223981531
ELAGIGILTV_nb_6974,0.6409581046938545
FLYALALLL_nb_3837,0.5003906823306741
LLFGYPVYV_nb_10853,0.7315586502983069
LLFGYPVYV_nb_6341,0.8377602828430268
LLFGYPVYV_nb_1958,0.6542044682131378
LLDFVRFMGV_nb_7986,0.6685263573771527
FLYALALLL_nb_9155,0.8130599502733746
GILGFVFTL_2559,0.7865614177903286
LLDFVRFMGV_nb_3728,0.849042584663176
LLFGYPVYV_nb_6173,0.6522876349673239
FLYALALLL_nb_4478,0.22817672772121123
ELAGIGILTV_nb_2523,0.3722514400051823
LLFGYPVYV_nb_11176,0.5587132199419861
GILGFVFTL_3216,0.9218323577161006
LLFGYPVYV_nb_10898,0.5189468526061045
GILGFVFTL_nb_9946,0.5116555368818804
ELAGIGILTV_nb_7051,0.8369575446717307
GILGFVFTL_1541,0.912542710180289
GLCTLVAML_nb_5331,0.27274203125580326
GLCTLVAML_2967,0.8738859301690027
GLCTLVAML_nb_10542,0.5525124663481541
GILGFVFTL_1773,0.912878499096299
ELAGIGILTV_3431,0.7197248271367136
GILGFVFTL_nb_1125,0.22252786032190588
GLCTLVAML_2369,0.12883629453059417
GLCTLVAML_nb_10770,0.6338610476897683
GILGFVFTL_368,0.9089563961532073
LLDFVRFMGV_nb_7727,0.7457155004875177
ELAGIGILTV_nb_2711,0.7830184045178736
LLDFVRFMGV_nb_488,0.7010106212983545
LLFGYPVYV_nb_11344,0.7768434550616059
GILGFVFTL_nb_9348,0.8387317291522778
GILGFVFTL_3024,0.8863867713191802
LLDFVRFMGV_nb_3387,0.47556885836394963
ELAGIGILTV_nb_7263,0.36979822325940664
GLCTLVAML_nb_5567,0.7215268706534151
GILGFVFTL_1317,0.661246639748626
GLCTLVAML_nb_10314,0.5953573103304627
ELAGIGILTV_nb_2375,0.3766050003144689
GILGFVFTL_2592,0.9104417555695656
ELAGIGILTV_nb_7607,0.4914574218165081
LLFGYPVYV_nb_11512,0.8275624951550438
FLYALALLL_nb_8870,0.8692246476349277
ELAGIGILTV_nb_2147,0.9009217719808534
ELAGIGILTV_nb_7435,0.2639383115911855
LLDFVRFMGV_nb_8139,0.3011533385751191
LLFGYPVYV_nb_1993,0.645738003697454
GLCTLVAML_nb_5755,0.12688356775257084
GLCTLVAML_nb_10126,0.20356467763294228
GILGFVFTL_1919,0.7367648945524552
FLYALALLL_nb_4681,0.7917846529153165
GLCTLVAML_nb_5593,0.7173131634569846
GILGFVFTL_nb_5115,0.5765187385344073
FLYALALLL_nb_4447,0.6697326543551728
ELAGIGILTV_nb_2381,0.5616140168208402
ELAGIGILTV_nb_255,0.8076587689125216
GILGFVFTL_2566,0.925339135809788
ELAGIGILTV_68,0.8785614251628052
LLDFVRFMGV_nb_3717,0.7732051287184589
FLYALALLL_nb_8884,0.8449937905767713
GILGFVFTL_2754,0.407813461206113
LLDFVRFMGV_nb_3525,0.3010928807915778
LLFGYPVYV_nb_1967,0.2120133785704551
FLYALALLL_nb_4675,0.8753970857818079
GLCTLVAML_nb_1301,0.36326944178577436
FLYALALLL_nb_3808,0.7362364675243317
LLFGYPVYV_nb_11182,0.8589208223377892
LLDFVRFMGV_nb_3141,0.6915378505882399
GILGFVFTL_2330,0.891786555086615
GILGFVFTL_992,0.9292737311295396
FLYALALLL_nb_4211,0.5776121198874296
GILGFVFTL_1787,0.8489944609566221
LLFGYPVYV_nb_6528,0.48461129801572816
FLYALALLL_nb_4023,0.8404726193250778
GLCTLVAML_nb_1557,0.8512278633953994
GLCTLVAML_nb_10784,0.8535674040458805
LLDFVRFMGV_nb_3373,0.7928646626808077
ELAGIGILTV_nb_7297,0.6581839242769978
GILGFVFTL_3070,0.7894440690258675
ELAGIGILTV_nb_7237,0.6362647297263786
ELAGIGILTV_nb_2745,0.7389737568014612
LLDFVRFMGV_nb_7773,0.6644521469782916
LLFGYPVYV_nb_11310,0.6828832465665307
FLYALALLL_nb_4083,0.6297213794624097
GILGFVFTL_nb_1171,0.5040548907748981
GLCTLVAML_nb_10724,0.16259247323909182
GILGFVFTL_1727,0.20356624040207766
ELAGIGILTV_3465,0.822274557183305
LLFGYPVYV_nb_6588,0.8124149125920715
GLCTLVAML_nb_10516,0.6264616825849594
GLCTLVAML_nb_5365,0.8586566864043762
GILGFVFTL_1515,0.5918134192362653
GILGFVFTL_932,0.5196442886104715
GILGFVFTL_3242,0.8056827751621458
GILGFVFTL_2390,0.5917931897263993
GILGFVFTL_nb_9912,0.6102112641718096
ELAGIGILTV_nb_7005,0.5510773021582862
ELAGIGILTV_nb_2577,0.7629624767905775
LLFGYPVYV_nb_11122,0.4349204336282016
GLCTLVAML_nb_10172,0.2658489813443317
GLCTLVAML_nb_5701,0.6698333286380076
GILGFVFTL_1171,0.5714581774086754
ELAGIGILTV_nb_7461,0.7400912739339105
LLDFVRFMGV_nb_7919,0.4239621207062309
LLDFVRFMGV_nb_3585,0.241315624614927
FLYALALLL_nb_8824,0.4020898464522167
LLFGYPVYV_nb_11546,0.6010899147656714
ELAGIGILTV_nb_2113,0.6862758706235211
ELAGIGILTV_nb_7653,0.7406935214606498
GILGFVFTL_nb_9778,0.5105883200649501
ELAGIGILTV_nb_2321,0.6974544122174015
GLCTLVAML_nb_10340,0.5610337550074306
GILGFVFTL_758,0.899083773878251
GLCTLVAML_nb_5533,0.697265239393186
GLCTLVAML_nb_10186,0.5727034860514826
FLYALALLL_nb_4621,0.7328568299223654
GLCTLVAML_nb_1355,0.7245936913712421
GLCTLVAML_nb_11868,0.3212695877841128
GILGFVFTL_1185,0.9131090602694383
GILGFVFTL_2700,0.9276520871120679
ELAGIGILTV_nb_7495,0.23911563195990354
LLFGYPVYV_nb_1933,0.5834606839872893
LLDFVRFMGV_nb_3571,0.8107323727682959
LLDFVRFMGV_nb_8199,0.444979610702033
ELAGIGILTV_nb_201,0.4944443004071831
GILGFVFTL_2532,0.9128720122818108
LLDFVRFMGV_nb_3743,0.6729362606707111
LLFGYPVYV_nb_6924,0.16681670932763873
FLYALALLL_nb_4413,0.7955144608672129
LLFGYPVYV_nb_6118,0.730535907712893
GILGFVFTL_nb_5141,0.6711976542190151
LLDFVRFMGV_nb_3327,0.8525472038221881
GILGFVFTL_2156,0.5669160387815035
LLDFVRFMGV_nb_428,0.15113627152996426
LLDFVRFMGV_nb_7787,0.7277720466657375
LLFGYPVYV_nb_1759,0.7623161979049933
FLYALALLL_nb_4077,0.7694637144277037
GLCTLVAML_nb_1503,0.8396322159095835
GILGFVFTL_nb_1185,0.7183861410426952
FLYALALLL_nb_4245,0.5411286004373493
GLCTLVAML_nb_5391,0.6835240672458807
LLFGYPVYV_nb_10838,0.21377997280559013
LLDFVRFMGV_nb_3115,0.18652734884892824
GILGFVFTL_2364,0.8844642616616392
FLYALALLL_nb_8488,0.23601624511745897
ELAGIGILTV_nb_2583,0.7930406243760177
GILGFVFTL_nb_4864,0.38875336476895545
ELAGIGILTV_740,0.8469040465536597
LLDFVRFMGV_nb_3788,0.583587936477313
LLDFVRFMGV_nb_8360,0.1691330310456452
GILGFVFTL_nb_9747,0.7701310950204787
LLDFVRFMGV_nb_7926,0.49675094543231657
LLDFVRFMGV_nb_8152,0.42297069526917097
ELAGIGILTV_nb_2910,0.16612759310073866
GILGFVFTL_nb_9575,0.7694494689493465
LLFGYPVYV_635,0.8397011204557827
GILGFVFTL_555,0.9065247338435984
ELAGIGILTV_572,0.884463274118653
GILGFVFTL_1972,0.9329011956987826
LLFGYPVYV_nb_11921,0.5630041765540019
ELAGIGILTV_nb_2548,0.5673723311563537
FLYALALLL_nb_3897,0.6999687262099143
ELAGIGILTV_116,0.8313674474579784
GLCTLVAML_nb_10529,0.7334387330393782
LLDFVRFMGV_nb_11685,0.5835496504499653
LLFGYPVYV_nb_6785,0.7829603590248253
GLCTLVAML_nb_5954,0.6305849823874171
GILGFVFTL_1718,0.8567024434231794
ELAGIGILTV_nb_7208,0.19693994757877373
FLYALALLL_nb_8671,0.6599042617105575
LLFGYPVYV_nb_1792,0.7143510076008411
GLCTLVAML_1587,0.20940251414733843
GILGFVFTL_nb_9323,0.8898869269899281
LLFGYPVYV_nb_10807,0.6799091263662033
LLDFVRFMGV_nb_625,0.8163149023881225
FLYALALLL_nb_3863,0.4427384288877694
LLDFVRFMGV_nb_11671,0.8501769112465769
LLFGYPVYV_nb_6771,0.13950799889715715
LLFGYPVYV_nb_6543,0.8231516681381218
LLDFVRFMGV_nb_3318,0.8024712327450428
FLYALALLL_nb_821,0.7238732166008199
FLYALALLL_nb_8685,0.5748872532526871
LLDFVRFMGV_nb_417,0.4080058126135794
LLFGYPVYV_nb_1766,0.48798304258159636
GILGFVFTL_2955,0.7769755090568676
GILGFVFTL_793,0.8345549743200689
GILGFVFTL_nb_4890,0.8037590615624699
LLFGYPVYV_nb_6127,0.7595660175194078
GILGFVFTL_1388,0.666913449339136
ELAGIGILTV_nb_7698,0.45313990780365326
LLDFVRFMGV_nb_8394,0.7904273980126219
FLYALALLL_nb_9101,0.8137702752242871
GILGFVFTL_nb_9581,0.22793651323683
GILGFVFTL_1986,0.9355136723250456
LLFGYPVYV_nb_6315,0.7388619430090508
GLCTLVAML_nb_11857,0.8155903544574713
FLYALALLL_nb_4242,0.7436192653403841
LLDFVRFMGV_nb_11649,0.5213699999334086
GLCTLVAML_nb_5396,0.8138372203860524
LLFGYPVYV_nb_6749,0.34886850822706117
LLDFVRFMGV_nb_3112,0.7287259810465699
GILGFVFTL_2363,0.7273464242826635
ELAGIGILTV_nb_2584,0.6714215651849519
GLCTLVAML_1779,0.23505566713373632
FLYALALLL_nb_819,0.7780987064893463
LLDFVRFMGV_nb_3320,0.3956426327582524
GILGFVFTL_2151,0.9264033288061857
LLDFVRFMGV_nb_7780,0.6733346614044067
GLCTLVAML_nb_5998,0.682341000669697
GILGFVFTL_nb_1182,0.65254176464506
GLCTLVAML_nb_1504,0.7327595990318483
FLYALALLL_nb_4070,0.8367976851752221
GILGFVFTL_2535,0.8973753637893633
ELAGIGILTV_nb_206,0.21970793835054545
LLDFVRFMGV_nb_3744,0.6038879755864366
LLFGYPVYV_nb_6923,0.21755879292365096
FLYALALLL_nb_4414,0.5809507781792029
GILGFVFTL_nb_5146,0.5330815753326732
GLCTLVAML_nb_10181,0.35653298047938103
GLCTLVAML_nb_1352,0.8479418161236227
FLYALALLL_nb_4626,0.5059156106530369
GILGFVFTL_1182,0.8904766159242432
ELAGIGILTV_nb_7492,0.664266498713513
LLDFVRFMGV_nb_3576,0.5784256319946227
LLFGYPVYV_nb_1934,0.710654158718615
FLYALALLL_nb_9139,0.749985307257697
ELAGIGILTV_nb_7654,0.7575624929832476
LLDFVRFMGV_nb_8358,0.4789829453103291
ELAGIGILTV_nb_2326,0.7300683745828159
GLCTLVAML_nb_10347,0.5664378754676871
GLCTLVAML_nb_5534,0.5520535030143775
GLCTLVAML_nb_10175,0.4914350676899333
GILGFVFTL_1176,0.9327975350219427
GLCTLVAML_nb_5706,0.6370196327939632
ELAGIGILTV_nb_7466,0.6656411106880098
LLDFVRFMGV_nb_3582,0.27673018149751494
FLYALALLL_nb_8823,0.1165063928691967
LLFGYPVYV_nb_11541,0.6518070180235227
ELAGIGILTV_nb_2114,0.7450281966916873
GLCTLVAML_nb_10511,0.7106537736536876
ELAGIGILTV_912,0.8792534934384213
GILGFVFTL_1512,0.8801078688695766
GLCTLVAML_nb_5362,0.8374295596910857
GILGFVFTL_935,0.9279370789945183
GILGFVFTL_3245,0.8523831032751079
GILGFVFTL_nb_9915,0.733896113833725
ELAGIGILTV_nb_7002,0.7813932120718367
LLFGYPVYV_nb_11919,0.7231275261451613
GILGFVFTL_2397,0.8856113290822756
ELAGIGILTV_nb_2570,0.22841556596426638
LLFGYPVYV_nb_11125,0.2097140816200397
ELAGIGILTV_nb_7230,0.515235680083841
FLYALALLL_nb_8649,0.8267191610201641
LLDFVRFMGV_nb_7774,0.4123866146899565
ELAGIGILTV_nb_2742,0.8961655387281269
GILGFVFTL_2999,0.9094315555510138
LLFGYPVYV_nb_11317,0.711999423074867
GILGFVFTL_nb_1176,0.8203020713513415
FLYALALLL_nb_4084,0.4780044515990089
GLCTLVAML_nb_10723,0.5823319265278832
GILGFVFTL_1720,0.894777269543126
ELAGIGILTV_3462,0.8256129777811361
GILGFVFTL_2738,0.7215277511225011
LLDFVRFMGV_nb_3549,0.38760014409610205
FLYALALLL_nb_9106,0.803977354451183
GILGFVFTL_nb_9586,0.27676369366619535
GLCTLVAML_1322,0.8108094819840832
GILGFVFTL_1981,0.9179095108187387
FLYALALLL_nb_4619,0.6354751909821258
ELAGIGILTV_581,0.33366484410221475
LLFGYPVYV_nb_6312,0.1499405986495889
GLCTLVAML_nb_11850,0.33804826073964594
GILGFVFTL_nb_4897,0.7265806840700093
GLCTLVAML_2795,0.7846400216989287
GILGFVFTL_794,0.6154037408076678
LLFGYPVYV_nb_6120,0.7787394709275983
GILGFVFTL_nb_5179,0.12174628461530503
ELAGIGILTV_nb_239,0.5064532685006631
LLDFVRFMGV_nb_8393,0.7447366595990474
GLCTLVAML_3223,0.45268305863797453
LLFGYPVYV_nb_6544,0.5205135118101851
FLYALALLL_nb_826,0.6548415513549961
FLYALALLL_nb_8682,0.7810939669826529
GLCTLVAML_1574,0.8072327625392725
LLFGYPVYV_nb_1761,0.7523301025779727
ELAGIGILTV_nb_2789,0.8500576492539782
LLDFVRFMGV_nb_410,0.8405886505337052
GILGFVFTL_2952,0.6763327742319698
LLFGYPVYV_nb_10800,0.6527814771056384
LLDFVRFMGV_nb_622,0.9004538648532969
FLYALALLL_nb_3864,0.6437768087956737
LLDFVRFMGV_nb_11676,0.20539493779306048
LLFGYPVYV_nb_6776,0.6041225521198161
GILGFVFTL_nb_1149,0.7746358929708639
GLCTLVAML_nb_5953,0.8193327178597257
ELAGIGILTV_323,0.7322943458427025
GLCTLVAML_2305,0.824152749107678
GILGFVFTL_304,0.7348142557347399
GILGFVFTL_3048,0.8863867713191802
FLYALALLL_nb_8676,0.7371643055924424
LLFGYPVYV_nb_1795,0.7112102302416233
GILGFVFTL_nb_9324,0.8064554481483324
LLFGYPVYV_nb_11328,0.8099088775620007
LLFGYPVYV_nb_11926,0.6511150096745595
FLYALALLL_nb_3890,0.709445012272027
FLYALALLL_nb_4289,0.7032873746837913
GILGFVFTL_136,0.8933886579262877
LLDFVRFMGV_nb_11682,0.27304608279284376
LLFGYPVYV_nb_6782,0.705522334727545
ELAGIGILTV_nb_7459,0.8215743440898351
LLDFVRFMGV_nb_8155,0.5678214101116078
LLDFVRFMGV_nb_7921,0.8505267060512395
GILGFVFTL_nb_9572,0.522534681469671
GILGFVFTL_552,0.9279370789945183
GILGFVFTL_1975,0.9160653229259024
ELAGIGILTV_575,0.18973368542544716
GLCTLVAML_nb_1399,0.3118947439703027
GILGFVFTL_1149,0.8827895896939034
GLCTLVAML_nb_5739,0.5933887635073254
GILGFVFTL_nb_4863,0.8739032924658985
GLCTLVAML_nb_10378,0.83152182135648
GILGFVFTL_760,0.6593373269282262
LLDFVRFMGV_nb_8367,0.43088286979503054
LLDFVRFMGV_477,0.7837968923131103
GILGFVFTL_nb_9740,0.5840014650377319
ELAGIGILTV_nb_2319,0.3762199008959878
FLYALALLL_nb_4422,0.21076969971380702
LLFGYPVYV_nb_6915,0.7590014637691825
GLCTLVAML_nb_10385,0.7842130433530501
GILGFVFTL_nb_5170,0.6547804010947932
GILGFVFTL_1386,0.8620796859123616
LLFGYPVYV_nb_6129,0.5277414048038382
LLDFVRFMGV_nb_3772,0.6282536327508237
ELAGIGILTV_nb_230,0.3274372393518328
ELAGIGILTV_nb_7696,0.5139911761404046
LLDFVRFMGV_nb_3540,0.2840386889333305
LLFGYPVYV_nb_1902,0.6023553134899736
GILGFVFTL_2731,0.7988807329380655
GLCTLVAML_nb_1364,0.77339911961374
GILGFVFTL_1988,0.9103454637928834
FLYALALLL_nb_4610,0.7454790545124633
GLCTLVAML_nb_11859,0.1452408911455348
GILGFVFTL_2355,0.6545370807870092
LLDFVRFMGV_nb_3124,0.6440163223028031
GILGFVFTL_3287,0.3279466125804185
LLFGYPVYV_nb_10809,0.5772349798068226
FLYALALLL_nb_4274,0.6671541532025058
FLYALALLL_3026,0.5865679834668589
GLCTLVAML_nb_1532,0.3958417718827695
FLYALALLL_nb_4046,0.18156251148715183
GILGFVFTL_2167,0.7510350213183881
LLDFVRFMGV_nb_3316,0.6552696103767545
FLYALALLL_1543,0.6409851531479285
LLFGYPVYV_nb_1768,0.7563164940186629
ELAGIGILTV_nb_2780,0.7478017028615787
LLDFVRFMGV_nb_419,0.6667558070509486
GILGFVFTL_nb_9923,0.7306248127829716
ELAGIGILTV_nb_7034,0.7013353559291249
GILGFVFTL_3273,0.8997140929967175
FLYALALLL_nb_3899,0.628061686840836
LLFGYPVYV_nb_11113,0.6362691108315796
ELAGIGILTV_nb_2546,0.540800601220357
GLCTLVAML_nb_10527,0.5599462349960689
FLYALALLL_nb_4280,0.8111654216851851
GILGFVFTL_1524,0.7096236409036561
GLCTLVAML_nb_5354,0.6582946567275398
GLCTLVAML_nb_10715,0.7368061406512691
GILGFVFTL_nb_1140,0.8305117039644728
ELAGIGILTV_3454,0.8465865852773098
GILGFVFTL_1716,0.8742005458752735
GILGFVFTL_2193,0.9006414630579878
ELAGIGILTV_nb_7206,0.538950562326074
LLFGYPVYV_nb_11321,0.5728450375067166
LLDFVRFMGV_nb_7742,0.7398026230698767
ELAGIGILTV_nb_2774,0.7224472334130165
GLCTLVAML_nb_10371,0.29159208129356745
GLCTLVAML_nb_5502,0.7047416646271674
GILGFVFTL_nb_5184,0.6663914256273118
GILGFVFTL_1372,0.8853374709690264
LLDFVRFMGV_nb_3786,0.5822900138096772
ELAGIGILTV_nb_7662,0.8183062618853891
ELAGIGILTV_nb_2310,0.7267230941336966
GILGFVFTL_nb_9749,0.7891997000740931
LLDFVRFMGV_nb_7928,0.6964924369621113
ELAGIGILTV_nb_7450,0.21215373131457332
ELAGIGILTV_nb_2122,0.4461394956384405
FLYALALLL_nb_8815,0.1957162551517727
GLCTLVAML_nb_1390,0.27726379090625863
GLCTLVAML_nb_10143,0.8219566722025902
GILGFVFTL_1140,0.894941018009266
GLCTLVAML_nb_5730,0.2936539578061675
GILGFVFTL_2158,0.6295685183187352
FLYALALLL_nb_810,0.2563042076829247
LLDFVRFMGV_nb_3329,0.739365721964822
GILGFVFTL_2964,0.9040470740934926
LLDFVRFMGV_nb_7789,0.22023991588324304
LLFGYPVYV_nb_1757,0.7452478955080852
LLDFVRFMGV_nb_426,0.7479781141012938
GLCTLVAML_nb_5991,0.7634665691259398
FLYALALLL_nb_4079,0.7609162699205975
LLFGYPVYV_nb_6572,0.7559550669058201
LLFGYPVYV_nb_6740,0.7737917467621203
LLDFVRFMGV_nb_11640,0.7789310235316241
FLYALALLL_nb_8486,0.8652831996732382
LLFGYPVYV_nb_10836,0.27404788631737625
FLYALALLL_nb_3852,0.4956306479488824
LLDFVRFMGV_nb_614,0.19380176572187494
GLCTLVAML_2591,0.8124736578759074
GLCTLVAML_nb_10188,0.5992753889737051
GILGFVFTL_590,0.9218323577161006
GLCTLVAML_nb_11866,0.227541163472847
LLFGYPVYV_nb_6324,0.5801114827560601
ELAGIGILTV_nb_11602,0.19699328925011972
LLDFVRFMGV_nb_8197,0.3948457866470603
FLYALALLL_nb_9130,0.8159815498329033
GILGFVFTL_nb_9782,0.5182602881364722
ELAGIGILTV_785,0.8628230157197281
LLFGYPVYV_nb_6116,0.6008221720433864
GILGFVFTL_564,0.6472839826532111
LLDFVRFMGV_nb_8163,0.3770824590597454
LLDFVRFMGV_nb_7917,0.5094906729819026
GILGFVFTL_nb_9544,0.6281485674960966
LLFGYPVYV_nb_11548,0.3384237447602466
LLDFVRFMGV_nb_8351,0.8267724127710776
GILGFVFTL_nb_9776,0.4169903088341693
GILGFVFTL_nb_4855,0.7934939359441869
GLCTLVAML_2757,0.12283005739479527
GILGFVFTL_756,0.7033058309665836
ELAGIGILTV_nb_7239,0.41801137696386725
FLYALALLL_nb_8640,0.8855190532079558
GILGFVFTL_2990,0.858645501860848
GILGFVFTL_nb_9312,0.5461589210320498
GILGFVFTL_332,0.9218323577161006
GLCTLVAML_nb_5965,0.5088655513247099
ELAGIGILTV_315,0.8233863750903357
LLFGYPVYV_nb_6586,0.7059821221190015
GILGFVFTL_1729,0.9160528163576606
GLCTLVAML_nb_10518,0.7017601434775333
GILGFVFTL_100,0.6451716575153773
ELAGIGILTV_127,0.8156796070782073
FLYALALLL_nb_8472,0.7325849239400748
LLFGYPVYV_nb_11910,0.23510620083460598
ELAGIGILTV_nb_2579,0.7520812995427985
ELAGIGILTV_nb_7457,0.5752162007235142
ELAGIGILTV_nb_2125,0.8215663282062393
FLYALALLL_nb_8812,0.6456481661204871
GLCTLVAML_nb_1397,0.41515124644742796
GLCTLVAML_nb_10144,0.14695670947679917
GLCTLVAML_nb_5737,0.1682793291778058
GLCTLVAML_nb_10376,0.42823450061023605
GILGFVFTL_nb_5183,0.17825482331416398
GILGFVFTL_1375,0.9239762784453871
GLCTLVAML_nb_5505,0.8248699108323123
LLDFVRFMGV_nb_8369,0.6672996919267795
LLDFVRFMGV_nb_3781,0.6516831833722294
ELAGIGILTV_nb_7665,0.22135946333811846
ELAGIGILTV_nb_2317,0.850483407427547
GLCTLVAML_nb_10712,0.7434018261896975
GILGFVFTL_nb_1147,0.2666952598134823
ELAGIGILTV_3453,0.7945566123619504
GLCTLVAML_257,0.8073839724582792
GILGFVFTL_1711,0.7716479707867441
ELAGIGILTV_nb_7201,0.22294023725942463
FLYALALLL_nb_8678,0.6855880221304329
GILGFVFTL_2194,0.8862871341135469
GILGFVFTL_3046,0.17983960680224645
LLFGYPVYV_nb_11326,0.4115418054308463
ELAGIGILTV_nb_2773,0.5092811105047965
LLDFVRFMGV_nb_7745,0.6304602754411655
GILGFVFTL_nb_9924,0.17815650300850638
ELAGIGILTV_nb_7033,0.8089521376284423
LLFGYPVYV_nb_11928,0.33099495139091895
GILGFVFTL_3274,0.39562387962256834
LLFGYPVYV_nb_11114,0.6180592605691453
ELAGIGILTV_nb_2541,0.7993848128901925
GLCTLVAML_nb_10520,0.49359228034029823
GILGFVFTL_138,0.8822085450099226
FLYALALLL_nb_4287,0.8061975548833981
GILGFVFTL_904,0.805816125259452
GLCTLVAML_nb_5353,0.5559712616637739
GILGFVFTL_1523,0.4425444998677092
FLYALALLL_nb_4041,0.7763956324353238
GLCTLVAML_nb_1535,0.8735757945875131
LLDFVRFMGV_nb_3311,0.6779217625562342
FLYALALLL_nb_828,0.21246516262474663
ELAGIGILTV_nb_2787,0.6508408725237443
GILGFVFTL_2352,0.9135973377349904
GILGFVFTL_3280,0.5459526304179672
LLDFVRFMGV_nb_3123,0.706283014348151
FLYALALLL_nb_4273,0.8681283542259509
LLFGYPVYV_nb_6778,0.8028612038902745
LLDFVRFMGV_nb_11678,0.5326188359969213
FLYALALLL_nb_9108,0.3760723148947041
LLFGYPVYV_nb_1905,0.2995522020511979
LLDFVRFMGV_nb_3547,0.4447430600482946
GILGFVFTL_nb_9588,0.2474654238717525
FLYALALLL_nb_4617,0.844403372825874
GLCTLVAML_nb_1363,0.6231352356992245
FLYALALLL_nb_4425,0.5879758625171233
GLCTLVAML_nb_10382,0.6752350307919721
LLFGYPVYV_nb_6912,0.33574523759035857
GILGFVFTL_nb_4899,0.8497407158396979
GILGFVFTL_nb_5177,0.609294080997404
GILGFVFTL_1381,0.9122611816746053
LLDFVRFMGV_nb_3775,0.6597781999767791
ELAGIGILTV_nb_7691,0.5446447758707769
ELAGIGILTV_nb_237,0.46162817917273213
GILGFVFTL_2504,0.919397414312713
GILGFVFTL_107,0.3833546332693313
GILGFVFTL_2399,0.24601446126306042
ELAGIGILTV_1109,0.8660851214605554
FLYALALLL_nb_8475,0.8309843605979359
LLFGYPVYV_nb_11917,0.7742472927627433
GLCTLVAML_1783,0.36388224180064843
FLYALALLL_nb_8647,0.6543477697631728
GILGFVFTL_nb_9315,0.37221490279376046
LLFGYPVYV_nb_11319,0.24214410473094886
GILGFVFTL_2997,0.639132088735864
GILGFVFTL_335,0.8574303208381874
GLCTLVAML_nb_5962,0.6149351402713215
GILGFVFTL_nb_1178,0.7469046957513927
LLFGYPVYV_nb_6581,0.6122188920657428
LLDFVRFMGV_nb_8356,0.7950608064835356
ELAGIGILTV_nb_2328,0.8482675851347425
GILGFVFTL_nb_9771,0.881365969020895
GILGFVFTL_751,0.3164311928714115
GLCTLVAML_nb_10349,0.6244281550058399
GILGFVFTL_nb_4852,0.6722618221250201
GILGFVFTL_563,0.8661579139190638
GLCTLVAML_nb_5708,0.8787481973576704
GILGFVFTL_1178,0.8831074912244805
LLDFVRFMGV_nb_7910,0.4071954164294114
LLDFVRFMGV_nb_8164,0.3980781697703705
ELAGIGILTV_nb_7468,0.22353848194213177
GILGFVFTL_nb_9543,0.21144066379326557
ELAGIGILTV_nb_208,0.4565557723721225
GLCTLVAML_1121,0.7590588393358817
GILGFVFTL_nb_9785,0.2310608785339242
ELAGIGILTV_782,0.8624504735141381
GILGFVFTL_nb_5148,0.41866925650908776
LLFGYPVYV_nb_6111,0.6840546004624702
FLYALALLL_nb_4628,0.7609162699205975
GILGFVFTL_597,0.9018216621461681
GLCTLVAML_nb_11861,0.7328849138018448
ELAGIGILTV_nb_11605,0.4949396137687387
LLFGYPVYV_nb_6323,0.43106697729632026
FLYALALLL_nb_9137,0.6019889000198735
LLDFVRFMGV_nb_8190,0.7188914063351374
LLDFVRFMGV_nb_3578,0.1882546064393822
GILGFVFTL_2709,0.779653762591769
LLDFVRFMGV_2737,0.5993723302764146
LLFGYPVYV_nb_6747,0.22589036978808089
GLCTLVAML_nb_5398,0.47984168950912615
LLDFVRFMGV_nb_11647,0.6313044372025554
FLYALALLL_nb_8481,0.47290903038932863
LLFGYPVYV_nb_10831,0.6062509360257148
FLYALALLL_nb_3855,0.8496329358196307
LLDFVRFMGV_nb_613,0.45131149387156977
FLYALALLL_nb_817,0.7790744329474253
GILGFVFTL_2963,0.9212292198924927
LLDFVRFMGV_nb_421,0.45859995011375443
LLFGYPVYV_nb_1750,0.7702454176752576
GLCTLVAML_nb_5996,0.49898349037759665
LLFGYPVYV_nb_6575,0.4795291215876863
GILGFVFTL_190,0.7162545471216107
GLCTLVAML_nb_10588,0.8578903226802178
LLFGYPVYV_nb_6724,0.4879794801773268
LLFGYPVYV_nb_10852,0.23638883011061695
ELAGIGILTV_nb_6975,0.8111492652215178
LLDFVRFMGV_nb_670,0.8348727338753034
FLYALALLL_nb_3836,0.8175024708310277
FLYALALLL_nb_874,0.7308668039707218
LLDFVRFMGV_nb_442,0.4393309958478579
LLFGYPVYV_nb_1733,0.7188721235717394
GILGFVFTL_nb_9382,0.4871380963373904
GLCTLVAML_nb_1569,0.6570674878304748
ELAGIGILTV_385,0.8932215545836693
LLFGYPVYV_nb_6516,0.7035325702163804
GILGFVFTL_2558,0.7808300921743504
LLDFVRFMGV_nb_3729,0.7267042339849681
FLYALALLL_nb_4479,0.7560624786054962
LLFGYPVYV_nb_6172,0.6187428108769661
LLFGYPVYV_nb_6340,0.6783275862054623
LLDFVRFMGV_nb_7987,0.37647453346168674
LLFGYPVYV_nb_1959,0.8691613995379806
FLYALALLL_nb_9154,0.7201751883317474
GLCTLVAML_1370,0.17770111622955015
ELAGIGILTV_nb_7639,0.3031970857783908
LLDFVRFMGV_nb_8335,0.731061252708284
GILGFVFTL_nb_9712,0.7913298273053034
GILGFVFTL_nb_11818,0.3228736538543011
GILGFVFTL_732,0.886224401959451
GILGFVFTL_nb_4831,0.6819896321870534
LLFGYPVYV_nb_6186,0.7612898344223876
GILGFVFTL_1329,0.9115074408896621
GLCTLVAML_nb_5559,0.7071142092209537
GILGFVFTL_500,0.7860102410253802
GLCTLVAML_nb_10118,0.752980502469726
ELAGIGILTV_527,0.8829964652977045
GILGFVFTL_1927,0.8830522916467884
LLDFVRFMGV_nb_7973,0.6682257981325106
LLDFVRFMGV_nb_8107,0.6792709124358193
GILGFVFTL_nb_9520,0.8300009817234262
ELAGIGILTV_nb_2179,0.8117401593182628
GILGFVFTL_164,0.9279370789945183
GILGFVFTL_958,0.8796219711746562
GILGFVFTL_3228,0.8188717484671653
GILGFVFTL_nb_9978,0.6084133969493566
ELAGIGILTV_nb_6981,0.7691942164367596
LLDFVRFMGV_nb_684,0.6481288906433902
LLFGYPVYV_nb_11148,0.7519137941865776
FLYALALLL_nb_880,0.5987357697390743
FLYALALLL_nb_8624,0.620249080719752
GILGFVFTL_nb_9376,0.7248273292793781
GLCTLVAML_nb_5901,0.5716918341662092
GILGFVFTL_2755,0.9218323577161006
LLFGYPVYV_nb_1966,0.641837490264801
FLYALALLL_1371,0.4658791880930366
LLDFVRFMGV_nb_3524,0.886383378459055
FLYALALLL_nb_8885,0.6754936373408856
FLYALALLL_nb_4674,0.6323688734502922
GLCTLVAML_nb_1300,0.6946885445074109
FLYALALLL_nb_4446,0.743459893913454
LLFGYPVYV_1465,0.6994835961062587
GILGFVFTL_nb_5114,0.6695071702716832
GLCTLVAML_nb_5592,0.5137250552074897
ELAGIGILTV_nb_254,0.7223488433984737
GILGFVFTL_2567,0.893186367015406
LLDFVRFMGV_nb_3716,0.6568510253932206
ELAGIGILTV_nb_2380,0.637484003447911
FLYALALLL_nb_4022,0.6125945183404279
GLCTLVAML_nb_1556,0.8132684088458323
LLFGYPVYV_1001,0.8395639581841592
GLCTLVAML_nb_10785,0.8036188832872051
GILGFVFTL_1786,0.42931951075082625
LLFGYPVYV_nb_6529,0.7104410597394017
LLDFVRFMGV_nb_3372,0.7432687191195552
ELAGIGILTV_nb_7296,0.2844138816633611
GILGFVFTL_2103,0.8635314371393861
LLDFVRFMGV_nb_3140,0.7029194740502677
GILGFVFTL_2331,0.8833846130862415
LLFGYPVYV_nb_11183,0.23328904116464688
FLYALALLL_nb_3809,0.13883005830872885
FLYALALLL_nb_4210,0.500466099557886
GILGFVFTL_993,0.9226843159177313
GILGFVFTL_nb_1124,0.4988615073643034
GLCTLVAML_nb_10771,0.6871834216872081
GLCTLVAML_2368,0.13345628968231568
GILGFVFTL_369,0.35854801983064605
GILGFVFTL_1772,0.8914771237229655
ELAGIGILTV_3430,0.816396354644873
GILGFVFTL_3025,0.8885415199102319
LLDFVRFMGV_nb_3386,0.502498800599759
ELAGIGILTV_nb_7262,0.7914496622793453
LLDFVRFMGV_nb_489,0.785897849380389
ELAGIGILTV_nb_2710,0.7127931587707663
GILGFVFTL_nb_9349,0.6276055584466574
LLFGYPVYV_nb_11345,0.12716706329037428
LLFGYPVYV_nb_10899,0.38383464173674664
GILGFVFTL_3217,0.6202813506115727
GILGFVFTL_nb_9947,0.16578009987860973
ELAGIGILTV_nb_7050,0.22993310225995703
ELAGIGILTV_nb_2522,0.684484803381274
LLFGYPVYV_nb_11177,0.2594883265302071
GLCTLVAML_nb_10543,0.5391519570374858
GLCTLVAML_nb_5330,0.44525189023242034
GILGFVFTL_1540,0.43425497212957076
GLCTLVAML_2966,0.8242770316303436
ELAGIGILTV_nb_7434,0.5305539867377248
LLFGYPVYV_nb_1992,0.6048203317461097
LLDFVRFMGV_nb_8138,0.6330037176275879
FLYALALLL_nb_8871,0.2403284887092511
LLFGYPVYV_nb_11513,0.7468604888205763
ELAGIGILTV_nb_2146,0.4813251751345623
GLCTLVAML_nb_10127,0.6683682445635485
FLYALALLL_nb_4680,0.6493078083560153
GILGFVFTL_1918,0.9027309439322768
GLCTLVAML_nb_5754,0.6840167853645627
GILGFVFTL_1124,0.7589127874671557
GLCTLVAML_nb_10315,0.6962450215242145
GILGFVFTL_1316,0.6202813506115727
GLCTLVAML_nb_5566,0.3978972715042449
ELAGIGILTV_nb_7606,0.5991592138205996
GILGFVFTL_2593,0.8103197929291659
ELAGIGILTV_nb_2374,0.7736305964213316
FLYALALLL_nb_887,0.7225654049142876
FLYALALLL_nb_8623,0.5671364875612431
ELAGIGILTV_nb_2728,0.582197618855986
GILGFVFTL_nb_9371,0.32299417074263115
GLCTLVAML_nb_5906,0.16666896395962
GLCTLVAML_nb_10749,0.7932313087336342
GILGFVFTL_351,0.8439514573473175
ELAGIGILTV_3408,0.8433742914885298
ELAGIGILTV_144,0.829491763949656
GLCTLVAML_2162,0.7586246126141888
GILGFVFTL_1578,0.4497833772073154
GLCTLVAML_nb_5308,0.8712272618352523
ELAGIGILTV_nb_7068,0.4348428292492532
LLDFVRFMGV_nb_683,0.8854499807017244
ELAGIGILTV_nb_6986,0.7607915444977535
GILGFVFTL_507,0.3446777465444151
GILGFVFTL_1920,0.8619666736136624
GILGFVFTL_2799,0.2932110965124439
LLDFVRFMGV_nb_8100,0.29046962298884743
LLDFVRFMGV_nb_7974,0.8050179876355561
GILGFVFTL_nb_9527,0.38751108210630686
FLYALALLL_nb_8849,0.6448483245615991
ELAGIGILTV_nb_298,0.8398082161762537
LLDFVRFMGV_nb_8332,0.4217692861209539
GILGFVFTL_nb_9715,0.8372298601630932
GILGFVFTL_nb_4836,0.4426737626631023
GILGFVFTL_735,0.6383212885308021
LLFGYPVYV_nb_6181,0.7182625785020325
FLYALALLL_915,0.30281019844417906
GLCTLVAML_nb_1338,0.8932512105615483
LLFGYPVYV_nb_6347,0.6859883283315797
GLCTLVAML_nb_5798,0.3310988072535489
FLYALALLL_nb_9153,0.8050166504669138
LLDFVRFMGV_nb_7980,0.64600039466735
GLCTLVAML_1377,0.7501223269827626
ELAGIGILTV_51,0.9087053208200238
LLFGYPVYV_nb_6949,0.377134134194437
LLFGYPVYV_nb_6175,0.8029060874241667
FLYALALLL_nb_873,0.7372185596953988
LLFGYPVYV_nb_1734,0.3717614213899444
LLDFVRFMGV_nb_445,0.22389987909870265
LLFGYPVYV_nb_11389,0.584765934880134
GILGFVFTL_nb_9385,0.760873580205012
LLFGYPVYV_nb_6511,0.28799284740783637
FLYALALLL_nb_4228,0.2046111438453109
LLFGYPVYV_nb_6723,0.33437030908659743
LLDFVRFMGV_nb_3178,0.7142569256080349
LLFGYPVYV_nb_10855,0.17899545702983766
GILGFVFTL_2309,0.8403548216248984
LLDFVRFMGV_nb_677,0.623021640086009
ELAGIGILTV_nb_6972,0.5667496439453108
FLYALALLL_nb_3831,0.7590573327322497
GILGFVFTL_nb_4809,0.6966140663839235
GLCTLVAML_nb_10312,0.7443662979221584
ELAGIGILTV_3053,0.8863032801688667
GLCTLVAML_nb_5561,0.5646188239903907
GILGFVFTL_1311,0.8558307292778073
GILGFVFTL_2594,0.9019842248267824
ELAGIGILTV_nb_7601,0.7800004158738844
GILGFVFTL_nb_11820,0.5493167830684309
ELAGIGILTV_nb_2373,0.5543489756592068
ELAGIGILTV_nb_7433,0.9014603576687636
LLFGYPVYV_nb_1995,0.3943492449972523
FLYALALLL_nb_9198,0.5054821714275746
GILGFVFTL_nb_9518,0.8169968862580655
FLYALALLL_nb_8876,0.5748561066166993
LLFGYPVYV_nb_11514,0.5811313004097933
ELAGIGILTV_nb_2141,0.4278426559172425
GILGFVFTL_538,0.1606496545060671
GLCTLVAML_nb_10120,0.12754470231470028
FLYALALLL_nb_4687,0.27493302081119253
GILGFVFTL_1123,0.9133015183061437
GLCTLVAML_nb_5753,0.7496869223503473
GILGFVFTL_3210,0.9061183670361768
GILGFVFTL_nb_9940,0.5301264735476238
ELAGIGILTV_nb_7057,0.5300179857740871
ELAGIGILTV_nb_2525,0.1388945034310481
LLFGYPVYV_nb_11170,0.4619837396646712
GLCTLVAML_nb_10544,0.6272792314024611
ELAGIGILTV_947,0.8313302866248358
GILGFVFTL_1547,0.878893262763675
GLCTLVAML_nb_5337,0.4191430201035973
GILGFVFTL_960,0.9234193591355887
GLCTLVAML_nb_5939,0.47596211280974315
GILGFVFTL_nb_1123,0.5296076578893897
GLCTLVAML_nb_10776,0.6404000750892846
GILGFVFTL_1775,0.8685996711740649
ELAGIGILTV_3437,0.8405565157874565
LLDFVRFMGV_nb_3381,0.7133531438301485
ELAGIGILTV_nb_7265,0.2067490538375356
ELAGIGILTV_nb_2717,0.7249301997256112
LLFGYPVYV_nb_11342,0.7154928905875468
LLDFVRFMGV_nb_3147,0.22139005522597993
GILGFVFTL_2336,0.6444869957547547
LLDFVRFMGV_nb_648,0.2176608499613193
LLFGYPVYV_nb_11184,0.6958813455632283
FLYALALLL_nb_4217,0.8529960787034195
GILGFVFTL_994,0.8357913443208931
GILGFVFTL_nb_4697,0.15529446050727996
GLCTLVAML_3249,0.863912247430414
GLCTLVAML_nb_1551,0.36015910602324364
FLYALALLL_nb_4025,0.6984268291726974
GLCTLVAML_nb_10782,0.6647816107872937
LLDFVRFMGV_nb_3375,0.2400970463563638
GILGFVFTL_2104,0.7413889561275411
ELAGIGILTV_nb_7291,0.11846135030612363
GILGFVFTL_2938,0.4850186907059745
FLYALALLL_nb_4441,0.30584257445281404
GLCTLVAML_nb_5595,0.7232227454357876
GILGFVFTL_nb_5113,0.8228505745331284
GILGFVFTL_2560,0.6241613247607611
ELAGIGILTV_nb_253,0.6832133747669822
GLCTLVAML_1946,0.38496431548390075
LLDFVRFMGV_nb_3711,0.48335287615465705
ELAGIGILTV_nb_2387,0.3020354090412615
GILGFVFTL_2752,0.9295800516983953
LLDFVRFMGV_nb_3523,0.597703010588813
LLFGYPVYV_nb_1961,0.6461054926800354
FLYALALLL_nb_8882,0.17793754081946217
GLCTLVAML_nb_1307,0.8677386880723312
FLYALALLL_nb_4673,0.7215963043482014
LLFGYPVYV_nb_6378,0.6437759859350909
LLDFVRFMGV_nb_8136,0.20033514137844954
FLYALALLL_nb_9191,0.6780238337680229
LLDFVRFMGV_nb_7942,0.5039919738525427
ELAGIGILTV_nb_2148,0.3762199008959878
GILGFVFTL_nb_9511,0.6798873200379302
GLCTLVAML_nb_10129,0.45104735543529023
GILGFVFTL_531,0.8609668195738218
LLFGYPVYV_nb_6385,0.6893907086509685
GILGFVFTL_nb_4800,0.6297680985972814
GLCTLVAML_2702,0.7598985527786974
GLCTLVAML_nb_5568,0.7116059685764529
GILGFVFTL_1318,0.9218323577161006
ELAGIGILTV_93,0.8756888850278239
LLDFVRFMGV_nb_8304,0.18919388235188112
ELAGIGILTV_nb_7608,0.1907052064704283
GILGFVFTL_nb_9723,0.8448629530202318
GILGFVFTL_367,0.33332688215116757
GLCTLVAML_nb_5930,0.24404309034317775
FLYALALLL_nb_8615,0.7826583605811368
LLDFVRFMGV_nb_3388,0.7339724638065209
GILGFVFTL_nb_9347,0.21865109558090218
LLDFVRFMGV_nb_7728,0.2818664018112454
LLDFVRFMGV_nb_487,0.45075738687214006
GILGFVFTL_nb_9949,0.7436988742924646
LLFGYPVYV_nb_11945,0.7317887771310082
GILGFVFTL_3219,0.7913477748371414
LLFGYPVYV_nb_10897,0.5509440192948086
LLFGYPVYV_nb_11179,0.7535220551344389
LLDFVRFMGV_242,0.6766527813690254
GILGFVFTL_155,0.3939597279320569
GILGFVFTL_969,0.9199641554587907
GILGFVFTL_393,0.8583019451035396
GLCTLVAML_nb_1558,0.7293644540769186
LLFGYPVYV_nb_6527,0.7405440803797022
GILGFVFTL_1788,0.3684140893300174
ELAGIGILTV_nb_7298,0.8139163669358578
FLYALALLL_nb_845,0.709789996387125
GILGFVFTL_2931,0.860380223773665
LLFGYPVYV_nb_1702,0.756301742026766
LLDFVRFMGV_nb_473,0.6937803545422147
LLFGYPVYV_nb_10863,0.6293817796071394
FLYALALLL_nb_3807,0.5694345214378739
LLDFVRFMGV_nb_641,0.5992785370348183
LLFGYPVYV_nb_6715,0.49441213296131287
FLYALALLL_nb_9165,0.5982466166173972
LLFGYPVYV_nb_1968,0.4142824713221871
GLCTLVAML_1341,0.7598272605776542
GLCTLVAML_nb_11833,0.7474338768255779
LLFGYPVYV_nb_6371,0.8201681993191832
FLYALALLL_nb_4448,0.7490919492413473
LLFGYPVYV_nb_6143,0.6850585618262401
LLDFVRFMGV_nb_3718,0.34093937361999943
GILGFVFTL_2569,0.8869321314276835
GLCTLVAML_nb_10572,0.8400592491295797
GILGFVFTL_956,0.8944460014344323
GILGFVFTL_1571,0.6663849914793611
GLCTLVAML_nb_5301,0.7193618608780359
GILGFVFTL_nb_9976,0.4696732974800686
ELAGIGILTV_nb_7061,0.6437822685850625
LLDFVRFMGV_nb_3185,0.8096379690622547
LLFGYPVYV_nb_11146,0.70317778791764
ELAGIGILTV_nb_2513,0.13473125655366144
ELAGIGILTV_nb_7253,0.4697085408705436
GILGFVFTL_3014,0.9218395156347376
GILGFVFTL_nb_9378,0.3357106905114957
LLFGYPVYV_nb_11374,0.24468309292999807
ELAGIGILTV_nb_2721,0.821747240224052
GILGFVFTL_358,0.8826478366031585
GLCTLVAML_nb_10740,0.6536778251827627
GILGFVFTL_nb_1115,0.7563943240041462
GLCTLVAML_nb_1593,0.8599429249939229
GILGFVFTL_1743,0.766822955870549
ELAGIGILTV_nb_291,0.7834240160078009
ELAGIGILTV_nb_7637,0.2706991451208793
ELAGIGILTV_nb_2345,0.338335937543668
GILGFVFTL_nb_11816,0.32173861062894865
FLYALALLL_nb_4483,0.460725725062629
GLCTLVAML_nb_10324,0.5943601274617397
GLCTLVAML_nb_5557,0.6630541317641917
GILGFVFTL_1327,0.9295800516983953
LLFGYPVYV_nb_6188,0.7050987856986359
GILGFVFTL_1929,0.9281045976909663
GLCTLVAML_nb_10116,0.7717141332041422
GILGFVFTL_1115,0.8867728211423153
GLCTLVAML_nb_5765,0.8512278633953994
FLYALALLL_2531,0.6525716417020327
LLDFVRFMGV_nb_8109,0.4959775212302926
ELAGIGILTV_nb_7405,0.7449281297208468
GILGFVFTL_2790,0.9011991256913192
ELAGIGILTV_nb_2177,0.7997561645714305
LLFGYPVYV_nb_11522,0.2556711005740565
FLYALALLL_nb_8840,0.5429078050352639
LLDFVRFMGV_nb_3727,0.8590085026012855
GILGFVFTL_2556,0.838092601128795
ELAGIGILTV_nb_265,0.902734519885887
FLYALALLL_nb_4477,0.8739779020280972
LLFGYPVYV_nb_6940,0.7619244080599559
GILGFVFTL_nb_5125,0.6876683547019417
FLYALALLL_nb_1105,0.8440996398554856
GLCTLVAML_nb_1331,0.579862884555139
FLYALALLL_nb_4645,0.6984330651184777
GLCTLVAML_nb_5791,0.6896133785160452
LLDFVRFMGV_nb_3515,0.7130015140710311
LLDFVRFMGV_nb_7989,0.7392544382107803
LLFGYPVYV_nb_1957,0.18718009173037403
ELAGIGILTV_nb_2183,0.5608732359320964
GLCTLVAML_nb_10586,0.5630092352488503
FLYALALLL_nb_4221,0.7780155056587195
ELAGIGILTV_nb_7095,0.7360861632825306
GILGFVFTL_nb_9982,0.1855936191838452
GILGFVFTL_2300,0.2161113745837434
LLDFVRFMGV_nb_3171,0.7022593237482184
FLYALALLL_nb_3838,0.18616184595204133
GILGFVFTL_2132,0.7808300921743504
LLDFVRFMGV_nb_3343,0.5353562397110406
LLFGYPVYV_nb_11380,0.23004345314729946
GLCTLVAML_nb_1567,0.49189139335887394
FLYALALLL_nb_4013,0.6170736652969457
LLFGYPVYV_nb_6518,0.8144647872836992
LLFGYPVYV_nb_6144,0.21993738656103945
ELAGIGILTV_nb_2389,0.7956873127869888
FLYALALLL_nb_9162,0.7181701892508516
GLCTLVAML_nb_1309,0.28794439237953207
GLCTLVAML_nb_11834,0.5976633736596918
LLFGYPVYV_nb_6376,0.26422117148463403
GILGFVFTL_2338,0.5116132653028329
LLFGYPVYV_nb_10864,0.5279875722923348
LLDFVRFMGV_nb_3149,0.6731090667646404
LLDFVRFMGV_nb_646,0.4617408918655374
ELAGIGILTV_181,0.8368666792730272
FLYALALLL_nb_4219,0.7616825513335798
GILGFVFTL_nb_4699,0.49485282846108275
LLFGYPVYV_nb_6712,0.7047733528531287
GILGFVFTL_394,0.8111062945083081
LLFGYPVYV_nb_6520,0.44509231718346504
FLYALALLL_nb_842,0.8074651952977312
GILGFVFTL_2936,0.9244969647539025
LLDFVRFMGV_nb_474,0.65342853959936
LLFGYPVYV_nb_1705,0.747527811853528
ELAGIGILTV_nb_7059,0.3678433946580965
LLFGYPVYV_nb_11942,0.7269354165792593
LLFGYPVYV_nb_10890,0.21415413110788248
GILGFVFTL_152,0.9189236646120607
GLCTLVAML_3081,0.797777704957864
ELAGIGILTV_175,0.8946820581743269
GLCTLVAML_nb_5339,0.29372941416261517
ELAGIGILTV_949,0.3021437604697411
GILGFVFTL_1549,0.394270159350973
GILGFVFTL_360,0.30685771614797225
GLCTLVAML_nb_10778,0.4263713383952094
GLCTLVAML_nb_5937,0.7975645143727748
ELAGIGILTV_3439,0.3017977059028947
FLYALALLL_nb_8612,0.6825671979135521
GILGFVFTL_nb_9340,0.6459790973502672
LLDFVRFMGV_nb_480,0.7930582090010602
ELAGIGILTV_nb_2719,0.821747240224052
ELAGIGILTV_723,0.7884925168351031
GILGFVFTL_704,0.9218323577161006
GLCTLVAML_2705,0.6331891125452482
GILGFVFTL_nb_4807,0.851726495985349
LLDFVRFMGV_nb_8303,0.25872314751355063
ELAGIGILTV_94,0.8588085859504344
GILGFVFTL_nb_9724,0.6025708202253195
LLDFVRFMGV_nb_7945,0.20844102845851667
FLYALALLL_nb_9196,0.6910874080040008
LLDFVRFMGV_nb_8131,0.7002318661095345
GILGFVFTL_nb_9516,0.7057078459772717
FLYALALLL_nb_8878,0.41534282634488173
FLYALALLL_nb_4689,0.7334733359009321
GILGFVFTL_1911,0.8549549758928044
GILGFVFTL_536,0.8803218044466148
LLFGYPVYV_nb_6382,0.80396141257397
GILGFVFTL_2135,0.9280222142954677
LLDFVRFMGV_nb_3344,0.864717166629253
LLFGYPVYV_nb_11387,0.5827732180038635
GILGFVFTL_2909,0.8842729096222315
FLYALALLL_nb_4014,0.724111835123532
GLCTLVAML_nb_1560,0.5363138046175034
GLCTLVAML_nb_10581,0.5394529126023158
GILGFVFTL_199,0.8971915859550006
FLYALALLL_nb_4226,0.7303523430362162
GILGFVFTL_1582,0.9209344153194492
ELAGIGILTV_982,0.8509848998901807
GILGFVFTL_2307,0.7411739072079543
ELAGIGILTV_nb_7092,0.27170356091828735
GILGFVFTL_nb_9985,0.6092439821670416
LLDFVRFMGV_nb_3176,0.512449080509269
LLDFVRFMGV_nb_679,0.8815761374335841
FLYALALLL_nb_4642,0.4705676298364804
GLCTLVAML_nb_1336,0.5367651646142368
GLCTLVAML_nb_5796,0.7915648063866543
LLFGYPVYV_nb_6349,0.5178129395205904
LLFGYPVYV_nb_1950,0.572315216034172
LLDFVRFMGV_nb_3512,0.5822877013063144
GILGFVFTL_2763,0.8639406671773362
ELAGIGILTV_nb_2184,0.684484803381274
LLDFVRFMGV_nb_3720,0.20201187818963529
ELAGIGILTV_nb_262,0.5465401057894569
GILGFVFTL_2551,0.9312923143287674
FLYALALLL_nb_4470,0.62352473570417
LLFGYPVYV_nb_6947,0.7243530548055568
GILGFVFTL_nb_5122,0.2506151453868276
FLYALALLL_nb_1102,0.3877179648462905
GLCTLVAML_nb_10111,0.3357117639469964
GILGFVFTL_509,0.2910664007589006
GLCTLVAML_nb_5762,0.8329425507311643
GILGFVFTL_1112,0.9224566242824905
GILGFVFTL_2797,0.9120362097772295
ELAGIGILTV_nb_7402,0.643155387174896
ELAGIGILTV_nb_2170,0.6081414991920289
GILGFVFTL_nb_9529,0.5412344791217176
LLFGYPVYV_nb_11525,0.18740341022959428
FLYALALLL_nb_8847,0.5996006577101346
ELAGIGILTV_nb_7630,0.27433993595335776
ELAGIGILTV_nb_296,0.4944443004071831
ELAGIGILTV_nb_2342,0.5642270759421476
GILGFVFTL_nb_11811,0.34122663986832746
FLYALALLL_nb_4484,0.685901229307426
GLCTLVAML_nb_10323,0.3193328421553725
GILGFVFTL_nb_4838,0.808819875787901
GILGFVFTL_1320,0.9276520871120679
GLCTLVAML_nb_5550,0.49703261761713124
ELAGIGILTV_nb_7254,0.44683332408214066
GILGFVFTL_3013,0.7384502018275525
FLYALALLL_nb_889,0.8389494459651915
LLFGYPVYV_nb_11373,0.3393422641744903
ELAGIGILTV_nb_2726,0.5313539550322252
GLCTLVAML_nb_10747,0.8124075528376004
ELAGIGILTV_378,0.6214981594074381
GLCTLVAML_nb_1594,0.7407346140378761
GILGFVFTL_nb_1112,0.4794749929537715
GLCTLVAML_nb_5908,0.6458504526986726
ELAGIGILTV_3406,0.5759324554576156
GILGFVFTL_1744,0.5259316143887899
GLCTLVAML_nb_10575,0.1621219779047387
GILGFVFTL_951,0.9066420629062005
GLCTLVAML_nb_5306,0.766357178369977
GILGFVFTL_nb_9971,0.6594704977378207
ELAGIGILTV_nb_7066,0.8382136131146616
GILGFVFTL_3221,0.66488593245576
LLDFVRFMGV_nb_3182,0.3266502722141609
LLFGYPVYV_nb_11141,0.45935695406283383
ELAGIGILTV_nb_6988,0.36981888981508176
ELAGIGILTV_nb_2514,0.6638906069170343
GILGFVFTL_2353,0.6572337936582668
GILGFVFTL_3281,0.8366959841981848
LLDFVRFMGV_nb_3122,0.7657326679077686
LLFGYPVYV_nb_6779,0.5631319914372277
LLDFVRFMGV_nb_11679,0.2075361534059616
FLYALALLL_nb_4272,0.7799918398873324
FLYALALLL_nb_4040,0.7439497830802031
GLCTLVAML_nb_1534,0.6750973316325035
ELAGIGILTV_nb_2786,0.7327940661482366
GILGFVFTL_2161,0.7939188117673225
FLYALALLL_nb_829,0.8529646068202428
LLDFVRFMGV_nb_3310,0.45652245186588525
GILGFVFTL_1380,0.7988807329380655
GILGFVFTL_nb_5176,0.3721064745436513
FLYALALLL_nb_4424,0.8476321576946598
LLFGYPVYV_nb_6913,0.6242319755309638
GILGFVFTL_nb_4898,0.5042401352420783
GLCTLVAML_nb_10383,0.35898703681721633
LLDFVRFMGV_nb_3774,0.8116701138219784
ELAGIGILTV_nb_236,0.8530805762996414
GILGFVFTL_2505,0.8577143792299049
ELAGIGILTV_nb_7690,0.29564975562043994
GILGFVFTL_nb_9589,0.7791096365859544
LLDFVRFMGV_nb_3546,0.43720585638806975
FLYALALLL_nb_9109,0.686060456650881
LLFGYPVYV_nb_1904,0.7162958566094912
FLYALALLL_nb_4616,0.22978785490909204
GLCTLVAML_nb_1362,0.4224763823868778
GLCTLVAML_nb_5504,0.6378532534397243
GILGFVFTL_1374,0.8946349289208824
GILGFVFTL_nb_5182,0.7837709490800362
GLCTLVAML_632,0.7995164617867266
ELAGIGILTV_748,0.8318073454218305
GLCTLVAML_nb_10377,0.2900116816403828
ELAGIGILTV_nb_2316,0.7343108716441882
LLDFVRFMGV_nb_3780,0.849042584663176
LLDFVRFMGV_nb_8368,0.5108751422310005
ELAGIGILTV_nb_7664,0.6454948351704601
ELAGIGILTV_nb_2124,0.3874130345580355
FLYALALLL_nb_8813,0.63502568018924
ELAGIGILTV_nb_7456,0.19769324243596748
GILGFVFTL_1146,0.9065247338435984
GLCTLVAML_nb_5736,0.666508155489781
GLCTLVAML_nb_1396,0.7173233107535465
GLCTLVAML_nb_10145,0.7051426010573526
LLFGYPVYV_nb_11115,0.6767002485689249
ELAGIGILTV_nb_2540,0.7590656355408147
LLFGYPVYV_nb_11929,0.5671564189340927
ELAGIGILTV_1137,0.48934524558654
GILGFVFTL_nb_9925,0.6365133833550802
ELAGIGILTV_nb_7032,0.6047577571497452
GILGFVFTL_3275,0.6827179728037169
GILGFVFTL_905,0.22178545060857596
GILGFVFTL_1522,0.6961851387689982
GLCTLVAML_nb_5352,0.626098547314512
GLCTLVAML_nb_10521,0.475309019895687
GILGFVFTL_139,0.11872474127190495
FLYALALLL_nb_4286,0.5884323905437864
GILGFVFTL_1710,0.39861486769826654
GLCTLVAML_nb_10713,0.47255613234501087
GILGFVFTL_nb_1146,0.7590936015121033
LLFGYPVYV_nb_11327,0.21239340698415207
LLDFVRFMGV_nb_7744,0.6111852861179287
ELAGIGILTV_nb_2772,0.24596648763943146
GILGFVFTL_2195,0.8916526404797103
LLFGYPVYV_857,0.50233554915649
FLYALALLL_nb_8679,0.6728131014573734
ELAGIGILTV_nb_7200,0.7873274601973699
GILGFVFTL_3047,0.9237015956435344
GLCTLVAML_nb_11860,0.6252069305790504
ELAGIGILTV_nb_11604,0.20651198165678758
LLFGYPVYV_nb_6322,0.7874595263861746
FLYALALLL_nb_4629,0.12329668085862538
GILGFVFTL_596,0.46231174805342296
LLDFVRFMGV_nb_3579,0.2034709349951817
LLDFVRFMGV_nb_8191,0.396530260975002
FLYALALLL_nb_9136,0.8252399601196951
GILGFVFTL_nb_9784,0.5012017702426519
ELAGIGILTV_nb_209,0.26416898638972475
GILGFVFTL_nb_5149,0.760761975886445
LLFGYPVYV_nb_6110,0.49514451949001104
GILGFVFTL_2962,0.9214076046102934
LLFGYPVYV_nb_1751,0.8104288694290991
LLDFVRFMGV_nb_420,0.5947417766902058
FLYALALLL_nb_816,0.510516887631277
LLFGYPVYV_nb_6574,0.7835673187991737
GLCTLVAML_nb_5997,0.8052103096419883
LLFGYPVYV_nb_6746,0.7950425778326577
LLDFVRFMGV_nb_11646,0.4343865189329438
GLCTLVAML_nb_5399,0.47485109759940614
GLCTLVAML_3021,0.2675705365065705
FLYALALLL_nb_3854,0.2426241002257206
LLDFVRFMGV_nb_612,0.23038493828909892
FLYALALLL_nb_8480,0.8182365146461374
LLFGYPVYV_nb_10830,0.6948257016826808
GILGFVFTL_2996,0.6914212015835692
LLFGYPVYV_nb_11318,0.5807145759550265
GILGFVFTL_nb_9314,0.2624619078718059
FLYALALLL_nb_8646,0.7820478421887375
GILGFVFTL_3078,0.7861412141903708
LLFGYPVYV_nb_6580,0.600055038384595
GILGFVFTL_334,0.9279370789945183
GLCTLVAML_nb_5963,0.7749405761465151
GILGFVFTL_nb_1179,0.8643460702186497
GILGFVFTL_106,0.8911795060629836
GLCTLVAML_1782,0.500508985795681
LLFGYPVYV_nb_11916,0.2829447140146594
FLYALALLL_nb_8474,0.8403073000084849
ELAGIGILTV_1108,0.8310330713612707
GILGFVFTL_2398,0.8276550889208022
GLCTLVAML_nb_5709,0.5872069947294716
ELAGIGILTV_545,0.8318964810310008
GILGFVFTL_562,0.8393925737007502
GILGFVFTL_nb_9542,0.6667927818382706
LLDFVRFMGV_nb_8165,0.6682640723918084
LLDFVRFMGV_nb_7911,0.19543288333391257
ELAGIGILTV_nb_7469,0.5159505018790891
ELAGIGILTV_nb_2329,0.6307937539025087
GILGFVFTL_nb_9770,0.6804255983262175
LLDFVRFMGV_nb_8357,0.18869069880351985
GILGFVFTL_nb_4853,0.5885880011559718
GILGFVFTL_750,0.9183710724733251
GLCTLVAML_nb_10348,0.6926091443529966
ELAGIGILTV_3455,0.8558490348443287
GILGFVFTL_1717,0.8946349289208824
GLCTLVAML_nb_10714,0.3321839027514804
GILGFVFTL_nb_1141,0.1427526642251425
LLFGYPVYV_nb_11320,0.5825998180449501
ELAGIGILTV_nb_2775,0.26786506975193203
LLDFVRFMGV_nb_7743,0.15745432215257177
ELAGIGILTV_nb_7207,0.6965985688081051
GILGFVFTL_2192,0.8969463446939803
LLFGYPVYV_nb_11112,0.542134155010924
FLYALALLL_nb_3898,0.6939261670692014
ELAGIGILTV_nb_2547,0.4863848635027278
GILGFVFTL_nb_9922,0.4096035131574387
ELAGIGILTV_nb_7035,0.6621555483944934
GILGFVFTL_3272,0.21349249471564202
GLCTLVAML_nb_5355,0.612301669553062
GILGFVFTL_1525,0.6494553879608151
GLCTLVAML_nb_10526,0.4034092250894372
FLYALALLL_nb_4281,0.7189828198042416
ELAGIGILTV_nb_2123,0.22793829439870883
FLYALALLL_nb_8814,0.5068643513181684
LLDFVRFMGV_nb_7929,0.5840692328673573
ELAGIGILTV_nb_7451,0.7461661680062294
GLCTLVAML_nb_5731,0.4161580257908625
GLCTLVAML_nb_1391,0.32379247311552617
GLCTLVAML_nb_10142,0.5115980714975945
GILGFVFTL_1373,0.679227523666855
GILGFVFTL_nb_5185,0.19549328115320763
GLCTLVAML_nb_5503,0.7651856386698186
GLCTLVAML_nb_10370,0.38911728464564954
ELAGIGILTV_nb_2311,0.3787053119601824
GILGFVFTL_nb_9748,0.5015084804714407
LLDFVRFMGV_nb_3787,0.6731090667646404
ELAGIGILTV_nb_7663,0.8766688302482175
LLFGYPVYV_nb_1903,0.8735121472340567
LLDFVRFMGV_nb_3541,0.788396650511255
GILGFVFTL_2730,0.9041784597604692
GLCTLVAML_nb_11858,0.328242351594088
GLCTLVAML_nb_1365,0.5654160939843375
FLYALALLL_nb_4611,0.716532835846788
GILGFVFTL_1387,0.2553638584737289
GILGFVFTL_nb_5171,0.5138060837626451
LLFGYPVYV_nb_6128,0.30060787967453306
FLYALALLL_nb_4423,0.5704574753674794
GLCTLVAML_nb_10384,0.5422479269061466
LLFGYPVYV_nb_6914,0.5168481495532838
LLDFVRFMGV_nb_3773,0.17991621407076402
ELAGIGILTV_nb_7697,0.18155773351679966
GILGFVFTL_2502,0.9288365575510885
ELAGIGILTV_nb_231,0.8479206969417216
GLCTLVAML_nb_1533,0.641855289662425
FLYALALLL_nb_4047,0.7422699814358299
LLDFVRFMGV_nb_418,0.7205762436136156
ELAGIGILTV_nb_2781,0.48710358855943614
LLFGYPVYV_nb_1769,0.8874678292763636
GILGFVFTL_2166,0.9210305806333668
LLDFVRFMGV_nb_3317,0.5122452888756752
GILGFVFTL_2354,0.9306883924990912
LLFGYPVYV_nb_10808,0.47785213917893776
LLDFVRFMGV_nb_3125,0.6332124526230174
GILGFVFTL_3286,0.9319265172101989
FLYALALLL_nb_4275,0.22290182298125225
GILGFVFTL_nb_9777,0.8541844183984546
LLDFVRFMGV_nb_8350,0.792394357877988
ELAGIGILTV_770,0.8784062658023294
GILGFVFTL_757,0.8966861041921664
GILGFVFTL_nb_4854,0.617800792119426
GILGFVFTL_1942,0.40081449625605436
GILGFVFTL_565,0.8744150295627489
LLFGYPVYV_nb_11549,0.7554143259996027
GILGFVFTL_nb_9545,0.7274801387525959
LLDFVRFMGV_nb_7916,0.7673386115373004
LLDFVRFMGV_nb_8162,0.7106089619839755
GLCTLVAML_nb_10519,0.4139819690571087
GILGFVFTL_101,0.8596433801170933
ELAGIGILTV_nb_2578,0.41206110413342384
LLFGYPVYV_nb_11911,0.2514480103916006
FLYALALLL_nb_8473,0.8405715485284491
GILGFVFTL_nb_9313,0.39139138128479534
GILGFVFTL_2991,0.5015982447821477
FLYALALLL_nb_8641,0.22684480966144827
ELAGIGILTV_nb_7238,0.3012119093065089
LLFGYPVYV_nb_6587,0.7665473295595024
GILGFVFTL_1728,0.8355007335180411
GILGFVFTL_333,0.905692381154939
GLCTLVAML_nb_5964,0.5819783197427946
LLFGYPVYV_nb_6741,0.5104381890849297
LLDFVRFMGV_nb_11641,0.09421263401707725
FLYALALLL_nb_3853,0.8751969415842434
LLDFVRFMGV_nb_615,0.6863706985394615
FLYALALLL_nb_8487,0.6452792571242454
LLFGYPVYV_nb_10837,0.7405512439749721
GILGFVFTL_2965,0.8971762707149789
LLDFVRFMGV_nb_427,0.7359388896906156
LLFGYPVYV_nb_1756,0.6253735816675869
LLDFVRFMGV_nb_7788,0.3420046717532751
GILGFVFTL_2159,0.4793277029143737
LLDFVRFMGV_nb_3328,0.7265774114753385
FLYALALLL_nb_811,0.5227722590555818
LLFGYPVYV_nb_6573,0.6704870893611884
FLYALALLL_nb_4078,0.24179765119578886
GLCTLVAML_nb_5990,0.2727082004951571
GILGFVFTL_nb_9783,0.23821296257790894
LLFGYPVYV_nb_6117,0.8282194742642534
GLCTLVAML_nb_11867,0.6790533800796843
LLFGYPVYV_nb_6325,0.4713626359998965
ELAGIGILTV_nb_11603,0.5550463765487084
GLCTLVAML_nb_10189,0.2881884381574455
FLYALALLL_nb_9131,0.6325202179998505
LLDFVRFMGV_nb_8196,0.8309575120252901
GLCTLVAML_nb_5707,0.7324443071220023
GILGFVFTL_1177,0.8886769977987459
GLCTLVAML_nb_10174,0.20722898449539276
LLFGYPVYV_nb_11540,0.7509492744489471
FLYALALLL_nb_8822,0.6500946119004873
ELAGIGILTV_nb_2115,0.6207768455650916
ELAGIGILTV_nb_7467,0.7267407015367786
LLDFVRFMGV_nb_3583,0.47863765934572355
ELAGIGILTV_nb_2327,0.36122256863731567
ELAGIGILTV_nb_7655,0.6364810460157194
LLDFVRFMGV_nb_8359,0.6024012975457846
GILGFVFTL_1345,0.30218449942942704
GLCTLVAML_nb_5535,0.49002614136622236
GLCTLVAML_nb_10346,0.6696582331549075
ELAGIGILTV_nb_2743,0.7657360041224669
LLDFVRFMGV_nb_7775,0.5607324403828788
LLFGYPVYV_nb_11316,0.269969799568181
GILGFVFTL_2998,0.9295800516983953
FLYALALLL_nb_8648,0.804069481471575
ELAGIGILTV_nb_7231,0.80133614793894
GILGFVFTL_1721,0.8946552525279072
FLYALALLL_nb_4085,0.7618565152158755
GILGFVFTL_nb_1177,0.8045251794798105
GLCTLVAML_nb_10722,0.3456749689616871
GLCTLVAML_nb_5363,0.357442659524104
ELAGIGILTV_913,0.8213565502786738
GILGFVFTL_1513,0.8864830489042805
GILGFVFTL_934,0.8039225150605196
GILGFVFTL_108,0.8749779960633596
GLCTLVAML_nb_10510,0.263251427842774
ELAGIGILTV_nb_2571,0.5989688831091743
LLFGYPVYV_nb_11124,0.7102722700900361
GILGFVFTL_3244,0.704869709513384
GILGFVFTL_2396,0.5156033433237713
LLFGYPVYV_nb_11918,0.6445512110568425
GILGFVFTL_nb_9914,0.5422643046735736
ELAGIGILTV_nb_7003,0.681471538248504
LLDFVRFMGV_nb_7781,0.3670195567571566
LLDFVRFMGV_nb_3321,0.6166676960168826
FLYALALLL_nb_818,0.7593559419473187
ELAGIGILTV_3497,0.8201688784870342
GLCTLVAML_nb_1505,0.2857598030082223
FLYALALLL_nb_4071,0.34805736030586365
GLCTLVAML_nb_5999,0.5394223513858099
GILGFVFTL_nb_1183,0.6071590033876884
GLCTLVAML_nb_5397,0.6879764960507794
LLDFVRFMGV_nb_11648,0.8464721895700962
LLFGYPVYV_nb_6748,0.5766504883774871
FLYALALLL_nb_4243,0.47635702117816087
GLCTLVAML_1778,0.7716625206276653
ELAGIGILTV_nb_2585,0.6352957339769407
LLDFVRFMGV_nb_3113,0.6571210472821536
GILGFVFTL_2362,0.8066964423418861
GILGFVFTL_1183,0.9322874047275538
GILGFVFTL_598,0.5028528390525818
GLCTLVAML_nb_10180,0.5506004134049605
GLCTLVAML_nb_1353,0.4892683520507798
FLYALALLL_nb_4627,0.8366237367459826
ELAGIGILTV_nb_7493,0.27795074000276
LLFGYPVYV_nb_1935,0.46829161400349484
FLYALALLL_nb_9138,0.7222352407355299
LLDFVRFMGV_nb_3577,0.21990852842631814
ELAGIGILTV_nb_207,0.1903219556237739
LLDFVRFMGV_nb_3745,0.5797731331783627
GILGFVFTL_nb_5147,0.6836157128242143
LLFGYPVYV_nb_6922,0.1920618110052421
FLYALALLL_nb_4415,0.23135824121565257
FLYALALLL_nb_3891,0.8102943949176697
LLFGYPVYV_nb_11927,0.7338005486862018
LLDFVRFMGV_nb_11683,0.6499526015963732
LLFGYPVYV_nb_6783,0.897642413727632
FLYALALLL_nb_4288,0.5891507760021542
GILGFVFTL_137,0.9120477346033594
GLCTLVAML_258,0.7447038828617238
ELAGIGILTV_322,0.8308996162479168
GILGFVFTL_nb_1148,0.3494692571039096
GLCTLVAML_nb_5952,0.566173430829563
GLCTLVAML_2304,0.24615734025873887
LLFGYPVYV_nb_1794,0.8895042664319641
LLFGYPVYV_nb_11329,0.7452577001423346
GILGFVFTL_nb_9325,0.7600926936216699
GILGFVFTL_3049,0.8813079535179482
FLYALALLL_nb_8677,0.26061981717943367
GLCTLVAML_nb_10379,0.4734118370319792
GILGFVFTL_nb_4862,0.4333311152424841
GILGFVFTL_nb_9741,0.7243105653899883
LLDFVRFMGV_476,0.848875416221613
ELAGIGILTV_nb_2318,0.7961361294879508
LLDFVRFMGV_nb_8366,0.6002650872341244
GILGFVFTL_nb_9573,0.6202916413534786
ELAGIGILTV_nb_7458,0.23747910526556643
LLDFVRFMGV_nb_7920,0.4562929570473886
LLDFVRFMGV_nb_8154,0.29096986218539767
GLCTLVAML_nb_5738,0.8597338151855319
GILGFVFTL_553,0.6870088015356961
GILGFVFTL_1974,0.5636113247193116
GLCTLVAML_nb_1398,0.3353492041882187
LLFGYPVYV_nb_6121,0.5656555290784189
GILGFVFTL_nb_5178,0.6278685289820021
GLCTLVAML_2794,0.6919937423561939
GILGFVFTL_795,0.8714550007757669
GILGFVFTL_nb_4896,0.630246854141989
ELAGIGILTV_nb_238,0.7440014456056221
LLDFVRFMGV_nb_8392,0.22823503765203718
GILGFVFTL_nb_9587,0.7916325399696467
FLYALALLL_nb_9107,0.6806962563303068
LLDFVRFMGV_nb_3548,0.5043104648324661
LLFGYPVYV_nb_6313,0.5874157923174975
GLCTLVAML_nb_11851,0.7737953832761884
FLYALALLL_nb_4618,0.8537552021977648
GILGFVFTL_1980,0.3684140893300174
LLDFVRFMGV_nb_623,0.6265263569076555
FLYALALLL_nb_3865,0.8189607366249678
LLFGYPVYV_nb_10801,0.20170735972777848
LLDFVRFMGV_nb_11677,0.6610283092100676
LLFGYPVYV_nb_6777,0.48768482776262967
LLFGYPVYV_nb_6545,0.5540812209995696
GLCTLVAML_3222,0.6472411101745585
LLDFVRFMGV_nb_411,0.7167917566172164
ELAGIGILTV_nb_2788,0.3118691620237895
LLFGYPVYV_nb_1760,0.787551918316099
GILGFVFTL_2953,0.8621087682484831
FLYALALLL_nb_827,0.8676430434317921
FLYALALLL_nb_8683,0.8184465951587434
ELAGIGILTV_nb_200,0.20026131522228896
GILGFVFTL_2533,0.9166026096010396
LLDFVRFMGV_nb_3742,0.2199813077208535
LLFGYPVYV_nb_6119,0.593941783931264
GILGFVFTL_nb_5140,0.2730504852803349
LLFGYPVYV_nb_6925,0.7364146527357835
FLYALALLL_nb_4412,0.7952291596082729
GILGFVFTL_1184,0.9133015183061437
GLCTLVAML_nb_11869,0.547401482121705
GLCTLVAML_nb_10187,0.8200639444881066
FLYALALLL_nb_4620,0.15757060787304494
GLCTLVAML_nb_1354,0.6473993077129477
ELAGIGILTV_nb_7494,0.3382443252691594
GILGFVFTL_2701,0.920837263848261
LLDFVRFMGV_nb_8198,0.8351313653305605
LLDFVRFMGV_nb_3570,0.5910436546539835
LLFGYPVYV_nb_1932,0.5823430587382226
GLCTLVAML_nb_5390,0.3494874688183081
FLYALALLL_nb_4244,0.7893210992824382
ELAGIGILTV_nb_2582,0.20551913112888825
LLDFVRFMGV_nb_3114,0.6229587261643781
LLFGYPVYV_nb_10839,0.8362108755552287
FLYALALLL_nb_8489,0.18421302813672963
GILGFVFTL_2365,0.7798684437657033
LLFGYPVYV_nb_1758,0.35350954122266165
LLDFVRFMGV_nb_7786,0.16619963354879816
LLDFVRFMGV_nb_429,0.5669531037634551
GILGFVFTL_3085,0.9052155780565582
LLDFVRFMGV_nb_3326,0.9011971881040785
GILGFVFTL_2157,0.935026703323362
GILGFVFTL_nb_1184,0.5692584759267761
LLFGYPVYV_56,0.21152128155884686
FLYALALLL_nb_4076,0.7176847630958686
GLCTLVAML_nb_1502,0.5859527615323776
GILGFVFTL_1514,0.4425444998677092
GLCTLVAML_nb_5364,0.864119032026922
GILGFVFTL_933,0.921868652529608
GLCTLVAML_nb_10517,0.6583402624803716
ELAGIGILTV_nb_2576,0.8282763063471688
LLFGYPVYV_nb_11123,0.6855730705724201
GILGFVFTL_3243,0.8962066630363595
GILGFVFTL_nb_9913,0.6800793984535201
ELAGIGILTV_nb_7004,0.2919660032839276
GILGFVFTL_2391,0.9043211015596212
LLDFVRFMGV_nb_7772,0.5110776605643843
ELAGIGILTV_nb_2744,0.7534421083327382
LLFGYPVYV_nb_11311,0.28953557621594583
GILGFVFTL_3071,0.9358336291120775
ELAGIGILTV_nb_7236,0.694540259697226
GILGFVFTL_1726,0.9218323577161006
LLFGYPVYV_nb_6589,0.8663235173826669
GILGFVFTL_nb_1170,0.6509488038428098
FLYALALLL_nb_4082,0.5948413442998344
GLCTLVAML_nb_10725,0.15693701325859039
GILGFVFTL_nb_9779,0.36445788253619726
ELAGIGILTV_nb_2320,0.6549994936251716
ELAGIGILTV_nb_7652,0.1452913314027611
GLCTLVAML_nb_5532,0.46850348835534694
GLCTLVAML_2758,0.7598272605776542
GLCTLVAML_nb_10341,0.5627065880914687
GLCTLVAML_nb_5700,0.7239869116723017
GLCTLVAML_nb_10173,0.842174626172127
LLFGYPVYV_nb_11547,0.670867949566141
FLYALALLL_nb_8825,0.7719603981478104
ELAGIGILTV_nb_2112,0.6339873581580446
ELAGIGILTV_nb_7460,0.5718176901862511
LLDFVRFMGV_nb_3584,0.8002779552389871
LLDFVRFMGV_nb_7918,0.675078682801203
LLFGYPVYV_nb_6542,0.7187239934147407
FLYALALLL_nb_4049,0.6861067242550878
LLFGYPVYV_nb_1767,0.2464808113939697
LLDFVRFMGV_nb_416,0.7782655684161903
GILGFVFTL_2954,0.8558307292778073
FLYALALLL_nb_820,0.3663451655892023
LLDFVRFMGV_nb_3319,0.8879365387248456
GILGFVFTL_2168,0.908223078000995
FLYALALLL_nb_8684,0.26885157703876944
LLDFVRFMGV_nb_624,0.8374116181886528
FLYALALLL_nb_3862,0.44765996996655205
LLFGYPVYV_nb_10806,0.7545490964611394
LLDFVRFMGV_nb_11670,0.3329989556243959
LLFGYPVYV_nb_6770,0.5821910893174898
GILGFVFTL_nb_9580,0.107942678462226
FLYALALLL_nb_9100,0.862641339533945
LLFGYPVYV_nb_6314,0.7989854909963559
GLCTLVAML_nb_11856,0.33454876179681564
GILGFVFTL_1987,0.8655221761391874
LLFGYPVYV_nb_6126,0.8437741248753141
GILGFVFTL_1389,0.7960078009431488
GILGFVFTL_nb_4891,0.6196196725136529
GILGFVFTL_792,0.7195182567497571
GLCTLVAML_2793,0.7638157038057458
ELAGIGILTV_nb_7699,0.6819099855691491
LLDFVRFMGV_nb_8395,0.33792122824523635
GILGFVFTL_nb_9574,0.31643512362506654
LLDFVRFMGV_nb_8153,0.7719652727624258
ELAGIGILTV_nb_2911,0.42091045048029263
LLDFVRFMGV_nb_7927,0.5577050102139859
GLCTLVAML_409,0.8073839724582792
GILGFVFTL_554,0.8597745305191757
GILGFVFTL_1973,0.8606854462294354
GILGFVFTL_nb_4865,0.5594151627615214
GILGFVFTL_766,0.9308977940233361
GILGFVFTL_nb_9746,0.4919012031841363
LLDFVRFMGV_nb_8361,0.6700358632011121
LLDFVRFMGV_nb_3789,0.30894112466392737
GILGFVFTL_1719,0.6286757888727927
GLCTLVAML_nb_5955,0.8253636151588553
GLCTLVAML_2303,0.5940416605922973
GLCTLVAML_1586,0.23187936770256773
LLFGYPVYV_nb_1793,0.37341271654239777
GILGFVFTL_nb_9322,0.743232130965009
FLYALALLL_nb_8670,0.21299952992821014
ELAGIGILTV_nb_7209,0.6878736111138231
ELAGIGILTV_nb_2549,0.5472944419670579
FLYALALLL_nb_3896,0.7629367888516221
LLFGYPVYV_nb_11920,0.7031812654859886
LLDFVRFMGV_nb_11684,0.23807497811476108
LLFGYPVYV_nb_6784,0.7679117975696963
GILGFVFTL_130,0.8976572991204004
GLCTLVAML_nb_10528,0.7514802504071239
GLCTLVAML_nb_5827,0.11144290875704295
GILGFVFTL_270,0.9215624413936186
GLCTLVAML_nb_10668,0.6648781446320353
FLYALALLL_nb_8702,0.669438803837848
LLDFVRFMGV_nb_590,0.7562895589068507
ELAGIGILTV_nb_2609,0.5393348229167509
GILGFVFTL_nb_9250,0.8390939224569711
LLFGYPVYV_nb_10980,0.5884046068586628
LLDFVRFMGV_nb_8445,0.6638522605422914
ELAGIGILTV_nb_7149,0.8513743723245555
FLYALALLL_nb_8530,0.2756318959936757
LLFGYPVYV_3489,0.413806612016983
LLDFVRFMGV_nb_2943,0.21645088339751822
GLCTLVAML_nb_5229,0.8329425507311643
GILGFVFTL_1459,0.8162836536096677
LLDFVRFMGV_nb_7855,0.3759027223905269
FLYALALLL_nb_9086,0.6604474350122211
LLDFVRFMGV_nb_8021,0.2542497252029319
ELAGIGILTV_nb_2863,0.7090846870701675
GILGFVFTL_nb_9406,0.7754073489460465
FLYALALLL_nb_8968,0.702195576221915
GILGFVFTL_426,0.8955964013539116
GLCTLVAML_2427,0.8006081091435403
ELAGIGILTV_401,0.5820933146658245
GILGFVFTL_1801,0.8168740962746759
LLFGYPVYV_nb_6292,0.43106697729632026
GILGFVFTL_614,0.8944717651479246
GILGFVFTL_nb_4917,0.43925556821996736
ELAGIGILTV_633,0.8520679809096758
ELAGIGILTV_nb_11586,0.3588238886116358
ELAGIGILTV_nb_56,0.5208891775609691
LLDFVRFMGV_nb_8213,0.6590178401499782
GILGFVFTL_nb_9634,0.6637785558712954
FLYALALLL_nb_9072,0.8181091016760402
ELAGIGILTV_nb_2897,0.6109205804659272
FLYALALLL_1268,0.6236291957896136
LLFGYPVYV_nb_6266,0.5359392444319068
LLFGYPVYV_nb_6868,0.6528220996309445
ELAGIGILTV_nb_11572,0.6035385736966729
GILGFVFTL_26,0.8658199196311973
FLYALALLL_nb_9240,0.2197872109240091
ELAGIGILTV_nb_2299,0.44008429792908477
GILGFVFTL_284,0.2427524867383491
LLFGYPVYV_nb_6430,0.536752687933696
FLYALALLL_nb_952,0.7113757498934946
LLDFVRFMGV_nb_564,0.16714660493071376
LLFGYPVYV_nb_10974,0.7605359008300883
LLDFVRFMGV_nb_3059,0.8044881384200262
GILGFVFTL_2228,0.44386231029726086
GLCTLVAML_1632,0.4327264481776087
FLYALALLL_nb_3910,0.3092895981303539
GLCTLVAML_3165,0.8122514482729419
FLYALALLL_nb_4309,0.7576100103668731
GILGFVFTL_nb_4789,0.3068151563716707
LLFGYPVYV_nb_6602,0.7177079903005887
ELAGIGILTV_nb_7720,0.2442265844922397
ELAGIGILTV_nb_2252,0.8360151974338418
GLCTLVAML_nb_10233,0.837432580921228
GILGFVFTL_nb_4928,0.6982453758384985
FLYALALLL_nb_4594,0.627723955727975
GILGFVFTL_1230,0.7044590325297267
ELAGIGILTV_nb_69,0.8397901032658334
GLCTLVAML_nb_5440,0.1460523484246745
GLCTLVAML_2418,0.8182770665122974
GILGFVFTL_419,0.9295800516983953
GLCTLVAML_nb_5672,0.468900298080113
GILGFVFTL_2687,0.8756484237464932
ELAGIGILTV_nb_7512,0.23539075898429795
GILGFVFTL_nb_9439,0.7494690755291149
FLYALALLL_nb_8957,0.7264507191729658
LLFGYPVYV_nb_11435,0.3016680358261622
ELAGIGILTV_nb_2060,0.22514716526778955
GILGFVFTL_nb_1230,0.7746870972268489
GLCTLVAML_nb_10465,0.6832752773009172
GLCTLVAML_nb_5216,0.6940356085698405
ELAGIGILTV_866,0.8612940016092434
GILGFVFTL_nb_4742,0.7551350599474722
GILGFVFTL_841,0.8911474043889305
GILGFVFTL_3331,0.8639459117553392
LLDFVRFMGV_nb_3092,0.6834334429581979
ELAGIGILTV_nb_7176,0.8156819170597825
GILGFVFTL_nb_9861,0.6897876779284817
ELAGIGILTV_nb_2404,0.5675346922991525
LLFGYPVYV_nb_11051,0.25276574479290825
GILGFVFTL_3103,0.8257017718614945
FLYALALLL_nb_999,0.8311600435538753
ELAGIGILTV_nb_7344,0.8007205250594682
LLDFVRFMGV_964,0.6573803993021627
ELAGIGILTV_nb_2636,0.4465678545965296
FLYALALLL_nb_11700,0.7992802823239227
LLFGYPVYV_nb_11263,0.26478902095385193
GLCTLVAML_nb_1484,0.5716660163038397
GLCTLVAML_nb_5818,0.6532107386532358
GLCTLVAML_nb_10657,0.150968322630809
GILGFVFTL_1654,0.7348402211516982
FLYALALLL_nb_4336,0.8690626198192739
GLCTLVAML_nb_10491,0.7946614909634633
GILGFVFTL_1492,0.9049718395263969
LLDFVRFMGV_nb_3066,0.6634848773130259
GILGFVFTL_2217,0.7031764772754042
LLFGYPVYV_nb_11899,0.24802548243835118
GILGFVFTL_nb_9895,0.8077803458657853
ELAGIGILTV_nb_7182,0.494577164900977
LLDFVRFMGV_nb_2988,0.8254341824624146
LLDFVRFMGV_nb_3254,0.7403067885446857
LLDFVRFMGV_990,0.22169665979329078
LLFGYPVYV_nb_11297,0.6530780612886288
GILGFVFTL_2819,0.9213823423327018
FLYALALLL_nb_4104,0.7466169041172293
GLCTLVAML_nb_1470,0.2741383355298618
FLYALALLL_3356,0.8402974138370334
ELAGIGILTV_nb_372,0.8815861293680085
GILGFVFTL_2441,0.5304524882817693
LLDFVRFMGV_nb_3630,0.3950187108810722
LLFGYPVYV_nb_6857,0.549056858451055
FLYALALLL_nb_4560,0.428616578733367
ELAGIGILTV_2868,0.8604264102031194
FLYALALLL_nb_1012,0.6604957159845922
GILGFVFTL_nb_5032,0.7236341484524065
LLFGYPVYV_nb_6259,0.5136019703848711
GLCTLVAML_nb_5686,0.8395676486262391
GILGFVFTL_nb_5200,0.21823016288841435
ELAGIGILTV_nb_140,0.40673859571160453
GILGFVFTL_2673,0.9084428911005973
GLCTLVAML_nb_6003,0.7679439621852063
LLFGYPVYV_nb_1840,0.2233283424621952
ELAGIGILTV_nb_2094,0.6360328954124058
LLFGYPVYV_nb_10973,0.7123656301584087
FLYALALLL_nb_3917,0.623851900818277
LLFGYPVYV_nb_6605,0.8331261588972789
GLCTLVAML_nb_1448,0.5043332603395718
GILGFVFTL_283,0.8558307292778073
GILGFVFTL_1698,0.8392693538701075
LLFGYPVYV_nb_6437,0.513465832475438
FLYALALLL_nb_955,0.7180663886144453
FLYALALLL_1439,0.685110703310972
ELAGIGILTV_nb_7388,0.6468512035682062
LLDFVRFMGV_nb_563,0.849042584663176
GILGFVFTL_2821,0.44799039475454383
FLYALALLL_nb_4558,0.8132185863009094
ELAGIGILTV_nb_11575,0.545784422970359
GILGFVFTL_2479,0.6023371814110154
LLDFVRFMGV_nb_3608,0.7327023496994995
GILGFVFTL_21,0.5506968716277386
ELAGIGILTV_nb_178,0.5461830198524191
ELAGIGILTV_nb_2890,0.850483407427547
FLYALALLL_nb_9075,0.18959816634913307
LLFGYPVYV_nb_1878,0.6822540737603509
GLCTLVAML_3506,0.8260769824695988
LLFGYPVYV_nb_6261,0.6671051664920327
GILGFVFTL_nb_4910,0.2312638910867551
GILGFVFTL_613,0.9120509081564829
ELAGIGILTV_nb_11581,0.22434117388956226
GLCTLVAML_nb_5478,0.7221693973310537
ELAGIGILTV_nb_51,0.4439570704898612
ELAGIGILTV_nb_7718,0.3021143225303805
LLDFVRFMGV_nb_8214,0.6119337259917744
GILGFVFTL_nb_9633,0.6947055502806543
ELAGIGILTV_nb_2864,0.19882465432043187
LLDFVRFMGV_nb_8026,0.6385690317006066
FLYALALLL_nb_9081,0.5648180889622404
LLDFVRFMGV_nb_7852,0.2395578421526234
GILGFVFTL_nb_9401,0.47085313874278556
ELAGIGILTV_nb_2058,0.5335037646883161
GLCTLVAML_nb_10039,0.8978128372832493
GLCTLVAML_2420,0.21649786753902917
GILGFVFTL_1806,0.22741768496119968
ELAGIGILTV_406,0.49043305441871843
LLFGYPVYV_nb_6295,0.6734548612488386
GILGFVFTL_3309,0.8973753637893633
LLDFVRFMGV_nb_8442,0.6655042886383743
LLFGYPVYV_nb_10987,0.37426222401679843
GILGFVFTL_nb_9859,0.4953209402350706
FLYALALLL_nb_8537,0.4389012398736281
LLFGYPVYV_nb_11069,0.3902446493272987
LLDFVRFMGV_nb_2944,0.7892428962392515
GILGFVFTL_nb_1208,0.3921126239315809
GILGFVFTL_879,0.6661605838622237
GLCTLVAML_nb_5820,0.5585331971703047
ELAGIGILTV_250,0.18806369272296306
GILGFVFTL_277,0.8952553691213729
LLDFVRFMGV_nb_3298,0.7731545956104322
FLYALALLL_nb_8705,0.11867381103457908
LLDFVRFMGV_nb_597,0.4072758931648325
FLYALALLL_nb_11738,0.7337424760090716
GILGFVFTL_nb_9257,0.16766643416845933
GLCTLVAML_nb_5681,0.8436922165636196
GLCTLVAML_nb_6004,0.23581893003662935
GILGFVFTL_2674,0.8892041734446976
ELAGIGILTV_nb_147,0.7492757826048247
LLDFVRFMGV_nb_3405,0.678508636790252
LLDFVRFMGV_nb_7899,0.38380659871528267
LLFGYPVYV_nb_1847,0.5399129112906612
ELAGIGILTV_nb_2093,0.7147133352703758
GILGFVFTL_2446,0.9260334731550561
GLCTLVAML_1860,0.8132836345212023
LLDFVRFMGV_nb_3637,0.5135415508595061
LLFGYPVYV_nb_6850,0.6927460633521914
FLYALALLL_nb_4567,0.7028588819384196
FLYALALLL_nb_1015,0.7113431329073276
GILGFVFTL_nb_5035,0.7911467681067543
LLDFVRFMGV_nb_3253,0.46053042346638623
GILGFVFTL_2022,0.7711119127874744
LLFGYPVYV_nb_11290,0.3854089203215221
GLCTLVAML_nb_1477,0.23056662085394294
FLYALALLL_nb_4103,0.7954465103106986
LLFGYPVYV_nb_6408,0.8547414477718565
FLYALALLL_nb_4331,0.7589844013877216
GLCTLVAML_nb_10496,0.7089744755455597
GILGFVFTL_1495,0.8846072150448604
LLDFVRFMGV_nb_3061,0.8818739172195277
GILGFVFTL_nb_9892,0.7422699849048833
ELAGIGILTV_nb_7185,0.8070221856940549
GILGFVFTL_2210,0.9089935998587053
GILGFVFTL_nb_11798,0.6475927587887662
FLYALALLL_nb_3928,0.7229258212711172
GILGFVFTL_3104,0.9039146332035458
ELAGIGILTV_nb_7343,0.8462298971810218
ELAGIGILTV_nb_2631,0.3762199008959878
GILGFVFTL_nb_9268,0.7084014172532414
LLFGYPVYV_nb_11264,0.48495116218424866
FLYALALLL_nb_11707,0.7884021823581968
GLCTLVAML_nb_1483,0.7368937071279149
GLCTLVAML_nb_10650,0.47419318254676557
ELAGIGILTV_3511,0.8137507479013504
GILGFVFTL_nb_1237,0.8617135295336298
GLCTLVAML_nb_10462,0.6107733258507473
GILGFVFTL_1461,0.9009792255500134
GLCTLVAML_nb_5211,0.32131418006695645
GILGFVFTL_846,0.9251628195939187
GILGFVFTL_nb_4745,0.7356902439369006
LLDFVRFMGV_nb_3095,0.6372781023753938
GILGFVFTL_3336,0.6789016767971576
ELAGIGILTV_nb_7171,0.8279485175048342
GILGFVFTL_nb_9866,0.3098243270595301
FLYALALLL_nb_8508,0.6503397574827897
ELAGIGILTV_nb_2403,0.6007572538818958
LLFGYPVYV_nb_11056,0.6068136578061585
ELAGIGILTV_439,0.835630823078847
GLCTLVAML_nb_5675,0.7422691400326964
ELAGIGILTV_nb_7515,0.1927245881110951
GILGFVFTL_2680,0.8016586801568995
LLDFVRFMGV_nb_8019,0.6273262046795742
FLYALALLL_nb_8950,0.41156537310429886
LLFGYPVYV_nb_11432,0.654712605528134
LLDFVRFMGV_709,0.6126788917550817
ELAGIGILTV_nb_2067,0.6400043024083657
ELAGIGILTV_nb_2255,0.7297334391136009
GLCTLVAML_nb_10234,0.10346673645491368
FLYALALLL_nb_4593,0.7930935693376724
LLFGYPVYV_nb_6098,0.23614526247075673
GLCTLVAML_nb_5447,0.39076848359490496
GILGFVFTL_1237,0.853886708645999
GLCTLVAML_1869,0.8856690765220051
GILGFVFTL_nb_10015,0.38235292483128314
ELAGIGILTV_2866,0.8882033924839949
LLFGYPVYV_nb_6859,0.4896011481553734
ELAGIGILTV_nb_93,0.27773443176664925
LLFGYPVYV_nb_6065,0.6542044682131378
GLCTLVAML_nb_5688,0.7314787592258863
LLFGYPVYV_nb_6257,0.3089182753563471
FLYALALLL_nb_9043,0.23222297252558807
LLDFVRFMGV_nb_7890,0.34216551175010645
FLYALALLL_nb_4338,0.6933851105820894
LLFGYPVYV_nb_6633,0.5585706285159903
LLFGYPVYV_nb_11897,0.4349544815223385
GILGFVFTL_nb_11791,0.802110832161824
GILGFVFTL_2219,0.9050478575242757
LLDFVRFMGV_nb_3068,0.6971016190801846
LLFGYPVYV_nb_10945,0.7620864456520331
FLYALALLL_nb_3921,0.8582415271234296
LLDFVRFMGV_nb_2986,0.594512700689547
FLYALALLL_nb_963,0.6252207150204173
GILGFVFTL_2817,0.927519033461143
LLFGYPVYV_nb_11299,0.760891293682227
GILGFVFTL_nb_9295,0.6402322857760205
LLDFVRFMGV_nb_555,0.5630025607388301
LLFGYPVYV_nb_6401,0.48128542081668413
FLYALALLL_3358,0.6434725404824264
GILGFVFTL_1468,0.9353357994503056
GLCTLVAML_nb_5218,0.24133101293634213
ELAGIGILTV_nb_7178,0.4494528533128537
FLYALALLL_nb_8501,0.23270396354840506
GILGFVFTL_nb_11765,0.7709405060081652
LLDFVRFMGV_nb_2972,0.5539590087249575
FLYALALLL_nb_8733,0.5076915720434376
FLYALALLL_nb_997,0.5665497429487406
GILGFVFTL_nb_9261,0.6724294966451947
ELAGIGILTV_nb_2638,0.6928958965688282
GLCTLVAML_nb_10659,0.7844796192924769
GLCTLVAML_nb_5816,0.7693490167997895
LLDFVRFMGV_1664,0.7593359149984951
LLDFVRFMGV_nb_8222,0.3865863007731003
GILGFVFTL_nb_9605,0.21970882931813335
GILGFVFTL_nb_4926,0.4699587983725262
ELAGIGILTV_nb_67,0.6893129984407427
LLFGYPVYV_nb_6091,0.18403879958142788
GILGFVFTL_1830,0.6089374460999515
GILGFVFTL_417,0.9122611816746053
ELAGIGILTV_nb_2852,0.6838004359713596
LLDFVRFMGV_nb_8010,0.7845489520362724
LLDFVRFMGV_nb_7864,0.6702796103921322
GILGFVFTL_nb_9437,0.5415810686216902
FLYALALLL_nb_8959,0.706280539577098
GLCTLVAML_nb_10692,0.6611967827558105
GLCTLVAML_nb_1441,0.5666378411965575
FLYALALLL_nb_4135,0.8616236640206858
GILGFVFTL_1691,0.9266305827099613
ELAGIGILTV_nb_7381,0.7567399959416892
LLDFVRFMGV_nb_3265,0.6116802806595053
GILGFVFTL_2828,0.9395302896280051
GILGFVFTL_2226,0.8182644583744935
LLDFVRFMGV_nb_3057,0.6105293291639557
LLFGYPVYV_nb_11094,0.7358973565166391
FLYALALLL_nb_4307,0.5863622254800622
GILGFVFTL_884,0.8957697073775357
GILGFVFTL_nb_4787,0.19360247072195552
LLDFVRFMGV_nb_3433,0.7628888176842765
ELAGIGILTV_nb_2899,0.8055846449151934
LLFGYPVYV_nb_1871,0.40023418883470135
GLCTLVAML_nb_6032,0.8512278633953994
ELAGIGILTV_nb_171,0.870828156990095
FLYALALLL_nb_8992,0.1661003484209167
LLFGYPVYV_nb_6268,0.5657762990722212
FLYALALLL_nb_4551,0.8698099346558474
LLFGYPVYV_nb_6866,0.19834697454433683
GLCTLVAML_nb_5485,0.7324786826385506
GILGFVFTL_nb_5003,0.4961679387717006
FLYALALLL_nb_1023,0.6947965921180691
LLDFVRFMGV_nb_3601,0.6572355459503952
GILGFVFTL_2470,0.37392025928331013
ELAGIGILTV_nb_343,0.641106851700249
ELAGIGILTV_nb_2297,0.7419637042165653
LLFGYPVYV_nb_1885,0.6532298188449028
FLYALALLL_nb_9088,0.5890680551277192
ELAGIGILTV_nb_7523,0.8049679505838037
ELAGIGILTV_nb_185,0.5557369912528684
ELAGIGILTV_nb_2051,0.637484003447911
GILGFVFTL_nb_9408,0.2019541000534989
LLFGYPVYV_nb_11404,0.3912023710828754
FLYALALLL_nb_8966,0.49982977131565487
GLCTLVAML_nb_10030,0.17453137090462179
GLCTLVAML_nb_5643,0.6829574161416132
GILGFVFTL_nb_4919,0.6016080389460439
LLFGYPVYV_nb_6892,0.5851801660331541
GLCTLVAML_nb_10202,0.6940337631711649
GLCTLVAML_nb_5471,0.4932131724668218
ELAGIGILTV_nb_58,0.8698371573040564
GILGFVFTL_1201,0.5721854128774576
ELAGIGILTV_nb_11588,0.5825815613805608
GILGFVFTL_2484,0.6617565205138121
ELAGIGILTV_nb_7711,0.6615267477080197
ELAGIGILTV_nb_2263,0.7469918722244568
GLCTLVAML_nb_10666,0.15594090136631927
GLCTLVAML_nb_5829,0.27185631821849043
ELAGIGILTV_nb_7375,0.1942879459865482
LLDFVRFMGV_nb_3291,0.34237979131076146
GILGFVFTL_3132,0.8946349289208824
LLFGYPVYV_nb_11252,0.7878132364320463
FLYALALLL_nb_11731,0.6739835207304719
ELAGIGILTV_nb_2607,0.6952681435640283
ELAGIGILTV_nb_7147,0.74686162824032
GILGFVFTL_nb_9850,0.6344533462387314
GILGFVFTL_3300,0.8828597916660741
LLFGYPVYV_nb_11060,0.6254534675315152
ELAGIGILTV_nb_2435,0.684484803381274
GLCTLVAML_nb_10454,0.4923041186132423
GILGFVFTL_nb_1201,0.49427042320229475
GILGFVFTL_870,0.21515766068864203
GILGFVFTL_nb_4773,0.8032479515987847
GILGFVFTL_1457,0.9126448085216252
GLCTLVAML_nb_5227,0.7092610878253837
GILGFVFTL_1837,0.9355136723250456
GILGFVFTL_410,0.9218323577161006
LLDFVRFMGV_nb_7863,0.16894324177869247
LLDFVRFMGV_nb_8017,0.3355262443025163
ELAGIGILTV_nb_2855,0.6255452730684185
ELAGIGILTV_nb_2069,0.6923874682137328
GILGFVFTL_nb_9430,0.7688925401467499
LLDFVRFMGV_nb_8225,0.3778751081343083
GILGFVFTL_nb_9602,0.6188643468001517
ELAGIGILTV_605,0.4606478288892843
GILGFVFTL_622,0.8968823006069623
GILGFVFTL_nb_4921,0.5499588978938188
ELAGIGILTV_nb_60,0.8513248894895915
GILGFVFTL_1239,0.9355136723250456
GLCTLVAML_nb_5449,0.8154675329372325
LLFGYPVYV_nb_6096,0.8531406518192098
FLYALALLL_nb_8734,0.7075498838529677
FLYALALLL_nb_990,0.832334926160037
GILGFVFTL_nb_9266,0.19814906402295104
FLYALALLL_nb_11709,0.803985981040882
GILGFVFTL_246,0.9162520406253372
ELAGIGILTV_261,0.8485582947284409
GLCTLVAML_nb_5811,0.6546770626727084
LLDFVRFMGV_1663,0.7018798454442287
GILGFVFTL_nb_1239,0.7099459414696403
GILGFVFTL_848,0.9017451947481898
GILGFVFTL_nb_11762,0.5212624166013247
GILGFVFTL_nb_9868,0.7607378593133622
FLYALALLL_nb_8506,0.8579205094367943
GILGFVFTL_3338,0.4556135738021396
LLDFVRFMGV_nb_2975,0.6999260660480737
LLFGYPVYV_nb_11058,0.4113051312860008
FLYALALLL_nb_964,0.6106319162257616
GILGFVFTL_nb_9292,0.347028128744994
GILGFVFTL_2810,0.8766237326566905
LLDFVRFMGV_nb_552,0.33803498880729527
GLCTLVAML_nb_1479,0.21827070374444055
ELAGIGILTV_295,0.8124975005600297
LLFGYPVYV_nb_6406,0.49831149200159497
GLCTLVAML_nb_10498,0.15367638516022963
LLFGYPVYV_nb_6634,0.19969755630849415
GILGFVFTL_nb_11796,0.5722957549900437
LLDFVRFMGV_2220,0.7018798454442287
LLFGYPVYV_nb_10942,0.7329373561128212
LLDFVRFMGV_nb_2981,0.7015149125558154
FLYALALLL_nb_3926,0.27926574377885793
LLFGYPVYV_nb_6250,0.3793527902051951
LLDFVRFMGV_nb_7897,0.2942668836997152
LLFGYPVYV_nb_1849,0.7545426484369755
FLYALALLL_nb_9044,0.7551135016728057
ELAGIGILTV_nb_149,0.7745218301666588
LLDFVRFMGV_nb_3639,0.7577984731049482
GILGFVFTL_10,0.9218323577161006
GILGFVFTL_nb_10012,0.371887227642382
GILGFVFTL_2448,0.6549487549929207
FLYALALLL_nb_4569,0.2642126680069098
ELAGIGILTV_nb_94,0.6341157291731122
LLFGYPVYV_nb_6062,0.6517916661687254
ELAGIGILTV_nb_7140,0.8003467430772668
GILGFVFTL_nb_9857,0.32066627102515366
FLYALALLL_nb_8539,0.6957574984646573
LLFGYPVYV_nb_10989,0.6311522392848549
GILGFVFTL_3307,0.9218323577161006
LLFGYPVYV_nb_11067,0.23472078285224238
ELAGIGILTV_nb_2432,0.6658303876890295
GLCTLVAML_nb_10453,0.5353186157619558
GILGFVFTL_nb_1206,0.6052601422262109
GILGFVFTL_nb_4774,0.4745563944875824
GILGFVFTL_877,0.875382592707442
GLCTLVAML_nb_5220,0.874673310680129
GLCTLVAML_nb_10661,0.4470116139584127
GILGFVFTL_279,0.8836559485669322
GLCTLVAML_324,0.845828967705635
GILGFVFTL_1662,0.2496623061986551
ELAGIGILTV_nb_7372,0.5547211715663627
GILGFVFTL_3135,0.9218323577161006
LLDFVRFMGV_nb_3296,0.7988637195969797
FLYALALLL_nb_11736,0.7027675212634604
GILGFVFTL_nb_9259,0.9041614251314355
LLFGYPVYV_nb_11255,0.22717787473980267
LLDFVRFMGV_nb_599,0.8519486894284634
ELAGIGILTV_nb_2600,0.36754438167344583
GLCTLVAML_nb_10205,0.35776952088509173
LLFGYPVYV_nb_6895,0.6253703258324805
GILGFVFTL_1206,0.9358336291120775
GLCTLVAML_nb_5476,0.3360645165641974
ELAGIGILTV_nb_7716,0.8928593600581204
GILGFVFTL_2483,0.849315216256673
ELAGIGILTV_nb_2264,0.22886109692065448
LLFGYPVYV_nb_1882,0.2365145566871303
LLDFVRFMGV_nb_8028,0.4407267687903547
ELAGIGILTV_nb_182,0.17895364897658214
ELAGIGILTV_nb_7524,0.5631083801206319
ELAGIGILTV_nb_2056,0.5109509134488498
LLFGYPVYV_nb_11403,0.33418351636505916
FLYALALLL_nb_8961,0.8305679556114502
GILGFVFTL_1808,0.4556135738021396
GLCTLVAML_nb_10037,0.6950698473785087
GLCTLVAML_nb_5644,0.7899539665783106
FLYALALLL_nb_4556,0.7986664194015695
LLFGYPVYV_nb_6861,0.4260699370325297
GILGFVFTL_nb_5004,0.2719517704842501
GLCTLVAML_nb_5482,0.7742223978894436
FLYALALLL_nb_1024,0.6899366230128201
LLDFVRFMGV_nb_3606,0.34957431811764084
ELAGIGILTV_nb_344,0.2701265599240379
GILGFVFTL_2477,0.8833846130862415
ELAGIGILTV_nb_2290,0.6109205804659272
LLFGYPVYV_589,0.7928007014425313
LLFGYPVYV_nb_1876,0.4699008743023568
LLDFVRFMGV_nb_3434,0.8748245116451003
ELAGIGILTV_nb_176,0.8620754122280345
GILGFVFTL_2645,0.9214725692579363
GLCTLVAML_nb_6035,0.8570138830533787
FLYALALLL_nb_8995,0.23550822785183367
GILGFVFTL_2221,0.5074674656636977
LLDFVRFMGV_nb_3050,0.4645627302314292
FLYALALLL_nb_3919,0.6763614756044363
LLFGYPVYV_nb_11093,0.5471292710273293
FLYALALLL_nb_4300,0.7568766628034955
GILGFVFTL_nb_4780,0.8174315534334334
GILGFVFTL_883,0.2052733844441588
GLCTLVAML_nb_10695,0.6796130973460885
FLYALALLL_nb_4132,0.7669057593368773
GLCTLVAML_nb_1446,0.5520990651459207
LLFGYPVYV_nb_6439,0.22640378243772308
ELAGIGILTV_nb_7386,0.6279558225476186
LLDFVRFMGV_nb_3262,0.645387426925873
LLFGYPVYV_nb_11201,0.20172347233760812
ELAGIGILTV_nb_2654,0.8080508692843135
ELAGIGILTV_nb_7326,0.6784223819676762
GILGFVFTL_3161,0.8471949682918825
LLFGYPVYV_nb_6499,0.4858879825588018
GILGFVFTL_1636,0.6807334406936585
GLCTLVAML_nb_10635,0.20093438327826169
FLYALALLL_nb_4192,0.5438118849509492
GILGFVFTL_823,0.6509254253945862
GILGFVFTL_nb_4720,0.7470829091739499
GLCTLVAML_142,0.7031899728558824
GLCTLVAML_nb_5274,0.8154675329372325
GLCTLVAML_nb_10407,0.7055763151027907
GILGFVFTL_nb_1252,0.5345529983249312
LLFGYPVYV_nb_11033,0.17970454471131814
ELAGIGILTV_nb_2466,0.8012141428074016
ELAGIGILTV_nb_7114,0.32904641569566395
GILGFVFTL_nb_9803,0.47735957806700513
GILGFVFTL_2281,0.9039634727448824
GILGFVFTL_3353,0.8794868663670672
LLDFVRFMGV_nb_8418,0.8107921097981212
GILGFVFTL_1060,0.8701227426699285
GLCTLVAML_nb_5610,0.3162211748017668
GLCTLVAML_nb_10063,0.7863971770339746
FLYALALLL_nb_791,0.8202926815698947
FLYALALLL_nb_8935,0.6838475901348657
LLFGYPVYV_nb_11457,0.5441060758169095
LLDFVRFMGV_nb_3494,0.318874242149228
LLDFVRFMGV_nb_7808,0.5226167801978596
ELAGIGILTV_nb_7570,0.5342254633280032
ELAGIGILTV_nb_2230,0.6832339029203504
GILGFVFTL_nb_9669,0.5647390547579219
GLCTLVAML_nb_5422,0.4724688932420764
GILGFVFTL_1252,0.9065247338435984
FLYALALLL_nb_1084,0.7915428636777972
GLCTLVAML_nb_10251,0.8420891455426798
GILGFVFTL_649,0.4932910359264569
GLCTLVAML_nb_10097,0.27015849735723413
FLYALALLL_nb_765,0.8476321576946598
LLDFVRFMGV_nb_8088,0.8019155646203256
LLDFVRFMGV_nb_3460,0.8160998055379896
LLFGYPVYV_nb_1822,0.7170118276024954
ELAGIGILTV_nb_7584,0.6629095471973958
ELAGIGILTV_nb_122,0.8712487897916307
LLDFVRFMGV_nb_3652,0.17353594764938024
ELAGIGILTV_nb_310,0.6349074831199336
GILGFVFTL_2423,0.6617565205138121
GILGFVFTL_nb_5050,0.6692268072258614
FLYALALLL_nb_1070,0.5391234925529786
FLYALALLL_nb_4502,0.28594293447777924
LLFGYPVYV_nb_6835,0.7387450226640131
LLFGYPVYV_nb_1648,0.6842135206370152
LLDFVRFMGV_nb_539,0.6070434272025345
GILGFVFTL_2047,0.8945498276797298
GILGFVFTL_3195,0.9136191211827597
LLDFVRFMGV_nb_3236,0.8199951839642862
FLYALALLL_nb_4166,0.7463271406197634
GLCTLVAML_nb_1412,0.5228298840738111
GLCTLVAML_nb_5280,0.3428844710798092
FLYALALLL_nb_4354,0.6359814078698398
GLCTLVAML_nb_1620,0.24310353720289496
ELAGIGILTV_nb_2492,0.7590586156822037
FLYALALLL_nb_8599,0.7556153595363113
GILGFVFTL_2275,0.9323586543538509
LLDFVRFMGV_nb_3004,0.8061085139026007
LLFGYPVYV_nb_10929,0.759492996783666
ELAGIGILTV_nb_34,0.8740125332548005
GILGFVFTL_nb_4975,0.7637615840497667
GILGFVFTL_676,0.903336310149641
GILGFVFTL_nb_9656,0.7202303517869221
LLDFVRFMGV_nb_8271,0.5608228858853357
LLDFVRFMGV_nb_3699,0.6047611620224559
LLFGYPVYV_nb_11468,0.52915227621826
GILGFVFTL_nb_9464,0.6176376033385524
LLDFVRFMGV_nb_8043,0.581111442384753
ELAGIGILTV_nb_2801,0.4132438603754862
LLDFVRFMGV_nb_7837,0.6577295660034672
ELAGIGILTV_463,0.7184314179101169
GILGFVFTL_1863,0.9041736112852907
GILGFVFTL_444,0.9229693437521898
FLYALALLL_nb_3986,0.5481549799200812
LLDFVRFMGV_nb_2921,0.2022235459296554
ELAGIGILTV_nb_2459,0.6850810129435215
FLYALALLL_nb_8552,0.2968432481492322
LLDFVRFMGV_nb_8427,0.3580040951120028
LLFGYPVYV_nb_6694,0.838662854849124
GLCTLVAML_nb_10438,0.6430133930103684
GILGFVFTL_1609,0.8428899222765607
GILGFVFTL_212,0.7566086722443358
GLCTLVAML_2213,0.2708082035750201
LLFGYPVYV_nb_2006,0.7006570813146373
GLCTLVAML_nb_5845,0.6472909138667048
LLFGYPVYV_nb_1683,0.6349450984939298
FLYALALLL_nb_8760,0.6046378213257255
ELAGIGILTV_nb_7319,0.612139130389509
FLYALALLL_nb_3972,0.7411446769640107
LLDFVRFMGV_nb_734,0.5725492557111358
GILGFVFTL_3398,0.8996419723226485
LLFGYPVYV_nb_10916,0.39158625089770316
LLFGYPVYV_nb_6660,0.738447688204936
LLFGYPVYV_nb_6452,0.2413030787386327
FLYALALLL_nb_4159,0.5915283240340872
GILGFVFTL_2844,0.889573046722978
LLFGYPVYV_nb_1677,0.747527811853528
LLDFVRFMGV_nb_506,0.5717815538961463
GILGFVFTL_2078,0.8055941402170532
FLYALALLL_nb_8794,0.5960763386728457
FLYALALLL_nb_930,0.3484613746905373
LLDFVRFMGV_nb_3209,0.5255051959225487
GILGFVFTL_1299,0.21878908356029725
GILGFVFTL_nb_4981,0.15735780143346725
GILGFVFTL_682,0.9162520406253372
FLYALALLL_nb_9222,0.7014532161397012
LLDFVRFMGV_nb_8285,0.22948484784254863
GILGFVFTL_nb_9490,0.694833698690072
FLYALALLL_nb_9010,0.42374850232583045
LLFGYPVYV_nb_6204,0.5234735661436565
LLFGYPVYV_nb_6658,0.5353831685512934
GLCTLVAML_nb_5287,0.8180844401754237
GLCTLVAML_nb_1627,0.8122678581569951
FLYALALLL_nb_4353,0.6399916278574443
GLCTLVAML_1668,0.3540647318251542
ELAGIGILTV_nb_2495,0.6805742780065055
GILGFVFTL_2272,0.9277196686874479
LLDFVRFMGV_nb_3003,0.22657206574928995
GILGFVFTL_2040,0.9329011956987826
LLDFVRFMGV_nb_3231,0.8383105873620368
FLYALALLL_nb_908,0.8720262122702026
GLCTLVAML_nb_1415,0.36423601736432387
FLYALALLL_nb_4161,0.8344166130174431
GLCTLVAML_nb_5889,0.2075998746426154
LLDFVRFMGV_nb_3655,0.5524762446652305
GILGFVFTL_2424,0.46685328589648134
ELAGIGILTV_nb_317,0.8557521781972923
GILGFVFTL_nb_5057,0.863795746525469
FLYALALLL_nb_1077,0.20772447960249005
FLYALALLL_nb_4505,0.21656707921471735
LLFGYPVYV_nb_6832,0.7308536426974929
GILGFVFTL_1093,0.9125269792845966
GLCTLVAML_nb_10090,0.34968109608369324
FLYALALLL_nb_762,0.673353927913491
LLFGYPVYV_nb_1825,0.5950065967583071
FLYALALLL_nb_9028,0.7921677903104385
LLDFVRFMGV_nb_3467,0.19556003635406194
GILGFVFTL_2616,0.9202550809993966
ELAGIGILTV_nb_125,0.4868459495702479
ELAGIGILTV_nb_7583,0.29691407922156926
ELAGIGILTV_1486,0.7834992655228283
ELAGIGILTV_nb_2237,0.4847164232959468
GILGFVFTL_88,0.7341848254940404
LLDFVRFMGV_nb_8249,0.7399118072738542
GLCTLVAML_nb_5425,0.5553594912507629
FLYALALLL_nb_1083,0.7074472178483482
GLCTLVAML_nb_10256,0.4257450084450423
GLCTLVAML_nb_5617,0.27279746404849414
GLCTLVAML_nb_10064,0.4644472390640597
FLYALALLL_nb_796,0.806830559415362
FLYALALLL_nb_8932,0.6835125849580677
LLFGYPVYV_nb_11450,0.8342363802402859
LLDFVRFMGV_nb_3493,0.3540741513247854
ELAGIGILTV_nb_2839,0.36950620544207946
ELAGIGILTV_nb_7577,0.7787028782836247
GILGFVFTL_nb_4727,0.6530051384665675
GLCTLVAML_nb_5273,0.6585958916641119
GILGFVFTL_1403,0.903529879544908
GLCTLVAML_nb_10400,0.7149540131937417
GILGFVFTL_nb_1255,0.8833883284424324
LLDFVRFMGV_nb_2919,0.16633249069423864
LLFGYPVYV_nb_11034,0.681264264585072
ELAGIGILTV_nb_2461,0.5028068968535648
GILGFVFTL_2286,0.869511848358288
ELAGIGILTV_nb_7113,0.29720928679256
GILGFVFTL_nb_9804,0.22036865104065634
GILGFVFTL_3354,0.9237015956435344
LLFGYPVYV_nb_11206,0.18288636667839328
GILGFVFTL_2888,0.9355136723250456
ELAGIGILTV_nb_2653,0.1930118128555756
FLYALALLL_nb_8758,0.46759696502746184
ELAGIGILTV_1224,0.8149821152383618
ELAGIGILTV_nb_7321,0.6852752635409682
GILGFVFTL_1631,0.9218323577161006
GLCTLVAML_nb_10632,0.6208618438774447
FLYALALLL_nb_4195,0.8190198310035219
GILGFVFTL_nb_9497,0.8348421889196429
FLYALALLL_nb_9017,0.7752892544881149
LLDFVRFMGV_nb_3458,0.5625476865095904
GILGFVFTL_2629,0.8622083723404248
LLFGYPVYV_nb_6203,0.6560278206558887
GILGFVFTL_1890,0.823662035005374
GILGFVFTL_nb_5068,0.32754501769641536
FLYALALLL_nb_1048,0.8443381502068054
GILGFVFTL_nb_4986,0.4944200422724741
LLDFVRFMGV_nb_8282,0.1773963901464054
GILGFVFTL_43,0.9314868238375056
FLYALALLL_nb_9225,0.18633947682088564
ELAGIGILTV_nb_328,0.8467709860857962
LLFGYPVYV_nb_6455,0.2698875197199666
GILGFVFTL_2843,0.9233015860341514
LLDFVRFMGV_nb_501,0.6317061449141018
ELAGIGILTV_nb_2698,0.3364873035697965
LLFGYPVYV_nb_1670,0.522494198465012
FLYALALLL_nb_8793,0.817470019562516
FLYALALLL_nb_937,0.709789996387125
FLYALALLL_nb_3975,0.5863622254800622
LLDFVRFMGV_nb_733,0.681866527508937
LLDFVRFMGV_nb_3800,0.393143147670397
LLFGYPVYV_nb_10911,0.8023799622706581
FLYALALLL_1669,0.5237306400374323
LLFGYPVYV_nb_6667,0.3558737544755754
GLCTLVAML_nb_1618,0.7138322761702912
GLCTLVAML_2214,0.6498571198740245
LLFGYPVYV_nb_2001,0.2498514929644272
GILGFVFTL_215,0.9218323577161006
ELAGIGILTV_232,0.8991948397062763
GLCTLVAML_nb_5842,0.6070674350340857
LLFGYPVYV_nb_11239,0.8123177948653117
LLFGYPVYV_nb_1684,0.44450480485635985
FLYALALLL_nb_8767,0.21681843070082685
GILGFVFTL_3159,0.26667065065539697
LLDFVRFMGV_nb_2926,0.3650040708186271
FLYALALLL_nb_3981,0.6322550433858387
FLYALALLL_nb_8555,0.6974289069267194
ELAGIGILTV_1029,0.7968128774193316
LLDFVRFMGV_nb_8420,0.8387166063595088
LLFGYPVYV_nb_6693,0.7523551803649972
GILGFVFTL_nb_4718,0.7481825701378249
FLYALALLL_nb_4398,0.8537552021977648
GILGFVFTL_nb_9463,0.47520711300161556
LLDFVRFMGV_nb_7830,0.7765851625861966
ELAGIGILTV_nb_2806,0.6111652873251985
LLDFVRFMGV_nb_8044,0.24569174944061348
ELAGIGILTV_nb_7548,0.7870530385981452
GLCTLVAML_nb_5628,0.651817989346853
GILGFVFTL_1058,0.8626391660143059
GILGFVFTL_1864,0.9115074408896621
GLCTLVAML_nb_1288,0.594051487915372
GILGFVFTL_443,0.7263258651066529
ELAGIGILTV_nb_33,0.38549763645246804
GLCTLVAML_nb_10269,0.784038519691683
GILGFVFTL_nb_4972,0.7268613426265647
ELAGIGILTV_nb_2208,0.7957534776439917
GILGFVFTL_nb_9651,0.21568329113743326
LLDFVRFMGV_nb_8276,0.8233274691549943
FLYALALLL_nb_1041,0.8413656394503237
GILGFVFTL_nb_5061,0.46007897064164593
GILGFVFTL_1297,0.9206502802931884
GLCTLVAML_nb_10294,0.36818711717867614
LLFGYPVYV_nb_6804,0.6641359541745969
FLYALALLL_nb_4533,0.6935774257837897
ELAGIGILTV_nb_321,0.7848376138801091
LLDFVRFMGV_nb_3663,0.31782647259821306
LLFGYPVYV_nb_11492,0.7497388304519587
FLYALALLL_nb_754,0.766755046627307
ELAGIGILTV_nb_113,0.6821647544925545
GLCTLVAML_nb_6050,0.17394031520855574
LLFGYPVYV_nb_1813,0.7548189828236149
LLDFVRFMGV_nb_3451,0.19681301002188115
GILGFVFTL_1899,0.7402293061988042
LLFGYPVYV_nb_10918,0.31314976137836137
LLDFVRFMGV_nb_3035,0.4141486210787657
GILGFVFTL_3396,0.716308520073314
GLCTLVAML_3109,0.4619965465117366
GLCTLVAML_nb_1611,0.19412381043271143
FLYALALLL_nb_4365,0.7942254123444126
GLCTLVAML_nb_1423,0.7142975339435903
FLYALALLL_nb_4157,0.7598325638835729
LLDFVRFMGV_nb_508,0.7167188838531326
ELAGIGILTV_nb_2691,0.27284497367818733
LLFGYPVYV_nb_1679,0.41521536461853725
LLDFVRFMGV_nb_3207,0.4684748053344343
GILGFVFTL_2076,0.4725236866301803
ELAGIGILTV_nb_2457,0.73806959917179
FLYALALLL_nb_3988,0.33538564740153276
LLFGYPVYV_nb_11002,0.5518440486079894
LLDFVRFMGV_nb_8429,0.6181937982932668
GILGFVFTL_3362,0.9037194213691782
ELAGIGILTV_nb_7125,0.18511027802572239
GILGFVFTL_nb_9832,0.59160420321718
GLCTLVAML_nb_5245,0.45769740826206573
GILGFVFTL_1435,0.5464945842889161
GILGFVFTL_nb_4711,0.7137899440318466
GILGFVFTL_nb_1263,0.2159529636898902
FLYALALLL_nb_4391,0.7560115241730536
GLCTLVAML_nb_10436,0.6203515417094514
LLFGYPVYV_nb_2008,0.3385159210689504
GLCTLVAML_nb_10604,0.6397697490020606
ELAGIGILTV_nb_2665,0.7025431328328449
LLFGYPVYV_nb_11230,0.30793967809889566
FLYALALLL_nb_11753,0.3290374727204756
GILGFVFTL_3150,0.5917931897263993
ELAGIGILTV_nb_7317,0.8405164777860664
GILGFVFTL_2082,0.9218323577161006
GILGFVFTL_nb_5095,0.24321255241722017
GILGFVFTL_1263,0.8619653752415856
GLCTLVAML_nb_5413,0.884353012272804
GLCTLVAML_nb_10260,0.6898435764199891
GILGFVFTL_nb_9658,0.333324298954539
ELAGIGILTV_nb_2201,0.35544039531628824
LLDFVRFMGV_nb_3697,0.6799492437230672
LLFGYPVYV_nb_11466,0.7237252968114942
FLYALALLL_nb_8904,0.6726365703789119
ELAGIGILTV_nb_2033,0.597519963563205
ELAGIGILTV_nb_7541,0.8686281677466532
LLDFVRFMGV_nb_7839,0.3248466659362378
ELAGIGILTV_3313,0.8764307153391082
GLCTLVAML_nb_5621,0.7862026533336541
GILGFVFTL_1051,0.7417052731439959
GLCTLVAML_nb_10052,0.5700543190119957
GLCTLVAML_nb_1281,0.8396322159095835
LLDFVRFMGV_nb_537,0.18042938923984103
LLFGYPVYV_nb_1646,0.32844284995046763
GILGFVFTL_2875,0.9074167075761918
LLDFVRFMGV_nb_3238,0.7172442495445409
FLYALALLL_nb_901,0.45238946052325846
GILGFVFTL_2049,0.9039135319367756
LLFGYPVYV_nb_6463,0.7685534086401054
FLYALALLL_nb_4168,0.5951083056195569
GLCTLVAML_nb_5880,0.38665724230312715
LLFGYPVYV_nb_6651,0.5889542272663723
LLDFVRFMGV_nb_705,0.8510693533976499
FLYALALLL_nb_3943,0.8441557003891575
LLFGYPVYV_nb_10927,0.2876823854199588
FLYALALLL_nb_8597,0.21073874282131871
LLFGYPVYV_nb_6235,0.6166139549462115
GLCTLVAML_nb_10099,0.6193381741551787
GILGFVFTL_481,0.6141811297726518
FLYALALLL_nb_9021,0.775308315044334
LLDFVRFMGV_nb_8086,0.2503112107775728
GILGFVFTL_nb_9693,0.21637934854485563
FLYALALLL_nb_9213,0.7239827667842265
GILGFVFTL_1852,0.8253387218623979
LLFGYPVYV_nb_11459,0.6108157520443258
GILGFVFTL_nb_9455,0.7635862782326803
LLDFVRFMGV_nb_395,0.6507353754077538
LLDFVRFMGV_nb_7806,0.4698266551476759
ELAGIGILTV_nb_2830,0.7425955602606387
LLDFVRFMGV_nb_8072,0.6387201263636066
GILGFVFTL_nb_9667,0.5888333319059131
LLDFVRFMGV_nb_8240,0.647697509625141
GILGFVFTL_647,0.19829672424468703
GILGFVFTL_nb_4944,0.5050149135332216
GILGFVFTL_2881,0.8853436588141854
FLYALALLL_nb_8751,0.45911517192864887
ELAGIGILTV_nb_7328,0.33095582900124837
GILGFVFTL_1638,0.2077295265627124
LLFGYPVYV_nb_6497,0.7491657619988196
GLCTLVAML_nb_5874,0.8512278633953994
GILGFVFTL_223,0.4052252561581636
GLCTLVAML_nb_10409,0.8568643532910176
GLCTLVAML_1695,0.763366825010388
ELAGIGILTV_nb_2468,0.4832515061486793
LLDFVRFMGV_nb_8416,0.6936309521113272
FLYALALLL_nb_8563,0.6888579952920015
LLFGYPVYV_nb_11461,0.8024226060826236
FLYALALLL_nb_8903,0.6238472202447137
ELAGIGILTV_nb_2034,0.4887681162774031
ELAGIGILTV_nb_7546,0.4713160020652569
ELAGIGILTV_nb_2808,0.6125191151824767
GILGFVFTL_1056,0.8345549743200689
GLCTLVAML_nb_5626,0.5764554758184077
GLCTLVAML_nb_10055,0.27705925559666966
GLCTLVAML_nb_1286,0.7471694901742146
GLCTLVAML_nb_5414,0.6675400017708083
GILGFVFTL_nb_5092,0.6271553986473656
GILGFVFTL_1264,0.8013898632089766
GLCTLVAML_nb_10267,0.7177435083887939
ELAGIGILTV_658,0.9035021154028545
ELAGIGILTV_nb_2206,0.3762199008959878
LLDFVRFMGV_nb_3690,0.7789162185110833
LLDFVRFMGV_nb_8278,0.8211629411360849
GILGFVFTL_1600,0.7499170792198925
GLCTLVAML_nb_10603,0.3494480313249562
ELAGIGILTV_nb_2662,0.5641574792116484
FLYALALLL_nb_11754,0.5930983097466511
LLFGYPVYV_nb_11237,0.7260090292062065
GILGFVFTL_3157,0.6977009761077495
GILGFVFTL_2085,0.7130997172747315
FLYALALLL_nb_8769,0.45179497042162753
ELAGIGILTV_nb_7310,0.743828735464839
ELAGIGILTV_nb_2450,0.26432692254237533
LLFGYPVYV_nb_11005,0.3186041763614408
LLDFVRFMGV_nb_2928,0.30855513919285504
GILGFVFTL_3365,0.6805044446748708
ELAGIGILTV_nb_7122,0.44934476804538437
GILGFVFTL_nb_9835,0.3281689443632744
ELAGIGILTV_1027,0.8960243506963854
GILGFVFTL_1432,0.9030150448987404
GLCTLVAML_nb_5242,0.4705318932303965
GILGFVFTL_nb_4716,0.6777876000548809
FLYALALLL_nb_4396,0.8263180331141124
GILGFVFTL_nb_1264,0.3972186941413915
GLCTLVAML_nb_10431,0.7822483317147995
FLYALALLL_nb_4150,0.2506249774725829
GLCTLVAML_nb_1424,0.5136626633389674
ELAGIGILTV_nb_2696,0.3549059673172727
FLYALALLL_nb_939,0.7335374443878555
LLDFVRFMGV_nb_3200,0.7542965954458871
GILGFVFTL_2071,0.891284776695969
GILGFVFTL_3391,0.8999180499993364
LLDFVRFMGV_nb_3032,0.35740893245999333
LLFGYPVYV_nb_6669,0.7145626331947381
FLYALALLL_nb_4362,0.7650654485842675
GLCTLVAML_nb_1616,0.7697181360654928
GILGFVFTL_2,0.920657974968997
GILGFVFTL_nb_9499,0.8113112546980963
LLFGYPVYV_nb_11495,0.3492713126634111
FLYALALLL_nb_753,0.8418501104181912
ELAGIGILTV_nb_114,0.820930290178961
GILGFVFTL_2627,0.9216633183127896
LLDFVRFMGV_nb_3456,0.22123256297107852
FLYALALLL_nb_9019,0.724155412110862
LLFGYPVYV_nb_1814,0.520043145162321
FLYALALLL_nb_1046,0.8327229747886672
GILGFVFTL_nb_5066,0.6765875771835643
GILGFVFTL_1290,0.8214853938490554
LLFGYPVYV_nb_6803,0.5334064249088091
GILGFVFTL_nb_4988,0.6032861957299207
GLCTLVAML_nb_10293,0.5568420301204676
FLYALALLL_nb_4534,0.6460991307514694
ELAGIGILTV_nb_326,0.8867328640195039
LLDFVRFMGV_nb_3664,0.8421678279132302
GILGFVFTL_nb_4729,0.5784434960750755
LLDFVRFMGV_nb_2917,0.5374625328057152
LLDFVRFMGV_nb_8411,0.6328650049140023
FLYALALLL_nb_8564,0.7680168794800832
GILGFVFTL_2288,0.8891560759654197
GILGFVFTL_2886,0.8804870874958312
LLFGYPVYV_nb_11208,0.5521687885056059
FLYALALLL_nb_8756,0.23838662761154622
LLFGYPVYV_nb_6490,0.581067526420981
GLCTLVAML_nb_5873,0.8036786758915978
GILGFVFTL_224,0.6871130825350695
GILGFVFTL_nb_9660,0.679007677188925
ELAGIGILTV_nb_2239,0.21809069646452928
GILGFVFTL_86,0.682187079572664
LLDFVRFMGV_nb_8247,0.4805080162527773
GILGFVFTL_nb_4943,0.6998563503487404
GLCTLVAML_nb_10258,0.12463358812675587
GILGFVFTL_1069,0.8461718953028041
GLCTLVAML_nb_5619,0.7039307809638914
GILGFVFTL_1855,0.8895721397231984
GILGFVFTL_nb_9452,0.6808829937587182
LLDFVRFMGV_nb_392,0.3435593569906795
FLYALALLL_nb_798,0.8443381502068054
ELAGIGILTV_nb_7579,0.6129847407074487
LLDFVRFMGV_nb_8075,0.5590697135526698
ELAGIGILTV_nb_2837,0.6523677792524102
LLDFVRFMGV_nb_7801,0.2666615082889047
GILGFVFTL_nb_9694,0.7002448908740753
ELAGIGILTV_nb_319,0.6284094125018476
FLYALALLL_nb_9214,0.6855001036089539
FLYALALLL_nb_1079,0.6431053613203874
GILGFVFTL_nb_5059,0.6473664353665749
LLFGYPVYV_nb_6232,0.6955497508269697
GILGFVFTL_2618,0.919397414312713
LLDFVRFMGV_nb_3469,0.7267529110776973
LLDFVRFMGV_nb_8081,0.43289869568331646
FLYALALLL_nb_9026,0.5622313853312022
GLCTLVAML_nb_5289,0.751336397037428
LLFGYPVYV_nb_6656,0.5607195962621032
GLCTLVAML_nb_1629,0.5555629499376068
LLDFVRFMGV_nb_702,0.38952954283973035
GLCTLVAML_1666,0.4327264481776087
FLYALALLL_nb_3944,0.839776441489297
LLFGYPVYV_nb_10920,0.706891422364275
FLYALALLL_nb_8590,0.8157407514320886
LLFGYPVYV_nb_1641,0.7278902249542555
LLDFVRFMGV_nb_530,0.5123193774675809
GILGFVFTL_2872,0.24094192020148092
FLYALALLL_nb_906,0.7295265995250195
LLFGYPVYV_nb_6464,0.6920496251195913
GLCTLVAML_nb_5887,0.8374152930512961
LLFGYPVYV_nb_6635,0.5916090093093489
GLCTLVAML_nb_10499,0.8248830342613223
FLYALALLL_nb_3927,0.7771330440868275
LLDFVRFMGV_nb_2980,0.5898534679046349
GLCTLVAML_1605,0.2238217266502989
LLFGYPVYV_nb_11891,0.22742063160669398
GILGFVFTL_nb_11797,0.5928852659800687
LLFGYPVYV_nb_10943,0.44226194501591787
GILGFVFTL_2811,0.445819622286162
GILGFVFTL_nb_9293,0.6430817498937539
LLDFVRFMGV_nb_553,0.8085501259453509
FLYALALLL_nb_965,0.7288169053110891
LLFGYPVYV_nb_6407,0.5675269052530771
ELAGIGILTV_294,0.7354097496637522
GLCTLVAML_nb_1478,0.7569437985297252
LLDFVRFMGV_nb_3638,0.7975352926838384
GILGFVFTL_11,0.6280783876828686
GILGFVFTL_nb_10013,0.581369394947758
GILGFVFTL_2449,0.765400096181709
ELAGIGILTV_nb_95,0.8120209869158159
LLFGYPVYV_nb_6063,0.540732291250568
FLYALALLL_nb_4568,0.7895015287151057
LLFGYPVYV_nb_6251,0.8053700277182476
LLFGYPVYV_nb_1848,0.6830678025577863
LLDFVRFMGV_nb_7896,0.4877616892529622
FLYALALLL_nb_9045,0.2661059277888186
ELAGIGILTV_nb_148,0.4168787748088161
GILGFVFTL_nb_9603,0.42154580546387255
LLDFVRFMGV_nb_8224,0.22368833746956251
GLCTLVAML_nb_5448,0.37178578765859827
ELAGIGILTV_nb_61,0.7131694165908505
GILGFVFTL_1238,0.328347743740282
LLFGYPVYV_nb_6097,0.5779553101865544
ELAGIGILTV_604,0.8601125403001739
GILGFVFTL_nb_4920,0.7145711832828985
GLCTLVAML_2622,0.8108094819840832
GILGFVFTL_1836,0.8314761211767465
GILGFVFTL_411,0.9333825221274279
ELAGIGILTV_nb_2068,0.7862060141777041
GILGFVFTL_nb_9431,0.3603205326459774
LLDFVRFMGV_nb_8016,0.5422370462451811
ELAGIGILTV_nb_2854,0.6165076307181695
LLDFVRFMGV_nb_7862,0.17080574466094955
GILGFVFTL_849,0.8898096487795597
GILGFVFTL_nb_1238,0.7783706436870921
LLFGYPVYV_nb_11059,0.759507454099553
LLDFVRFMGV_nb_2974,0.6017770970805816
FLYALALLL_nb_8507,0.20010834493694718
GILGFVFTL_nb_9869,0.6342048378975355
GILGFVFTL_nb_11763,0.7062363262465176
GILGFVFTL_3339,0.5778263236159898
GILGFVFTL_nb_9267,0.6675472123559834
FLYALALLL_nb_11708,0.47682710041688875
FLYALALLL_nb_8735,0.5516285321202415
FLYALALLL_nb_991,0.6901898399682058
GLCTLVAML_nb_5810,0.739474111724763
ELAGIGILTV_260,0.7752411041746055
FLYALALLL_nb_8994,0.1859769257347414
LLDFVRFMGV_nb_3435,0.8638756735874056
LLFGYPVYV_nb_1877,0.7625601161951943
GLCTLVAML_nb_6034,0.6777010761512967
ELAGIGILTV_nb_177,0.558994357428608
GLCTLVAML_nb_5483,0.8598265328911073
GILGFVFTL_nb_5005,0.7668570031822631
FLYALALLL_nb_1025,0.7711439028210816
FLYALALLL_nb_4557,0.5178425614521998
LLFGYPVYV_nb_6860,0.667810099114804
ELAGIGILTV_nb_2291,0.5243938761506516
LLFGYPVYV_588,0.8059897819728377
LLDFVRFMGV_nb_3607,0.8572707997673982
ELAGIGILTV_nb_345,0.5771104051574836
GILGFVFTL_2476,0.9271560862721745
LLFGYPVYV_nb_6438,0.705060662693987
GILGFVFTL_1697,0.6876282970381792
GLCTLVAML_nb_10694,0.42294215431875587
FLYALALLL_nb_4133,0.5421325133241732
GLCTLVAML_nb_1447,0.6896133785160452
GILGFVFTL_2012,0.8233701781816147
ELAGIGILTV_nb_7387,0.5689879836485738
LLDFVRFMGV_nb_3263,0.38874795630881
LLFGYPVYV_nb_11092,0.29364946483012033
FLYALALLL_nb_3918,0.778310655244892
LLDFVRFMGV_nb_3051,0.6723588675492568
GILGFVFTL_882,0.922132223638054
GILGFVFTL_nb_4781,0.19112059626072653
FLYALALLL_nb_4301,0.7157297307473391
GLCTLVAML_nb_10660,0.6439968768699461
FLYALALLL_nb_11737,0.4292363598321437
LLFGYPVYV_nb_11254,0.778178645463672
GILGFVFTL_nb_9258,0.21610339175335214
ELAGIGILTV_nb_2601,0.750255085566837
LLDFVRFMGV_nb_598,0.5153284536893562
ELAGIGILTV_nb_7373,0.744826769789595
GILGFVFTL_3134,0.8477941527119905
LLDFVRFMGV_nb_3297,0.23966446286276485
LLFGYPVYV_nb_11066,0.6031677225906398
ELAGIGILTV_nb_2433,0.39767694379198887
LLFGYPVYV_3481,0.6773976875633005
FLYALALLL_nb_8538,0.32345582202564255
ELAGIGILTV_nb_7141,0.6317764240803986
GILGFVFTL_nb_9856,0.6293340933307776
GILGFVFTL_3306,0.8833514792111179
LLFGYPVYV_nb_10988,0.5191524139655527
GILGFVFTL_876,0.8278969882219248
GILGFVFTL_nb_4775,0.574150245744116
GLCTLVAML_nb_5221,0.604232181211389
GLCTLVAML_nb_10452,0.4406433608922563
GILGFVFTL_nb_1207,0.6488590935585147
ELAGIGILTV_nb_2057,0.8508745732612506
FLYALALLL_nb_8960,0.39635015224553405
LLFGYPVYV_nb_11402,0.22905049270787936
LLDFVRFMGV_nb_8029,0.23515872346274064
LLFGYPVYV_nb_1883,0.5491233049005855
ELAGIGILTV_nb_7525,0.2993504934854552
ELAGIGILTV_nb_183,0.7385336612011554
GILGFVFTL_1035,0.23006840833482314
GLCTLVAML_nb_5645,0.8164346236599265
GILGFVFTL_1809,0.9218323577161006
GLCTLVAML_nb_10036,0.5552312149956288
ELAGIGILTV_2097,0.9021953613659698
GLCTLVAML_nb_5477,0.5574748547907024
GILGFVFTL_1207,0.875032401227823
LLFGYPVYV_nb_6894,0.6378915314854705
GLCTLVAML_nb_10204,0.49877232694736356
ELAGIGILTV_nb_2265,0.5823039304951311
GILGFVFTL_2482,0.9123546515340314
ELAGIGILTV_nb_7717,0.8483971481810988
GILGFVFTL_nb_9260,0.6343343170590042
ELAGIGILTV_nb_2639,0.7282913712695438
FLYALALLL_nb_8732,0.6466592338638674
FLYALALLL_nb_996,0.7193142071247411
GLCTLVAML_nb_10658,0.5719458586592094
GILGFVFTL_240,0.8946349289208824
GLCTLVAML_nb_5817,0.7723573168340877
GLCTLVAML_nb_5219,0.2007788744446824
GILGFVFTL_1469,0.9354727374949321
LLDFVRFMGV_nb_2973,0.49915609529347804
GILGFVFTL_nb_11764,0.21579776403569517
FLYALALLL_nb_8500,0.44761299683345473
ELAGIGILTV_nb_7179,0.2714547505036341
GILGFVFTL_1831,0.9218323577161006
GLCTLVAML_2417,0.1902045864491516
GILGFVFTL_416,0.828879263622085
FLYALALLL_nb_8958,0.20109542540969727
GILGFVFTL_nb_9436,0.4153807661068833
LLDFVRFMGV_nb_7865,0.2056145382446689
ELAGIGILTV_nb_2853,0.49923848789936653
LLDFVRFMGV_nb_8011,0.5909822618963999
GILGFVFTL_2688,0.9080585884189016
GILGFVFTL_nb_9604,0.3043906158809965
LLDFVRFMGV_nb_8223,0.7738619470252374
ELAGIGILTV_nb_66,0.8815861293680085
LLFGYPVYV_nb_6090,0.3711931753675467
GILGFVFTL_nb_4927,0.5392575361774489
GLCTLVAML_nb_5689,0.67921727671385
LLFGYPVYV_nb_6256,0.7851747409591818
FLYALALLL_nb_9042,0.8266657833262439
LLDFVRFMGV_nb_7891,0.2135044498158693
GILGFVFTL_nb_10014,0.8555120383798978
GILGFVFTL_16,0.8694920589854866
ELAGIGILTV_nb_92,0.44297873775835633
LLFGYPVYV_nb_6064,0.5579047622404598
LLFGYPVYV_nb_6858,0.697576078436036
GILGFVFTL_nb_9294,0.8119281444801165
LLFGYPVYV_nb_11298,0.5101007187139774
GILGFVFTL_2816,0.7016010427899242
LLDFVRFMGV_nb_554,0.5590959208282041
FLYALALLL_nb_962,0.8465118480289988
LLFGYPVYV_nb_6400,0.43054020165547
FLYALALLL_3359,0.6471929612902166
ELAGIGILTV_293,0.8586599097336884
LLFGYPVYV_nb_6632,0.8510108066164073
FLYALALLL_nb_4339,0.7926215144272899
LLDFVRFMGV_nb_2987,0.7014220803660103
FLYALALLL_nb_3920,0.8239312076889546
GILGFVFTL_nb_11790,0.7456247325707387
GILGFVFTL_2218,0.920837263848261
ELAGIGILTV_1088,0.8857605815596796
LLFGYPVYV_nb_11896,0.7941205283051055
LLFGYPVYV_nb_10944,0.7175074645071503
LLDFVRFMGV_nb_3069,0.7453543457388746
ELAGIGILTV_nb_59,0.701900418568251
GLCTLVAML_nb_5470,0.7840496938280512
ELAGIGILTV_nb_11589,0.7469562294416113
GLCTLVAML_nb_10203,0.1339306468615236
GILGFVFTL_nb_4918,0.8067697292486342
LLFGYPVYV_nb_6893,0.7162603934226943
ELAGIGILTV_nb_2262,0.16622958216691103
ELAGIGILTV_nb_7710,0.566154595328251
GILGFVFTL_2485,0.8774327332547074
ELAGIGILTV_nb_2050,0.8687825196210466
FLYALALLL_nb_8967,0.5644212370220322
LLFGYPVYV_nb_11405,0.6079353642405676
GILGFVFTL_nb_9409,0.5956104119529835
LLFGYPVYV_nb_1884,0.6913354802344741
FLYALALLL_nb_9089,0.6246337098719594
ELAGIGILTV_nb_184,0.7359558622700688
ELAGIGILTV_nb_7522,0.8455118357690217
GLCTLVAML_nb_5642,0.4410926826793184
GILGFVFTL_1032,0.9188709826210313
GILGFVFTL_429,0.8955305656584971
GLCTLVAML_nb_10031,0.463719362026221
LLFGYPVYV_nb_11061,0.815605268233404
ELAGIGILTV_nb_2434,0.7015797368937611
ELAGIGILTV_nb_7146,0.7993397163989524
GILGFVFTL_nb_9851,0.5181240622391106
GILGFVFTL_3301,0.9293680764518963
GILGFVFTL_nb_4772,0.6027690618300099
GILGFVFTL_871,0.9234193591355887
GLCTLVAML_nb_5226,0.6805015980105038
ELAGIGILTV_856,0.8532522125798927
GILGFVFTL_1456,0.9358336291120775
GLCTLVAML_nb_10455,0.8202471685353995
GILGFVFTL_nb_1200,0.6635408100547969
GLCTLVAML_nb_10667,0.2012475580264766
GLCTLVAML_nb_5828,0.5271271279235146
LLFGYPVYV_nb_11253,0.16156826632612387
FLYALALLL_nb_11730,0.7269217819379256
ELAGIGILTV_nb_2606,0.1224585554645108
ELAGIGILTV_nb_7374,0.28287504384471907
LLDFVRFMGV_nb_3290,0.5157078915249294
GILGFVFTL_3133,0.7144447554017338
LLFGYPVYV_nb_11095,0.269673280600756
GILGFVFTL_2227,0.9354727374949321
LLDFVRFMGV_nb_3056,0.44248245905070843
GILGFVFTL_nb_4786,0.7587928803108026
GILGFVFTL_885,0.1738127234832019
FLYALALLL_nb_4306,0.44555436111797364
GILGFVFTL_1690,0.8392893315178978
GLCTLVAML_nb_10693,0.25648279439424376
GLCTLVAML_nb_1440,0.6825596112371777
FLYALALLL_nb_4134,0.8323261661694664
ELAGIGILTV_1285,0.2998871022616855
ELAGIGILTV_nb_7380,0.7037052122240814
GILGFVFTL_2015,0.8589182757372256
LLDFVRFMGV_nb_3264,0.6800374780472669
GILGFVFTL_nb_5002,0.6951305318043681
GLCTLVAML_nb_5484,0.2844400626491236
FLYALALLL_nb_1022,0.8537552021977648
FLYALALLL_nb_4550,0.7368683076650295
LLFGYPVYV_nb_6867,0.6803455547951696
ELAGIGILTV_nb_2296,0.7380848959484132
GILGFVFTL_29,0.5794914982828072
LLDFVRFMGV_nb_3600,0.5922213558660607
GILGFVFTL_2471,0.8814999031806461
ELAGIGILTV_nb_342,0.36744080672662
FLYALALLL_nb_8993,0.8516477109443312
LLFGYPVYV_nb_1870,0.8663235173826669
LLDFVRFMGV_nb_3432,0.31353430205188226
ELAGIGILTV_nb_2898,0.6894609969656529
ELAGIGILTV_nb_170,0.5139565668007866
GLCTLVAML_nb_6033,0.7326930341509519
LLFGYPVYV_nb_6269,0.8231033723929411
GILGFVFTL_nb_9400,0.6464862145168648
ELAGIGILTV_nb_2059,0.22688244631006071
FLYALALLL_nb_9080,0.6466342909387551
LLDFVRFMGV_nb_7853,0.26830248250929506
ELAGIGILTV_nb_2865,0.4312975201647818
LLDFVRFMGV_nb_8027,0.7919574928494288
LLFGYPVYV_nb_6294,0.8259097066068888
GLCTLVAML_nb_10038,0.7169415243641774
GILGFVFTL_420,0.7267950298677486
GILGFVFTL_1807,0.9058097578381831
ELAGIGILTV_nb_11580,0.4574981024284567
GILGFVFTL_1209,0.8802275556270163
ELAGIGILTV_nb_50,0.8580039728482701
GLCTLVAML_nb_5479,0.45563555684858636
GILGFVFTL_612,0.9192796374268541
GILGFVFTL_nb_4911,0.7463355874494224
GILGFVFTL_nb_9632,0.7951642075753697
ELAGIGILTV_nb_7719,0.45375103085413515
LLDFVRFMGV_nb_8215,0.6030552915347258
ELAGIGILTV_251,0.6135129204926354
GLCTLVAML_nb_5821,0.8902170547261585
GILGFVFTL_276,0.34672517088423593
LLDFVRFMGV_nb_596,0.8253280369424609
FLYALALLL_nb_11739,0.21508039059901224
GILGFVFTL_nb_9256,0.7327474569000674
LLDFVRFMGV_nb_3299,0.8807126091819815
FLYALALLL_nb_8704,0.21340560434961964
LLDFVRFMGV_nb_2945,0.7892428962392515
LLFGYPVYV_nb_11068,0.6013010715070586
LLFGYPVYV_nb_10986,0.806911329392492
GILGFVFTL_3308,0.687093279312756
LLDFVRFMGV_nb_8443,0.563285740557861
FLYALALLL_nb_8536,0.5366032388102785
GILGFVFTL_nb_9858,0.23989900925637286
GILGFVFTL_nb_1209,0.8796643639533029
FLYALALLL_2847,0.7618632363491527
GILGFVFTL_1699,0.9347999032348446
LLFGYPVYV_nb_6436,0.7455033820378482
GLCTLVAML_nb_1449,0.2997364796243835
GILGFVFTL_282,0.29796074313461796
LLDFVRFMGV_nb_562,0.7247321457857866
GILGFVFTL_2820,0.4879369454255191
FLYALALLL_nb_954,0.756299828055395
ELAGIGILTV_nb_7389,0.84258661485303
FLYALALLL_nb_3916,0.7419900587865016
LLFGYPVYV_nb_10972,0.8828026522567949
LLFGYPVYV_nb_6604,0.6482010925263819
ELAGIGILTV_nb_179,0.835458279866869
FLYALALLL_nb_9074,0.5055587070884078
LLFGYPVYV_nb_1879,0.289631415437462
ELAGIGILTV_nb_2891,0.2469249764425418
LLFGYPVYV_nb_6260,0.6332296832824389
ELAGIGILTV_nb_11574,0.35512143463826396
FLYALALLL_nb_4559,0.1845867383792386
GILGFVFTL_2478,0.9023906578615872
LLDFVRFMGV_nb_3609,0.5782616742127225
GLCTLVAML_nb_5210,0.8512278633953994
GILGFVFTL_1460,0.7854433298956858
GILGFVFTL_nb_4744,0.3317511909466215
GILGFVFTL_nb_1236,0.8309511049905749
GLCTLVAML_nb_10463,0.641263546915164
ELAGIGILTV_nb_2402,0.6384693390398781
LLFGYPVYV_nb_11057,0.42735843715206706
LLDFVRFMGV_nb_3094,0.4292944093842181
GILGFVFTL_3337,0.922927652983804
FLYALALLL_nb_8509,0.5927046713692047
ELAGIGILTV_nb_7170,0.4300327783126117
GILGFVFTL_nb_9867,0.3361377003942234
ELAGIGILTV_1075,0.8615966890534125
ELAGIGILTV_nb_2630,0.27301963912109745
LLFGYPVYV_nb_11265,0.659110093208034
GILGFVFTL_nb_9269,0.9004183688646066
FLYALALLL_nb_11706,0.575434272950105
GILGFVFTL_3105,0.6516127687542179
ELAGIGILTV_nb_7342,0.5678637037859606
ELAGIGILTV_3510,0.7526337150645805
GLCTLVAML_nb_1482,0.4986353366514813
GLCTLVAML_2248,0.2268317406335028
GLCTLVAML_nb_10651,0.21247754694272356
ELAGIGILTV_nb_2254,0.14043813389393034
ELAGIGILTV_nb_7726,0.545605677023832
GLCTLVAML_1895,0.5439104669818493
LLFGYPVYV_nb_6099,0.48091685604978335
GILGFVFTL_1236,0.7972541448410145
GLCTLVAML_nb_5446,0.2556736098181334
GLCTLVAML_nb_10235,0.7738338942793708
FLYALALLL_nb_4592,0.8351307703262563
GLCTLVAML_nb_5674,0.6629704884715724
GILGFVFTL_1004,0.9245374845590819
GILGFVFTL_1838,0.901265162591831
LLFGYPVYV_nb_11433,0.3110310271927344
FLYALALLL_nb_8951,0.7812865454901217
ELAGIGILTV_nb_2066,0.6257737526574526
GILGFVFTL_2681,0.9106034538251465
ELAGIGILTV_nb_7514,0.20911176121232283
LLDFVRFMGV_nb_8018,0.20488127766961378
GILGFVFTL_2447,0.8827122648089983
LLDFVRFMGV_nb_3636,0.8379600301728166
GLCTLVAML_1861,0.7598272605776542
FLYALALLL_nb_1014,0.5856825306884321
GILGFVFTL_nb_5034,0.5002958106367917
LLFGYPVYV_nb_6851,0.799208203593863
FLYALALLL_nb_4566,0.26596800579450053
GLCTLVAML_nb_5680,0.7670571721644972
ELAGIGILTV_nb_2092,0.26022903280204346
GILGFVFTL_2675,0.6959861731957845
ELAGIGILTV_nb_146,0.8491469649445185
GLCTLVAML_nb_6005,0.5173026562034325
LLFGYPVYV_nb_1846,0.7541750549240309
LLDFVRFMGV_nb_7898,0.7108894661479035
LLDFVRFMGV_nb_3404,0.7945335481878015
GILGFVFTL_1494,0.9298808921089853
FLYALALLL_nb_4330,0.7060224993923121
GLCTLVAML_nb_10497,0.6967107864546118
FLYALALLL_nb_3929,0.719498538428289
LLDFVRFMGV_nb_3060,0.6695044505143679
GILGFVFTL_2211,0.8752275786870249
GILGFVFTL_nb_11799,0.417080626332819
GILGFVFTL_nb_9893,0.7106984490694711
ELAGIGILTV_nb_7184,0.2214146197117795
LLFGYPVYV_nb_11291,0.5556276428398228
LLDFVRFMGV_nb_3252,0.4339047497596248
GILGFVFTL_2023,0.921944477206602
LLFGYPVYV_nb_6409,0.29056195802829
GLCTLVAML_nb_1476,0.6761744184155623
FLYALALLL_nb_4102,0.8578789486002265
ELAGIGILTV_nb_11573,0.7323297602088934
LLFGYPVYV_nb_6055,0.682158347124004
LLFGYPVYV_nb_6869,0.4821571770809149
ELAGIGILTV_nb_2298,0.8124311085951003
FLYALALLL_nb_9241,0.7906618363855216
GILGFVFTL_27,0.9009522003625579
ELAGIGILTV_nb_2896,0.8691822220947163
FLYALALLL_nb_9073,0.21859578012853487
LLFGYPVYV_nb_6267,0.7993083002913877
FLYALALLL_nb_3911,0.207376639589181
LLDFVRFMGV_nb_3058,0.3844382448213671
LLFGYPVYV_nb_10975,0.6181187253536129
GILGFVFTL_2229,0.19829672424468703
GILGFVFTL_nb_4788,0.6730264374462653
LLFGYPVYV_nb_6603,0.594454547578325
FLYALALLL_nb_4308,0.6357784132141708
GLCTLVAML_3164,0.7620715070175661
LLFGYPVYV_nb_6431,0.7381900520161195
GILGFVFTL_285,0.8266491413309811
LLDFVRFMGV_nb_565,0.849042584663176
FLYALALLL_nb_953,0.8526897928250979
LLDFVRFMGV_nb_2942,0.6005613342250911
LLDFVRFMGV_nb_8444,0.19212762261464916
LLFGYPVYV_nb_10981,0.47008801018799623
FLYALALLL_nb_8531,0.20571180818272877
ELAGIGILTV_nb_7148,0.16309840313623972
GILGFVFTL_1458,0.9105632380351921
GLCTLVAML_nb_5228,0.5860496371988848
GLCTLVAML_nb_5826,0.41793204938134476
GILGFVFTL_271,0.15379068617288508
GLCTLVAML_nb_10669,0.7417815169567625
ELAGIGILTV_nb_2608,0.6249011537733724
LLDFVRFMGV_nb_591,0.10874586913251964
GILGFVFTL_nb_9251,0.8577487541151515
FLYALALLL_nb_8703,0.5694787186870683
ELAGIGILTV_nb_11587,0.7552208256951429
ELAGIGILTV_nb_57,0.5293886866599145
GILGFVFTL_nb_4916,0.8753250313377446
GILGFVFTL_nb_9635,0.8901902424124343
LLDFVRFMGV_nb_8212,0.3156297460816553
FLYALALLL_nb_8969,0.5579615215477163
GILGFVFTL_nb_9407,0.7268105256109836
LLDFVRFMGV_nb_8020,0.2250818157548144
ELAGIGILTV_nb_2862,0.3450772975438851
LLDFVRFMGV_nb_7854,0.19600455693261115
FLYALALLL_nb_9087,0.7459664347546592
LLFGYPVYV_nb_6293,0.4104853421929497
GILGFVFTL_427,0.8844073436410406
GLCTLVAML_2426,0.7318240659190298
ELAGIGILTV_400,0.754498365324866
GILGFVFTL_1800,0.7146879587237011
GILGFVFTL_2818,0.6396592727257833
LLFGYPVYV_nb_11296,0.809611816527405
LLDFVRFMGV_nb_3255,0.6003123100878086
LLDFVRFMGV_991,0.4830111469778626
GILGFVFTL_2024,0.921550142653212
FLYALALLL_3357,0.2617880697938119
FLYALALLL_nb_4105,0.8537552021977648
GLCTLVAML_nb_1471,0.4218818012879978
GILGFVFTL_1493,0.9192796374268541
FLYALALLL_nb_4337,0.6703078028893108
GLCTLVAML_nb_10490,0.20520529536203488
LLDFVRFMGV_nb_2989,0.7427816453342004
LLDFVRFMGV_nb_3067,0.811917488803806
GILGFVFTL_nb_9894,0.3740768344725469
ELAGIGILTV_nb_7183,0.8219625870724862
LLFGYPVYV_nb_11898,0.7836567459499155
LLFGYPVYV_nb_6258,0.6664104131757251
GLCTLVAML_nb_5687,0.7696702915117446
ELAGIGILTV_nb_2095,0.3679648163877869
GLCTLVAML_nb_6002,0.8368191437934458
ELAGIGILTV_nb_141,0.2743747881026163
GILGFVFTL_2672,0.9295800516983953
LLDFVRFMGV_nb_3403,0.2856406055632633
LLFGYPVYV_nb_1841,0.6897527820928783
ELAGIGILTV_nb_373,0.8612995586443882
GILGFVFTL_2440,0.2823468418987434
GILGFVFTL_18,0.9229747630443366
LLDFVRFMGV_nb_3631,0.17234104033621167
FLYALALLL_nb_1013,0.6660909633435423
GILGFVFTL_nb_5033,0.4180778829352599
LLFGYPVYV_nb_6856,0.6384014361708812
FLYALALLL_nb_4561,0.8739779020280972
GILGFVFTL_1003,0.910117680070043
GLCTLVAML_nb_5673,0.8373767219080217
GLCTLVAML_2419,0.17795991143699152
GILGFVFTL_418,0.7014304339199215
LLFGYPVYV_nb_11434,0.28099434476929536
FLYALALLL_nb_8956,0.47790419934056094
GILGFVFTL_nb_9438,0.6803535550536941
ELAGIGILTV_nb_2061,0.6158707142899754
ELAGIGILTV_nb_7513,0.6765875496006286
GILGFVFTL_2686,0.9006359491552935
ELAGIGILTV_nb_2253,0.2426106837107309
ELAGIGILTV_nb_7721,0.2330318525310892
GLCTLVAML_nb_5441,0.6190992702461372
GILGFVFTL_1231,0.7808300921743504
ELAGIGILTV_nb_68,0.594940099306454
GILGFVFTL_nb_4929,0.6166904141893748
GLCTLVAML_nb_10232,0.6281322230049737
FLYALALLL_nb_4595,0.6466414783024635
ELAGIGILTV_nb_2637,0.5582804137171192
FLYALALLL_nb_11701,0.6730279705319779
LLFGYPVYV_nb_11262,0.27762634561914046
FLYALALLL_nb_998,0.3010047225705102
GILGFVFTL_3102,0.913052150133052
LLDFVRFMGV_965,0.6681135746641877
ELAGIGILTV_nb_7345,0.15390849865555087
GILGFVFTL_1655,0.6023371814110154
GLCTLVAML_nb_5819,0.8152960210449531
GLCTLVAML_nb_1485,0.8859354171965377
GLCTLVAML_nb_10656,0.1669940610165265
GLCTLVAML_nb_5217,0.8233277803570722
GILGFVFTL_840,0.7304381853933224
GILGFVFTL_nb_4743,0.8389735307764703
GILGFVFTL_nb_1231,0.3341063884501799
GLCTLVAML_nb_10464,0.6904015111810221
ELAGIGILTV_nb_2405,0.6877622111332715
LLFGYPVYV_nb_11050,0.807936309148537
GILGFVFTL_3330,0.571248245291937
LLDFVRFMGV_nb_3093,0.8530300754800862
ELAGIGILTV_nb_7177,0.8511646740866956
GILGFVFTL_nb_9860,0.39242991332475274
ELAGIGILTV_1072,0.5892268780524689
GILGFVFTL_3390,0.5199943125016846
LLDFVRFMGV_nb_3033,0.7329219930664601
GILGFVFTL_2242,0.8851795274906977
LLFGYPVYV_3417,0.2677725446934029
FLYALALLL_nb_4363,0.8630397451791834
GLCTLVAML_nb_1617,0.4871508013406342
LLFGYPVYV_nb_6668,0.6905906013836121
FLYALALLL_nb_4151,0.4250029623323669
GLCTLVAML_nb_1425,0.8501863838684502
LLDFVRFMGV_nb_3201,0.8432522469001462
FLYALALLL_nb_938,0.20314789751563672
ELAGIGILTV_nb_2697,0.19639543764217413
GLCTLVAML_nb_10292,0.6246554660320283
LLFGYPVYV_nb_6802,0.49843699498794847
GILGFVFTL_nb_4989,0.5988494049272007
FLYALALLL_nb_4535,0.15116730777032739
FLYALALLL_nb_1047,0.8443381502068054
GILGFVFTL_1291,0.9145027143130768
GILGFVFTL_nb_5067,0.2882555957987317
ELAGIGILTV_nb_327,0.5897514619397526
GILGFVFTL_2414,0.858645501860848
LLDFVRFMGV_nb_3665,0.5980788754474674
ELAGIGILTV_nb_115,0.21123639508754344
GILGFVFTL_2626,0.8437284107745784
FLYALALLL_nb_9018,0.25345558115965383
LLFGYPVYV_nb_1815,0.6242287729452752
LLDFVRFMGV_nb_3457,0.9011971881040785
LLFGYPVYV_nb_11494,0.18288636667839328
GILGFVFTL_nb_9498,0.6147547775393201
FLYALALLL_nb_752,0.5703872421759568
GLCTLVAML_nb_10266,0.20229508856808084
GILGFVFTL_1265,0.9135131617849902
GILGFVFTL_nb_5093,0.1728407295831934
GLCTLVAML_nb_5415,0.7104517873887681
LLDFVRFMGV_nb_8279,0.28165710943396016
LLDFVRFMGV_nb_3691,0.6241366331543773
ELAGIGILTV_nb_2207,0.23499838167446968
ELAGIGILTV_nb_7547,0.6993327359400681
ELAGIGILTV_nb_2809,0.8585266401441357
FLYALALLL_nb_8902,0.8373690868368581
LLFGYPVYV_nb_11460,0.23824130005307606
LLFGYPVYV_3087,0.6736101927671708
ELAGIGILTV_nb_2035,0.8557475557002361
GLCTLVAML_nb_10054,0.45212928606941205
GLCTLVAML_nb_1287,0.5366867483720013
FLYALALLL_2473,0.6485913457035338
GLCTLVAML_nb_5627,0.7822052681473726
GILGFVFTL_1057,0.8660951048150558
GILGFVFTL_3364,0.4481063161783631
ELAGIGILTV_nb_7123,0.5288354867935379
GILGFVFTL_nb_9834,0.1315582712658272
ELAGIGILTV_nb_2451,0.19782446539458806
LLDFVRFMGV_nb_2929,0.24774955180395103
LLFGYPVYV_nb_11004,0.7346550374046033
GILGFVFTL_nb_1265,0.6102987023433423
FLYALALLL_nb_4397,0.25322691982013723
GLCTLVAML_nb_10430,0.6143635195704765
GLCTLVAML_nb_5243,0.85063231996042
GILGFVFTL_1433,0.36747888871183143
ELAGIGILTV_833,0.7654655120471829
GILGFVFTL_nb_4717,0.6909194304775254
GLCTLVAML_nb_10602,0.29782853481348126
GILGFVFTL_1601,0.3869243413687487
GILGFVFTL_3156,0.9006414630579878
ELAGIGILTV_nb_7311,0.48233451461345683
FLYALALLL_nb_8768,0.7668705526397006
GILGFVFTL_2084,0.8778688910312495
ELAGIGILTV_nb_2663,0.46640135909797803
FLYALALLL_nb_11755,0.712165935081855
LLFGYPVYV_nb_11236,0.176618837678044
LLFGYPVYV_nb_6233,0.6709691935391118
FLYALALLL_nb_9027,0.2010211832123693
LLDFVRFMGV_nb_8080,0.6999361804622332
LLDFVRFMGV_nb_3468,0.612018603995386
ELAGIGILTV_nb_318,0.6307903190644699
FLYALALLL_nb_9215,0.7280070399726701
GILGFVFTL_nb_9695,0.5935259040334253
FLYALALLL_nb_1078,0.8319141448050036
GILGFVFTL_nb_5058,0.7971093357764435
FLYALALLL_nb_907,0.2950463021244635
LLDFVRFMGV_nb_531,0.8510693533976499
GILGFVFTL_2873,0.8423182704680389
GLCTLVAML_nb_5886,0.17860248132043272
LLFGYPVYV_nb_6465,0.7015652000217516
GLCTLVAML_nb_1628,0.7330903937189062
GLCTLVAML_nb_5288,0.6952179909646075
LLFGYPVYV_nb_6657,0.6401136179741749
LLFGYPVYV_nb_10921,0.16809174066712584
FLYALALLL_nb_8591,0.15324170606769905
GLCTLVAML_1667,0.6305528601307752
LLDFVRFMGV_nb_703,0.6565710561494593
FLYALALLL_nb_3945,0.7026396961067456
FLYALALLL_nb_8757,0.8569524524250445
LLFGYPVYV_nb_11209,0.8528148812140488
GILGFVFTL_2887,0.5862952793380765
ELAGIGILTV_202,0.8230345578136938
GLCTLVAML_nb_5872,0.8035554317775813
GILGFVFTL_225,0.8624919542103526
LLFGYPVYV_nb_6491,0.47785761741165234
GILGFVFTL_nb_4728,0.692050318330367
LLDFVRFMGV_nb_8410,0.7280030976988405
GILGFVFTL_2289,0.9124631499635207
ELAGIGILTV_1019,0.8917389196265414
FLYALALLL_nb_8565,0.71992372350672
LLDFVRFMGV_nb_2916,0.8162317255185548
GILGFVFTL_1854,0.8603961637586669
GLCTLVAML_nb_5618,0.7306714063843135
ELAGIGILTV_nb_7578,0.2717963991000789
LLDFVRFMGV_nb_7800,0.491348191408591
LLDFVRFMGV_nb_8074,0.3399306474368726
ELAGIGILTV_nb_2836,0.850483407427547
GILGFVFTL_nb_9453,0.2778742876268937
FLYALALLL_nb_799,0.6839673060537045
LLDFVRFMGV_nb_393,0.8253280369424609
LLDFVRFMGV_nb_8246,0.8645032364616143
GILGFVFTL_87,0.9078797117262551
GILGFVFTL_nb_9661,0.8895413553433318
ELAGIGILTV_nb_2238,0.24798266753033443
GILGFVFTL_641,0.4529828592874276
GLCTLVAML_nb_10259,0.6051828414588171
GILGFVFTL_nb_4942,0.7243419062140366
GLCTLVAML_nb_10605,0.24558904911594953
LLFGYPVYV_nb_2009,0.6249824725308464
GILGFVFTL_3151,0.8844999787200712
GILGFVFTL_2083,0.8935780818027423
ELAGIGILTV_1213,0.8506355978492959
ELAGIGILTV_nb_7316,0.22817770555198763
ELAGIGILTV_nb_2664,0.8424213694455327
LLFGYPVYV_nb_11231,0.5512277910771964
FLYALALLL_nb_11752,0.4007551872919648
LLDFVRFMGV_nb_8428,0.676746891952333
GILGFVFTL_3363,0.9146288740087913
ELAGIGILTV_1021,0.8363389086910566
ELAGIGILTV_nb_7124,0.24897467461329664
GILGFVFTL_nb_9833,0.3909779927445303
ELAGIGILTV_nb_2456,0.3961048030677224
LLFGYPVYV_nb_11003,0.634128797606454
FLYALALLL_nb_3989,0.34153769248742266
FLYALALLL_nb_4390,0.6293586507973882
GILGFVFTL_nb_1262,0.5431922628191655
GLCTLVAML_nb_10437,0.9084423787984819
ELAGIGILTV_834,0.8596168762306728
GILGFVFTL_1434,0.2487115744744259
GLCTLVAML_nb_5244,0.5572153224191589
GILGFVFTL_nb_4710,0.19095878440014347
ELAGIGILTV_nb_7540,0.5653942939562712
LLDFVRFMGV_nb_7838,0.36726134119485043
FLYALALLL_nb_8905,0.6670000655170407
LLFGYPVYV_nb_11467,0.21307515418852824
ELAGIGILTV_nb_2032,0.8567381406634302
GLCTLVAML_nb_10053,0.2703738829246393
GLCTLVAML_nb_1280,0.36406036367595734
GILGFVFTL_1050,0.9348306128723791
GLCTLVAML_nb_5620,0.48929257920527724
GILGFVFTL_679,0.9143901662367964
GLCTLVAML_nb_10261,0.3964662647857502
GLCTLVAML_nb_5412,0.7742646856503828
GILGFVFTL_nb_5094,0.5823745949158831
LLDFVRFMGV_nb_3696,0.502498800599759
GILGFVFTL_nb_9659,0.34844597241914477
ELAGIGILTV_nb_2200,0.6011308958219488
GLCTLVAML_nb_6051,0.5604328764520128
ELAGIGILTV_nb_112,0.5120972850942622
LLDFVRFMGV_nb_3450,0.7675928949905757
LLFGYPVYV_nb_1812,0.5817039249127525
LLFGYPVYV_nb_11493,0.7359898156200517
FLYALALLL_nb_755,0.8800412412838814
LLFGYPVYV_nb_6805,0.6880085258208164
GLCTLVAML_nb_10295,0.5900784453543135
FLYALALLL_nb_4532,0.34547649728188523
FLYALALLL_nb_1040,0.2830690373196516
GILGFVFTL_1296,0.17424767463631727
GILGFVFTL_nb_5060,0.6470902517143803
ELAGIGILTV_nb_320,0.850483407427547
LLDFVRFMGV_nb_3662,0.7262208567697483
GLCTLVAML_nb_1422,0.6962544920399951
FLYALALLL_nb_4156,0.7691756770317371
LLDFVRFMGV_nb_3206,0.533972025987479
GILGFVFTL_2077,0.5379987862051941
LLFGYPVYV_nb_1678,0.6982375427903473
ELAGIGILTV_nb_2690,0.3568835386332239
LLDFVRFMGV_nb_509,0.6519790228701315
LLDFVRFMGV_nb_3034,0.6104122952089779
GILGFVFTL_3397,0.9268818576009485
LLFGYPVYV_nb_10919,0.2471036322717764
GILGFVFTL_2245,0.10335279417903165
GLCTLVAML_nb_1610,0.8309811927214453
FLYALALLL_nb_4364,0.6759890185307462
GILGFVFTL_4,0.8489944609566221
LLDFVRFMGV_nb_8241,0.7103499111002443
GILGFVFTL_nb_9666,0.6552177802678468
GILGFVFTL_nb_4945,0.3102891732034326
GILGFVFTL_1853,0.8871798808143113
ELAGIGILTV_nb_2831,0.43729216491401574
LLDFVRFMGV_nb_8073,0.44752717279884596
LLDFVRFMGV_nb_7807,0.31481758100573176
GILGFVFTL_nb_9454,0.8450377236151274
LLFGYPVYV_nb_11458,0.6610663418192493
LLDFVRFMGV_nb_394,0.4421663364064746
GLCTLVAML_nb_10408,0.7542257297930326
LLDFVRFMGV_nb_8417,0.7414104385989628
FLYALALLL_nb_8562,0.3773709608067704
ELAGIGILTV_nb_2469,0.22538373743615242
ELAGIGILTV_nb_7329,0.7336964512936989
FLYALALLL_nb_8750,0.33707178638519075
GILGFVFTL_2880,0.6379669819090773
GLCTLVAML_nb_5875,0.613539911103963
GILGFVFTL_222,0.918969720711097
GILGFVFTL_1639,0.5584855495461812
LLFGYPVYV_nb_6496,0.2259175987035816
LLFGYPVYV_nb_6650,0.710961507308044
LLFGYPVYV_nb_10926,0.18403115690199934
FLYALALLL_nb_8596,0.207337605484962
LLDFVRFMGV_nb_704,0.8584369029466538
FLYALALLL_nb_3942,0.786866040099861
FLYALALLL_nb_900,0.6016723984785779
LLDFVRFMGV_nb_3239,0.6116802806595053
GILGFVFTL_2048,0.5076846921855915
LLFGYPVYV_nb_1647,0.6117539899050763
LLDFVRFMGV_nb_536,0.7148342831611819
GILGFVFTL_2874,0.8007182554169501
GLCTLVAML_nb_5881,0.49658744770068225
FLYALALLL_nb_4169,0.7113335014674316
LLFGYPVYV_nb_6462,0.6902593118438625
FLYALALLL_nb_9212,0.8059924635511153
GILGFVFTL_74,0.9292737311295396
GILGFVFTL_nb_9692,0.4453120407999158
ELAGIGILTV_695,0.7860401247263344
GLCTLVAML_nb_10098,0.6195111914589491
GILGFVFTL_480,0.9279370789945183
LLFGYPVYV_nb_6234,0.7329490985432099
LLDFVRFMGV_nb_8087,0.7610461937353228
FLYALALLL_nb_9020,0.6509837471496958
GLCTLVAML_nb_10065,0.717505613294109
GILGFVFTL_1066,0.9279370789945183
GLCTLVAML_nb_5616,0.6772970268292302
LLDFVRFMGV_nb_3492,0.23308123074421616
ELAGIGILTV_nb_2838,0.23326613035197774
ELAGIGILTV_nb_7576,0.47663097697364876
FLYALALLL_nb_797,0.7959601667401841
LLFGYPVYV_nb_11451,0.7965991743051615
FLYALALLL_nb_8933,0.5722943269952099
LLDFVRFMGV_nb_8248,0.22155384941723139
GILGFVFTL_89,0.9195105401440689
GILGFVFTL_3503,0.8545060980435522
ELAGIGILTV_nb_2236,0.17855739243565202
GLCTLVAML_nb_10257,0.19498920676168507
GLCTLVAML_nb_5424,0.7117253124926449
FLYALALLL_nb_1082,0.7811834070635029
ELAGIGILTV_nb_7320,0.7953855231769952
ELAGIGILTV_1225,0.38820326825467344
FLYALALLL_nb_8759,0.7492423650052491
GILGFVFTL_2889,0.6303538429456933
LLFGYPVYV_nb_11207,0.14357393105760935
ELAGIGILTV_nb_2652,0.607335028104578
GLCTLVAML_nb_10633,0.3251204984041288
FLYALALLL_nb_4194,0.7609162699205975
GILGFVFTL_1630,0.9228425671957072
GLCTLVAML_nb_10401,0.18849559087866063
GILGFVFTL_nb_1254,0.652223001993073
GILGFVFTL_825,0.9122758217106879
GILGFVFTL_nb_4726,0.49558512270895105
GILGFVFTL_1402,0.843713212536267
GLCTLVAML_nb_5272,0.36441705640162164
ELAGIGILTV_nb_7112,0.2614001838833846
GILGFVFTL_nb_9805,0.4476906821131417
GILGFVFTL_2287,0.198984011957764
LLFGYPVYV_nb_11035,0.6849888786705329
LLDFVRFMGV_nb_2918,0.7943297768475927
ELAGIGILTV_nb_2460,0.15973385493165604
GILGFVFTL_2041,0.39798850994362933
FLYALALLL_nb_909,0.5423503475108895
LLDFVRFMGV_nb_3230,0.7832941123901496
GILGFVFTL_3193,0.6969047412301745
GLCTLVAML_nb_5888,0.5365453467915191
GLCTLVAML_nb_1414,0.7914972774778121
FLYALALLL_nb_4160,0.7673058553572268
GLCTLVAML_nb_1626,0.756616747213123
FLYALALLL_nb_4352,0.8531426736466048
LLFGYPVYV_nb_6659,0.481517139504234
GLCTLVAML_nb_5286,0.3992180283298324
GILGFVFTL_2273,0.8428899222765607
LLDFVRFMGV_nb_3002,0.7588528409985134
ELAGIGILTV_nb_2494,0.8123225010896089
GLCTLVAML_nb_10091,0.2473854949103763
GILGFVFTL_1092,0.8997872774087059
LLDFVRFMGV_nb_3466,0.6920708906913713
LLFGYPVYV_nb_1824,0.7869994747159227
FLYALALLL_nb_9029,0.21644439296703344
ELAGIGILTV_nb_7582,0.30419544230918016
GILGFVFTL_2617,0.8741519210998789
ELAGIGILTV_nb_124,0.3250824773611082
FLYALALLL_nb_763,0.7315551329155023
LLDFVRFMGV_nb_3654,0.3407206276821057
GILGFVFTL_2425,0.8862871341135469
ELAGIGILTV_nb_316,0.7323680089891361
FLYALALLL_nb_4504,0.8194187194779199
LLFGYPVYV_nb_6833,0.44049363456102003
GILGFVFTL_nb_5056,0.2681000883790615
FLYALALLL_nb_1076,0.7256322157272879
ELAGIGILTV_1028,0.8518306007062406
FLYALALLL_nb_8554,0.7529320937217476
LLDFVRFMGV_nb_8421,0.7128743538355826
FLYALALLL_nb_3980,0.8141115588055132
LLDFVRFMGV_nb_2927,0.8776893125875209
FLYALALLL_nb_4399,0.2627173115670755
LLFGYPVYV_nb_6692,0.7401472332855455
GILGFVFTL_nb_4719,0.5035489612571845
LLFGYPVYV_nb_2000,0.4068280942385406
GLCTLVAML_2215,0.8968422522776768
GILGFVFTL_214,0.2785467469408224
GLCTLVAML_nb_5843,0.18392317295678165
FLYALALLL_nb_8766,0.5578268114079807
GILGFVFTL_3158,0.9110457780017902
LLFGYPVYV_nb_11238,0.23616861944961087
LLFGYPVYV_nb_1685,0.7455732938710071
GILGFVFTL_nb_4973,0.24114188203721545
GLCTLVAML_nb_10268,0.5834053927505977
GILGFVFTL_670,0.8968823006069623
ELAGIGILTV_nb_32,0.7675614849113239
LLDFVRFMGV_nb_8277,0.33103325004466644
ELAGIGILTV_nb_2209,0.6080670916091884
GILGFVFTL_nb_9650,0.671549478363509
ELAGIGILTV_nb_2807,0.22255589419686833
LLDFVRFMGV_nb_8045,0.4363399352360175
LLDFVRFMGV_nb_7831,0.47877797972579905
ELAGIGILTV_nb_7549,0.7837099081179077
GILGFVFTL_nb_9462,0.648326417616835
GLCTLVAML_nb_1289,0.5375809516256476
GILGFVFTL_1059,0.8483966247927142
GLCTLVAML_nb_5629,0.2641884878374523
GILGFVFTL_nb_4987,0.5007146831693087
GILGFVFTL_nb_5069,0.3352806392938843
FLYALALLL_nb_1049,0.6079272990182615
FLYALALLL_nb_9224,0.49688463875812483
GILGFVFTL_42,0.9278584891665962
LLDFVRFMGV_nb_8283,0.4072537078882712
ELAGIGILTV_nb_329,0.315046223084439
LLDFVRFMGV_nb_3459,0.6518905505979158
FLYALALLL_nb_9016,0.7701594665160219
GILGFVFTL_2628,0.4749635909374922
GILGFVFTL_nb_9496,0.6598279433104219
GILGFVFTL_1891,0.8280741398489261
LLFGYPVYV_nb_6202,0.5416487906759337
LLFGYPVYV_nb_10910,0.43342463027829153
FLYALALLL_nb_3974,0.5199801814070892
LLDFVRFMGV_nb_732,0.7700731788405628
LLDFVRFMGV_nb_3801,0.20724605050219666
GLCTLVAML_nb_1619,0.4726709085936925
LLFGYPVYV_nb_6666,0.43934779186501294
LLFGYPVYV_nb_6454,0.6052834853288516
FLYALALLL_nb_8792,0.42144958159257945
FLYALALLL_nb_936,0.20337976809874997
GILGFVFTL_2842,0.8964031603126955
LLFGYPVYV_nb_1671,0.8911108799871619
ELAGIGILTV_nb_2699,0.8750286221043669
LLDFVRFMGV_nb_500,0.7365973131136222
LLDFVRFMGV_nb_3653,0.3625423661417595
ELAGIGILTV_nb_311,0.8013825545078866
GILGFVFTL_2422,0.1769061639180638
FLYALALLL_nb_4503,0.6302939700368391
LLFGYPVYV_nb_6834,0.5394534182971039
GILGFVFTL_nb_5051,0.8243435800585477
FLYALALLL_nb_1071,0.6839477006358611
GLCTLVAML_nb_10096,0.8114192743982166
GILGFVFTL_1095,0.8326107786636223
LLFGYPVYV_nb_1823,0.7720488785658159
LLDFVRFMGV_nb_3461,0.7618293532798749
LLDFVRFMGV_nb_8089,0.7436378529120811
ELAGIGILTV_nb_123,0.3814608811150253
ELAGIGILTV_nb_7585,0.3952996954806293
FLYALALLL_nb_764,0.8502749027579384
FLYALALLL_nb_4355,0.5541137888311365
GLCTLVAML_nb_1621,0.7280099096229276
GLCTLVAML_nb_5281,0.3557081680418708
GILGFVFTL_2274,0.8598708172499621
FLYALALLL_nb_8598,0.2639504566885543
LLFGYPVYV_nb_10928,0.4495952710046627
LLDFVRFMGV_nb_3005,0.6813164011069643
ELAGIGILTV_nb_2493,0.21760286487670077
GILGFVFTL_2046,0.9125944309281584
GILGFVFTL_3194,0.9015240151569166
LLDFVRFMGV_nb_3237,0.875264166798452
LLDFVRFMGV_nb_538,0.2328148554691955
LLFGYPVYV_nb_1649,0.647158479215664
FLYALALLL_nb_4167,0.5993395990764798
GLCTLVAML_nb_1413,0.5647916408516779
GLCTLVAML_nb_10406,0.7992473367237882
GILGFVFTL_nb_1253,0.6851874275910865
GLCTLVAML_143,0.6706151432895161
GILGFVFTL_nb_4721,0.8924345755603598
GILGFVFTL_822,0.8969517333953837
GLCTLVAML_nb_5275,0.13295234824160063
GILGFVFTL_1405,0.6222352791515717
GILGFVFTL_2280,0.9312043268351863
ELAGIGILTV_nb_7115,0.46004204528447246
GILGFVFTL_nb_9802,0.2855087797020703
GILGFVFTL_3352,0.8936150483511353
LLDFVRFMGV_nb_8419,0.8719896698793939
LLFGYPVYV_nb_11032,0.21507744509672866
ELAGIGILTV_nb_2467,0.7171867215210558
ELAGIGILTV_nb_7327,0.2182148927805893
GILGFVFTL_3160,0.9060073705728714
LLFGYPVYV_nb_11200,0.3049556546899167
ELAGIGILTV_nb_2655,0.29577269539894685
GLCTLVAML_nb_10634,0.8004935295069973
FLYALALLL_nb_4193,0.6374457821937637
LLFGYPVYV_nb_6498,0.6973139239628511
GILGFVFTL_1637,0.9311254074471915
GILGFVFTL_3504,0.8153107559742709
ELAGIGILTV_nb_2231,0.6324177904332671
GILGFVFTL_nb_9668,0.5751305922479517
GLCTLVAML_nb_10250,0.7902409402363576
GILGFVFTL_648,0.8891050767806576
GLCTLVAML_nb_5423,0.6560421995668608
FLYALALLL_nb_1085,0.5248693144971524
GLCTLVAML_nb_10062,0.5885796144011953
GLCTLVAML_nb_5611,0.8739797516642962
GILGFVFTL_1061,0.9009596421128367
LLDFVRFMGV_nb_7809,0.2418712570351741
LLDFVRFMGV_nb_3495,0.7597920906771258
ELAGIGILTV_nb_7571,0.6780362908255326
FLYALALLL_nb_790,0.744851840512158
LLFGYPVYV_nb_11456,0.7660960838502899
FLYALALLL_nb_8934,0.30936240643675916
FLYALALLL_nb_4158,0.8186131308516054
LLFGYPVYV_nb_6453,0.472558621579948
FLYALALLL_nb_8795,0.6692380496840928
GILGFVFTL_2079,0.9246923572944151
LLDFVRFMGV_nb_3208,0.5509897478245724
FLYALALLL_nb_931,0.8537552021977648
GILGFVFTL_2845,0.9167744942588751
LLDFVRFMGV_nb_507,0.7892166846261499
LLFGYPVYV_nb_1676,0.7016836892404062
LLFGYPVYV_nb_10917,0.2990547926179401
GILGFVFTL_3399,0.8911474996302144
FLYALALLL_nb_3973,0.740520199100732
LLDFVRFMGV_nb_735,0.7270553927289876
LLFGYPVYV_nb_6661,0.7913590215082622
FLYALALLL_nb_9011,0.7956791746763032
GILGFVFTL_nb_9491,0.681249636720285
ELAGIGILTV_496,0.8855249131514629
LLFGYPVYV_nb_6205,0.780104273787901
GILGFVFTL_nb_4980,0.7743435750783709
GILGFVFTL_1298,0.9148073870815678
LLDFVRFMGV_nb_8284,0.7507684380989457
FLYALALLL_nb_9223,0.6423541053237836
LLDFVRFMGV_nb_7836,0.23298641034205064
LLDFVRFMGV_nb_8042,0.6443998192574487
ELAGIGILTV_nb_2800,0.15834871415980034
GILGFVFTL_nb_9465,0.5792785100063067
LLFGYPVYV_nb_11469,0.28316176138387605
ELAGIGILTV_462,0.29284054125637426
GILGFVFTL_445,0.7877994852587128
GILGFVFTL_nb_4974,0.7066848880025565
ELAGIGILTV_nb_35,0.595811030058619
LLDFVRFMGV_nb_3698,0.6087090149985727
LLDFVRFMGV_nb_8270,0.7160103235997255
GILGFVFTL_nb_9657,0.5587330219793372
GILGFVFTL_213,0.9121681262093763
LLFGYPVYV_nb_2007,0.7371244937895249
GLCTLVAML_nb_5844,0.22362747105261685
ELAGIGILTV_nb_7318,0.3902301354664375
FLYALALLL_nb_8761,0.25613203320144606
LLFGYPVYV_nb_1682,0.8230280131454565
FLYALALLL_nb_8553,0.2328183215496176
LLDFVRFMGV_nb_8426,0.4059856521848821
LLDFVRFMGV_nb_2920,0.7790101784998817
FLYALALLL_nb_3987,0.23178855864652007
ELAGIGILTV_nb_2458,0.7693572335716684
GLCTLVAML_nb_10439,0.31404011688732913
LLFGYPVYV_nb_6695,0.7459421469657042
ELAGIGILTV_nb_2275,0.7323680089891361
GILGFVFTL_2492,0.9079638246025574
ELAGIGILTV_nb_7707,0.7712296827218919
GLCTLVAML_nb_5467,0.6874165711617551
GILGFVFTL_1217,0.9015259363817629
LLFGYPVYV_nb_6884,0.6731181689945698
GLCTLVAML_nb_10214,0.8759711040558122
GILGFVFTL_1025,0.8915727598485553
GLCTLVAML_nb_5655,0.8444752626502074
GLCTLVAML_nb_10026,0.8266062840849748
GILGFVFTL_1819,0.9002754902237178
FLYALALLL_nb_8970,0.661726793564495
LLFGYPVYV_nb_11412,0.3386849337447819
ELAGIGILTV_nb_2047,0.24859878723644685
ELAGIGILTV_nb_7535,0.20926409668511192
ELAGIGILTV_nb_193,0.850483407427547
LLDFVRFMGV_nb_8039,0.4594557551719377
LLFGYPVYV_nb_1893,0.6470873474787173
GILGFVFTL_1441,0.9218323577161006
GLCTLVAML_nb_5231,0.6755664139166888
GILGFVFTL_nb_4765,0.7695557285696636
GILGFVFTL_nb_1217,0.4840181359282231
GLCTLVAML_nb_10442,0.657774211248884
ELAGIGILTV_nb_2423,0.8022907937405606
LLFGYPVYV_3491,0.8451169012899162
LLFGYPVYV_nb_11076,0.6800851392288828
GILGFVFTL_3316,0.9213118732434193
LLFGYPVYV_nb_10998,0.2265101084119422
GILGFVFTL_nb_9846,0.7757493944615443
ELAGIGILTV_nb_7151,0.607242949933891
FLYALALLL_nb_8528,0.8606103784368195
LLDFVRFMGV_nb_588,0.3662349601132481
ELAGIGILTV_nb_2611,0.6995550738769563
FLYALALLL_nb_11727,0.8149803737683489
GILGFVFTL_nb_9248,0.4813143639499808
LLFGYPVYV_nb_11244,0.509305047992696
GILGFVFTL_3124,0.8831558176612826
LLDFVRFMGV_nb_3287,0.7652738213136348
ELAGIGILTV_nb_7363,0.19251479050601825
GILGFVFTL_1673,0.7344423040122523
GLCTLVAML_nb_10670,0.5025362137374652
GILGFVFTL_268,0.8720251709234457
GILGFVFTL_892,0.9084428911005973
GILGFVFTL_nb_4791,0.6205372991551005
FLYALALLL_nb_4311,0.7691756770317371
LLFGYPVYV_nb_11082,0.33120788735162404
FLYALALLL_nb_3908,0.20313984808969715
LLDFVRFMGV_nb_3041,0.6170804977092212
GILGFVFTL_2230,0.5730553193967578
LLDFVRFMGV_nb_3273,0.49594870850186384
GILGFVFTL_2002,0.9255560352199033
ELAGIGILTV_nb_7397,0.4224982585984115
GILGFVFTL_1687,0.899710759551769
LLFGYPVYV_nb_6428,0.4643215350766629
FLYALALLL_nb_4123,0.6635982406482075
GLCTLVAML_nb_1457,0.2986696002146191
GLCTLVAML_nb_10684,0.5911155651412612
ELAGIGILTV_nb_2281,0.8301131492729972
ELAGIGILTV_nb_355,0.4388230649181113
GILGFVFTL_2466,0.927519033461143
GLCTLVAML_1840,0.598559565928745
LLDFVRFMGV_nb_3617,0.5201963475188615
FLYALALLL_nb_1035,0.7908994845193874
ELAGIGILTV_2073,0.7764221292545501
GLCTLVAML_nb_5493,0.8286071289976384
GILGFVFTL_nb_5015,0.7544049090410136
LLFGYPVYV_nb_6870,0.5735495848642373
FLYALALLL_nb_4547,0.6852514074861163
FLYALALLL_nb_8984,0.7487823070087367
GLCTLVAML_nb_6024,0.1957882801604674
ELAGIGILTV_nb_167,0.6237042194146311
GILGFVFTL_2654,0.9176325037511086
LLDFVRFMGV_nb_3425,0.6698020811670825
LLFGYPVYV_nb_1867,0.46551745945759193
GLCTLVAML_nb_5800,0.7680908110000266
GILGFVFTL_nb_9277,0.6145198198497037
FLYALALLL_nb_11718,0.7598531554844385
FLYALALLL_nb_981,0.49831528388361485
FLYALALLL_nb_8725,0.7315725803618905
LLFGYPVYV_nb_11049,0.6067515331818477
LLDFVRFMGV_nb_2964,0.2586354296322271
LLDFVRFMGV_nb_8462,0.23599666779305
GILGFVFTL_3329,0.16335514991138145
GILGFVFTL_nb_9879,0.5777881506264113
FLYALALLL_nb_8517,0.6392707169979175
GILGFVFTL_nb_11773,0.8268317873078301
GILGFVFTL_859,0.689342201981074
GILGFVFTL_nb_1228,0.5199767612824611
GILGFVFTL_nb_9421,0.645139221983953
ELAGIGILTV_nb_2078,0.770871939878197
LLDFVRFMGV_nb_8006,0.8073997098723652
ELAGIGILTV_nb_2844,0.3397405665676324
LLDFVRFMGV_nb_7872,0.6511408414937185
GLCTLVAML_nb_10019,0.6004978236695614
LLFGYPVYV_nb_6087,0.6497050554843841
GLCTLVAML_nb_5458,0.6513367703322771
ELAGIGILTV_nb_71,0.7059564342252707
GILGFVFTL_1228,0.7160382923246909
GILGFVFTL_nb_4930,0.7956194476685565
GILGFVFTL_nb_9613,0.27985513793294337
LLDFVRFMGV_nb_8234,0.4997533509267241
ELAGIGILTV_nb_158,0.6117485966181875
LLDFVRFMGV_nb_7886,0.12979901953848516
LLFGYPVYV_nb_1858,0.680002707875017
FLYALALLL_nb_9055,0.24211424323754968
LLFGYPVYV_nb_6241,0.16452830542268373
LLFGYPVYV_nb_6073,0.3022836307463891
ELAGIGILTV_nb_85,0.6228480566161254
FLYALALLL_nb_4578,0.7225441620081118
GILGFVFTL_nb_10003,0.6507914159156423
LLDFVRFMGV_nb_3628,0.20832082957501458
LLFGYPVYV_nb_6417,0.5756611272569832
GLCTLVAML_nb_1468,0.8512278633953994
LLDFVRFMGV_nb_543,0.4701824697761524
GILGFVFTL_2801,0.8934034953830456
GILGFVFTL_nb_9283,0.6893248197461102
FLYALALLL_nb_975,0.6165835089142848
FLYALALLL_nb_3937,0.6946621700832627
LLDFVRFMGV_nb_2990,0.46202656598408437
LLFGYPVYV_nb_10953,0.2907637464783236
GILGFVFTL_nb_11787,0.7315725832002069
LLFGYPVYV_nb_6625,0.6262875671903096
GLCTLVAML_nb_10489,0.6600801835164114
LLFGYPVYV_nb_6279,0.18149444810755994
FLYALALLL_nb_8983,0.3251545865054636
ELAGIGILTV_nb_160,0.30320769014878207
GLCTLVAML_nb_6023,0.5716183429281527
LLFGYPVYV_nb_1860,0.5846040560776341
LLDFVRFMGV_nb_3422,0.6523129145894851
ELAGIGILTV_nb_2888,0.6939150668707583
ELAGIGILTV_nb_2286,0.6300242210479046
ELAGIGILTV_nb_352,0.2514083992371365
LLDFVRFMGV_nb_3610,0.5193935687617741
GILGFVFTL_39,0.27950520190288364
FLYALALLL_nb_1032,0.6425987798676257
GILGFVFTL_nb_5012,0.5749332669175679
GLCTLVAML_nb_5494,0.4921543686309299
LLFGYPVYV_nb_6877,0.6542044682131378
FLYALALLL_nb_4540,0.32702863065966664
GILGFVFTL_2839,0.8810490470248507
LLDFVRFMGV_nb_3274,0.21512762389336998
ELAGIGILTV_nb_7390,0.4270844281053822
GILGFVFTL_2005,0.19477627102102618
GILGFVFTL_1680,0.8903716133544749
GLCTLVAML_nb_1450,0.8298700246422287
FLYALALLL_nb_4124,0.834295716821841
GLCTLVAML_nb_10683,0.7113142808847825
GILGFVFTL_nb_4796,0.6191498021903252
GILGFVFTL_895,0.9289501927025572
FLYALALLL_nb_4316,0.6478688382302432
LLFGYPVYV_nb_11085,0.8428229468394202
LLDFVRFMGV_nb_3046,0.5787499765297841
GILGFVFTL_2237,0.7311034140772191
ELAGIGILTV_nb_2616,0.5733005735209072
LLFGYPVYV_nb_11243,0.5175077657876548
FLYALALLL_nb_11720,0.6930681914512828
LLDFVRFMGV_178,0.6813863954687376
LLDFVRFMGV_nb_3280,0.6432999193329787
GILGFVFTL_3123,0.1769061639180638
ELAGIGILTV_nb_7364,0.5833715177050249
GILGFVFTL_1674,0.8397910878327493
ELAGIGILTV_248,0.682552041987619
GLCTLVAML_nb_5838,0.30705596088803083
GLCTLVAML_nb_10677,0.6776017316902414
GLCTLVAML_nb_5236,0.617509107708426
GILGFVFTL_nb_4762,0.5980558538906571
GILGFVFTL_861,0.6337112541657586
GILGFVFTL_nb_1210,0.7463756685770311
GLCTLVAML_nb_10445,0.7097253347495915
LLFGYPVYV_3496,0.318634176395296
ELAGIGILTV_nb_2424,0.4323957945048692
LLFGYPVYV_nb_11071,0.8262945186086972
GILGFVFTL_3311,0.844789584117676
GILGFVFTL_nb_9841,0.47186165735017593
ELAGIGILTV_nb_7156,0.6676513438653492
GLCTLVAML_nb_5652,0.6980585222152443
GILGFVFTL_1022,0.3056697950157278
GLCTLVAML_nb_10021,0.6148427399683398
GILGFVFTL_nb_9419,0.6326384974287542
FLYALALLL_nb_8977,0.7344863452220005
LLFGYPVYV_nb_11415,0.5949117881596373
ELAGIGILTV_nb_2040,0.491942522285668
ELAGIGILTV_nb_194,0.26673743460922095
ELAGIGILTV_nb_7532,0.20488787076681084
LLFGYPVYV_nb_1894,0.7481944402924523
FLYALALLL_nb_9099,0.5725132503802179
ELAGIGILTV_nb_2272,0.6925649730754434
ELAGIGILTV_nb_7700,0.7916401341925121
GILGFVFTL_2495,0.9228225204822171
ELAGIGILTV_nb_11599,0.7183278903377014
ELAGIGILTV_nb_49,0.8038437180974412
GILGFVFTL_1210,0.9237319189546673
GLCTLVAML_nb_5460,0.7654193677194484
GLCTLVAML_nb_10213,0.5363780676821895
GILGFVFTL_nb_4908,0.32765512366306065
LLFGYPVYV_nb_6883,0.765785044107337
GLCTLVAML_1612,0.745522509694877
LLDFVRFMGV_nb_2997,0.3287156395049003
FLYALALLL_nb_3930,0.4440315396583987
LLFGYPVYV_nb_10954,0.3379895047962652
LLDFVRFMGV_nb_3079,0.6788239357929833
GILGFVFTL_nb_11780,0.49588026596587764
GILGFVFTL_2208,0.9053884949154642
LLFGYPVYV_nb_6622,0.3823988559341017
FLYALALLL_nb_4329,0.7975548413904232
FLYALALLL_2895,0.6235630869850859
LLFGYPVYV_nb_6410,0.5341914844103848
LLDFVRFMGV_nb_544,0.6871478130581239
LLFGYPVYV_nb_11288,0.8427426007453132
GILGFVFTL_nb_9284,0.2825067171667629
GILGFVFTL_2806,0.8842729096222315
FLYALALLL_nb_972,0.7863854541564324
LLFGYPVYV_nb_6074,0.4621609219540926
ELAGIGILTV_nb_82,0.19179045196201389
LLFGYPVYV_nb_6848,0.6036704699021554
GILGFVFTL_nb_10004,0.7771911476261194
GLCTLVAML_1878,0.8119965718737889
FLYALALLL_nb_9052,0.3208497194847008
LLDFVRFMGV_nb_7881,0.37180231230165806
LLFGYPVYV_nb_6246,0.7726994216348642
GLCTLVAML_nb_5699,0.5262269857989832
LLFGYPVYV_nb_6080,0.7649296714110558
ELAGIGILTV_nb_76,0.5768165552359755
GILGFVFTL_634,0.8948357826975515
GILGFVFTL_nb_4937,0.7589207067090521
GILGFVFTL_nb_9614,0.6400700555419009
LLDFVRFMGV_nb_8233,0.6676100224606519
GILGFVFTL_nb_9426,0.7150430473953441
FLYALALLL_nb_8948,0.6176254999149005
GILGFVFTL_2698,0.9349507953890861
LLDFVRFMGV_nb_7875,0.585357664929971
ELAGIGILTV_nb_2843,0.5300254528839344
LLDFVRFMGV_nb_8001,0.3989048181495135
GILGFVFTL_1821,0.9344251956394832
LLDFVRFMGV_nb_2963,0.8736313173185614
GILGFVFTL_nb_11774,0.8930519831401869
ELAGIGILTV_nb_7169,0.1056180493164314
FLYALALLL_nb_8510,0.7063343877771848
GLCTLVAML_nb_5209,0.6097591560031054
GILGFVFTL_1479,0.9232346159582754
ELAGIGILTV_3509,0.8305331091611654
GLCTLVAML_nb_5807,0.34151052291516404
GLCTLVAML_nb_10648,0.5568337854015452
ELAGIGILTV_nb_2629,0.5965692744047517
GILGFVFTL_nb_9270,0.7898896140609086
FLYALALLL_nb_986,0.6107909783259037
FLYALALLL_nb_8722,0.7841212058409327
LLFGYPVYV_nb_6419,0.5490827561711127
GLCTLVAML_nb_1466,0.8512278633953994
FLYALALLL_nb_4112,0.804028532134511
LLFGYPVYV_nb_11281,0.24410738499046178
GILGFVFTL_2033,0.24366324287215238
LLDFVRFMGV_nb_3242,0.7703375282635059
FLYALALLL_nb_3939,0.7792444250789472
GILGFVFTL_nb_11789,0.3385334965980268
ELAGIGILTV_nb_7194,0.6300051428069982
GILGFVFTL_nb_9883,0.781909722773744
LLDFVRFMGV_nb_3070,0.6844181838428264
GILGFVFTL_1484,0.860380223773665
GLCTLVAML_nb_10487,0.47651451460900573
FLYALALLL_nb_4320,0.2763899943827414
ELAGIGILTV_nb_2082,0.40667910244688926
LLDFVRFMGV_nb_7888,0.48432108114228256
LLFGYPVYV_nb_1856,0.7881228677393188
LLDFVRFMGV_nb_3414,0.4042965925822095
ELAGIGILTV_nb_156,0.44826475587222714
GLCTLVAML_nb_6015,0.4793577022084411
GLCTLVAML_nb_5690,0.2525784231233926
GILGFVFTL_nb_5024,0.47218296036145013
FLYALALLL_nb_1004,0.703411477861577
FLYALALLL_nb_4576,0.8218040715014885
LLFGYPVYV_nb_6841,0.4330848424278142
LLDFVRFMGV_nb_3626,0.7397372678317184
GLCTLVAML_1871,0.728406236246715
GILGFVFTL_2457,0.807235256661993
ELAGIGILTV_nb_364,0.21774764322559081
ELAGIGILTV_nb_2076,0.4145814181499431
LLFGYPVYV_nb_11423,0.8518179058577928
FLYALALLL_nb_8941,0.7148820814253991
LLDFVRFMGV_nb_8008,0.8104151242231177
GILGFVFTL_2691,0.8066964423418861
ELAGIGILTV_nb_7504,0.8204847758890281
GILGFVFTL_1014,0.8070740757948043
ELAGIGILTV_428,0.8480426546328075
GILGFVFTL_1828,0.6567517747291861
GLCTLVAML_nb_10017,0.662639074031899
GILGFVFTL_1226,0.8666583740694179
GLCTLVAML_nb_5456,0.845378285317878
LLFGYPVYV_nb_6089,0.191030567511664
FLYALALLL_nb_4582,0.7776746264747852
GLCTLVAML_nb_10225,0.231491116922735
ELAGIGILTV_nb_2244,0.8625649116087227
ELAGIGILTV_3500,0.8733465366782253
GILGFVFTL_1642,0.9231019927853404
GILGFVFTL_259,0.8298347932512725
GLCTLVAML_nb_10641,0.5789763875117578
GLCTLVAML_nb_1492,0.6586848887839558
GILGFVFTL_nb_9279,0.21343031630919485
LLFGYPVYV_nb_11275,0.6565918263070495
FLYALALLL_nb_11716,0.8781217919621755
ELAGIGILTV_nb_2620,0.7263072599558034
ELAGIGILTV_nb_7352,0.30208329533409933
GILGFVFTL_3115,0.9080258153253318
LLFGYPVYV_nb_11047,0.6718702857235832
ELAGIGILTV_nb_2412,0.6778416985577337
GILGFVFTL_nb_9877,0.7267217985782914
ELAGIGILTV_nb_7160,0.4133226764611997
FLYALALLL_nb_8519,0.7405101527220872
LLDFVRFMGV_nb_3084,0.47269858340094767
GILGFVFTL_3327,0.4939809409699408
GILGFVFTL_nb_4754,0.32032502298785803
GILGFVFTL_1470,0.9285810081555761
GLCTLVAML_nb_10473,0.2480004159255155
GILGFVFTL_nb_1226,0.8753486890178321
LLDFVRFMGV_nb_3619,0.738538055004601
GILGFVFTL_2468,0.5731054131952804
ELAGIGILTV_nb_11564,0.7006061418157469
FLYALALLL_nb_4549,0.6996870179285486
LLFGYPVYV_nb_6270,0.8129418901866111
FLYALALLL_nb_9064,0.49806560817737383
LLFGYPVYV_nb_1869,0.7961837828684175
ELAGIGILTV_nb_2881,0.17783718037610424
ELAGIGILTV_nb_169,0.7628482529590052
LLFGYPVYV_nb_6614,0.7792094567053125
FLYALALLL_nb_3906,0.8178760055709715
LLFGYPVYV_nb_10962,0.5559795480140337
LLDFVRFMGV_nb_572,0.22462951218213326
ELAGIGILTV_nb_7399,0.6705911052405026
FLYALALLL_nb_944,0.6803912283522267
LLFGYPVYV_nb_6426,0.850107776379893
GILGFVFTL_1689,0.8920862857154856
GILGFVFTL_292,0.9250012206794125
GLCTLVAML_nb_1459,0.4010996901657661
GILGFVFTL_868,0.8986052703129674
GILGFVFTL_nb_1219,0.6112106977836297
LLDFVRFMGV_nb_2955,0.6517385626751048
LLFGYPVYV_nb_11078,0.5307061395984531
GILGFVFTL_nb_9848,0.5900643150523696
FLYALALLL_nb_8526,0.5374322651586312
LLFGYPVYV_nb_10996,0.36748622623964156
LLDFVRFMGV_nb_8453,0.7127590328791489
FLYALALLL_nb_11729,0.7684676151651152
GILGFVFTL_nb_9246,0.7098442151688105
LLDFVRFMGV_nb_586,0.7998434449076053
FLYALALLL_nb_8714,0.73927870949178
LLDFVRFMGV_nb_3289,0.7179796246727965
GILGFVFTL_266,0.8676436997136217
ELAGIGILTV_241,0.7192627407489961
GLCTLVAML_nb_5831,0.7899874445204578
GILGFVFTL_nb_9622,0.5887116203751253
LLDFVRFMGV_515,0.6681135746641877
LLDFVRFMGV_nb_8205,0.5797965872713156
ELAGIGILTV_nb_7709,0.5413961588178879
GILGFVFTL_1219,0.5110888959597311
ELAGIGILTV_nb_40,0.44919810171798186
GLCTLVAML_nb_5469,0.5769117101444573
ELAGIGILTV_nb_11590,0.2252572576739939
ELAGIGILTV_625,0.6418572187085885
GILGFVFTL_602,0.7094439963192586
GILGFVFTL_nb_4901,0.818770489636752
LLFGYPVYV_nb_6284,0.6213630763928577
GILGFVFTL_1817,0.628641018975861
GLCTLVAML_nb_10028,0.819927717599427
GILGFVFTL_430,0.836885335224518
ELAGIGILTV_nb_2049,0.4021820767736129
GILGFVFTL_nb_9410,0.5095523634961393
FLYALALLL_nb_9090,0.6596109078696928
LLDFVRFMGV_nb_7843,0.7122645898494286
ELAGIGILTV_nb_2875,0.792208334291323
LLDFVRFMGV_nb_8037,0.7197934215596697
LLFGYPVYV_nb_11040,0.7568951324410584
ELAGIGILTV_nb_2415,0.3675356308676335
GILGFVFTL_nb_9870,0.6666452196432514
ELAGIGILTV_nb_7167,0.611260057387753
LLDFVRFMGV_nb_3083,0.2773857012245098
GILGFVFTL_850,0.8694682224888421
GILGFVFTL_nb_4753,0.791270219102501
GILGFVFTL_1477,0.8575122936239108
GLCTLVAML_nb_5207,0.4401154194854426
GLCTLVAML_nb_10474,0.7228904640481331
GILGFVFTL_nb_1221,0.5020895015044702
ELAGIGILTV_3507,0.8729949900519018
GILGFVFTL_1645,0.6012487488055565
GLCTLVAML_nb_10646,0.6551244357057836
GLCTLVAML_nb_5809,0.7443240366521724
GLCTLVAML_nb_1495,0.5712187474379986
FLYALALLL_nb_11711,0.3107889798261054
LLFGYPVYV_nb_11272,0.4303824119077713
ELAGIGILTV_nb_2627,0.7359642544596101
ELAGIGILTV_nb_7355,0.5949216122690493
ELAGIGILTV_1250,0.8636863074350035
FLYALALLL_nb_988,0.5951083056195569
GILGFVFTL_3112,0.9113212999991973
GLCTLVAML_nb_5451,0.6165981748105835
GILGFVFTL_1221,0.8946988856508287
ELAGIGILTV_nb_78,0.592335093563414
FLYALALLL_nb_4585,0.4100850541047717
GILGFVFTL_nb_4939,0.28216065520100536
GLCTLVAML_nb_10222,0.7056462641561273
ELAGIGILTV_nb_2243,0.4560115685748985
ELAGIGILTV_nb_2071,0.5052104114484682
LLFGYPVYV_768,0.7863444698134658
GILGFVFTL_nb_9428,0.692519123432415
LLFGYPVYV_nb_11424,0.19862890703705743
FLYALALLL_nb_8946,0.8611942513454262
ELAGIGILTV_nb_7503,0.8676560668112201
GILGFVFTL_2696,0.9159811586445363
GILGFVFTL_1013,0.8774670753065195
ELAGIGILTV_2283,0.8216954804922393
GLCTLVAML_nb_5663,0.5656882603285347
GILGFVFTL_408,0.866410344004833
GILGFVFTL_nb_5023,0.4256945112370034
FLYALALLL_nb_1003,0.6869506056613862
ELAGIGILTV_3197,0.45134712975910785
FLYALALLL_nb_4571,0.7674958131525363
LLFGYPVYV_nb_6846,0.5954906154985551
LLDFVRFMGV_nb_3621,0.5873427430881674
ELAGIGILTV_nb_363,0.3181005283238485
GILGFVFTL_2450,0.7381862217019493
ELAGIGILTV_nb_2085,0.6587463108770096
LLDFVRFMGV_nb_3413,0.5540135143580902
LLFGYPVYV_nb_1851,0.1939466146541213
GLCTLVAML_nb_6012,0.33622407469913157
ELAGIGILTV_nb_151,0.7858314752165139
GILGFVFTL_2662,0.9341863601432494
ELAGIGILTV_2277,0.8711403087107278
GLCTLVAML_nb_5697,0.8396150753167368
LLFGYPVYV_nb_6248,0.7763886038177681
LLDFVRFMGV_nb_2999,0.4670389783764023
ELAGIGILTV_nb_7193,0.14859260080678535
GILGFVFTL_nb_9884,0.6188562060495234
LLDFVRFMGV_nb_3077,0.6215871681965386
GILGFVFTL_1483,0.5785105083640916
GLCTLVAML_nb_10480,0.7612188943707403
FLYALALLL_nb_4327,0.5255077419333085
GLCTLVAML_3379,0.47916373292592773
FLYALALLL_nb_4115,0.8526032812560541
GLCTLVAML_nb_1461,0.7491248965497741
GILGFVFTL_2808,0.8712029904454588
LLFGYPVYV_nb_11286,0.7065507570596641
GILGFVFTL_2034,0.9065247338435984
LLDFVRFMGV_nb_3245,0.7025630279221439
LLFGYPVYV_nb_6283,0.5598853082535717
GILGFVFTL_437,0.7711430182124647
GILGFVFTL_nb_9417,0.8474387977040707
FLYALALLL_nb_8979,0.4990052344025961
LLDFVRFMGV_nb_8030,0.13389339932565197
ELAGIGILTV_nb_2872,0.6048027107933271
LLDFVRFMGV_nb_7844,0.6348377614939757
FLYALALLL_nb_9097,0.4121423248981425
GILGFVFTL_nb_9625,0.1700645064224225
LLDFVRFMGV_nb_8202,0.505499870970121
ELAGIGILTV_nb_47,0.5507271531400982
ELAGIGILTV_nb_11597,0.8643257055957034
GILGFVFTL_nb_4906,0.5883276150548915
LLDFVRFMGV_176,0.6042328450026859
LLDFVRFMGV_nb_581,0.6099993038379623
ELAGIGILTV_nb_2618,0.21599774794790666
FLYALALLL_nb_8713,0.2082552666512938
GLCTLVAML_nb_10679,0.7741475092261303
GLCTLVAML_nb_5836,0.4866818421200509
GLCTLVAML_nb_5238,0.6738201458323033
LLDFVRFMGV_nb_2952,0.7971600808175797
ELAGIGILTV_nb_7158,0.2494119125238079
FLYALALLL_nb_8521,0.7415367257843867
LLDFVRFMGV_nb_8454,0.8240348900185603
LLFGYPVYV_nb_10991,0.4874293307205429
GILGFVFTL_2837,0.9103454637928834
LLDFVRFMGV_nb_575,0.6305941402580248
FLYALALLL_nb_943,0.1828069494023935
LLFGYPVYV_nb_6421,0.6415325631516221
GILGFVFTL_nb_4798,0.6088728360858209
LLFGYPVYV_nb_6613,0.6149443687259928
FLYALALLL_nb_4318,0.45326128122712506
GLCTLVAML_3174,0.24824799706328826
FLYALALLL_nb_3901,0.6841593450608131
LLDFVRFMGV_nb_3048,0.7398155344644147
LLFGYPVYV_nb_10965,0.21178519839000085
LLFGYPVYV_nb_6277,0.5198614994453805
ELAGIGILTV_nb_2886,0.7244905972795962
FLYALALLL_nb_9063,0.6474810182390297
ELAGIGILTV_nb_2288,0.8389231154351648
GILGFVFTL_37,0.7255805472823386
ELAGIGILTV_nb_11563,0.6110456957499575
LLFGYPVYV_nb_6879,0.3989953554639206
GILGFVFTL_651,0.9279370789945183
GLCTLVAML_nb_10249,0.1836375361851885
GILGFVFTL_nb_4952,0.5604646783484043
ELAGIGILTV_nb_13,0.5997099348362808
LLDFVRFMGV_nb_8256,0.7230501525899901
GILGFVFTL_97,0.23391167041667432
ELAGIGILTV_nb_2228,0.7332621764596496
GILGFVFTL_nb_9671,0.5933209070630755
LLDFVRFMGV_nb_7810,0.5775022877654623
LLDFVRFMGV_nb_8064,0.3518520446422227
ELAGIGILTV_nb_2826,0.42338449268714723
ELAGIGILTV_nb_7568,0.5934690854738989
FLYALALLL_nb_789,0.20743771199833078
LLDFVRFMGV_nb_383,0.7344163433115058
GILGFVFTL_nb_9443,0.7103624706169981
GILGFVFTL_1844,0.475621035519669
GLCTLVAML_2462,0.7004649740309759
GLCTLVAML_nb_5608,0.8747862192225946
GILGFVFTL_1078,0.8891900856188424
GILGFVFTL_2299,0.8927713830793402
FLYALALLL_nb_8575,0.8233998717018715
LLDFVRFMGV_nb_8400,0.7559393455709829
GILGFVFTL_nb_4738,0.26226673695650016
GILGFVFTL_235,0.9292035837161179
GLCTLVAML_nb_5862,0.6975700457521743
LLFGYPVYV_nb_6481,0.7949944062417846
FLYALALLL_nb_8747,0.2181640262920384
GILGFVFTL_3179,0.9178418822534538
LLFGYPVYV_nb_11219,0.8055559762145004
FLYALALLL_nb_8581,0.7865324127194874
LLFGYPVYV_nb_10931,0.67221567488449
FLYALALLL_nb_3955,0.178425668360902
LLDFVRFMGV_nb_713,0.5880486892716952
GLCTLVAML_nb_1638,0.7113929842223805
LLFGYPVYV_nb_6647,0.7649296714110558
GLCTLVAML_nb_5298,0.3060501487320231
GLCTLVAML_nb_5896,0.7610485496572454
LLFGYPVYV_nb_6475,0.7824343089290173
FLYALALLL_nb_917,0.395533380662937
GILGFVFTL_2863,0.19829672424468703
LLDFVRFMGV_nb_521,0.849655001997148
LLFGYPVYV_nb_1650,0.432808596057651
GILGFVFTL_nb_5048,0.7654979352591235
FLYALALLL_nb_1068,0.8537552021977648
FLYALALLL_nb_9205,0.1495976238345949
ELAGIGILTV_nb_308,0.22797212325013083
GILGFVFTL_nb_9685,0.5653167659975094
FLYALALLL_nb_9037,0.8120075926023873
LLDFVRFMGV_nb_8090,0.448279962799881
LLDFVRFMGV_nb_3478,0.2988331793281407
LLDFVRFMGV_nb_377,0.8665355813674611
GILGFVFTL_497,0.4549913674653771
LLFGYPVYV_nb_6223,0.631548076312638
FLYALALLL_nb_8778,0.8089399009357314
ELAGIGILTV_nb_7301,0.66380399955061
GILGFVFTL_2094,0.8487057530872439
GILGFVFTL_3146,0.7455769897754267
FLYALALLL_nb_11745,0.4335126712610068
LLFGYPVYV_nb_11226,0.7898022639270476
ELAGIGILTV_nb_2673,0.6926060105260421
GLCTLVAML_nb_10612,0.5032896988933081
GILGFVFTL_1611,0.9129298202722904
GLCTLVAML_nb_10420,0.4218930780963986
GILGFVFTL_nb_1275,0.5678934434974569
FLYALALLL_nb_4387,0.6758248921745159
GILGFVFTL_nb_4707,0.6678181187473458
GILGFVFTL_804,0.789750639808785
GLCTLVAML_nb_5253,0.7219984430102661
GILGFVFTL_1423,0.5106284701083874
GILGFVFTL_nb_9824,0.6014558253397104
ELAGIGILTV_nb_7133,0.592715269933907
GILGFVFTL_3374,0.6264682630997158
LLDFVRFMGV_nb_2939,0.6753351223740758
LLFGYPVYV_nb_11014,0.6247893345135209
ELAGIGILTV_nb_2441,0.2082846546926171
GLCTLVAML_nb_1297,0.6383237384208253
GLCTLVAML_nb_10044,0.6144653053805323
GLCTLVAML_nb_5637,0.26326648724010737
GILGFVFTL_1047,0.8626391660143059
ELAGIGILTV_nb_2819,0.6950135409466204
ELAGIGILTV_nb_7557,0.7799825228732324
ELAGIGILTV_nb_2025,0.8304243422999752
FLYALALLL_nb_8912,0.7221710378297765
LLFGYPVYV_nb_11470,0.2102255860143648
LLDFVRFMGV_nb_8269,0.5492757932750787
LLDFVRFMGV_nb_3681,0.7063681922089085
ELAGIGILTV_nb_2217,0.6507203867218454
GLCTLVAML_nb_10276,0.21519662777705673
GILGFVFTL_1275,0.9218323577161006
GILGFVFTL_nb_5083,0.6356184056490695
GLCTLVAML_nb_5405,0.519157246979559
FLYALALLL_nb_9008,0.12292019127360647
LLFGYPVYV_nb_1805,0.539432139770057
LLDFVRFMGV_nb_3447,0.6868073736004994
ELAGIGILTV_nb_105,0.8265018701118343
GILGFVFTL_2636,0.9144291035228888
GLCTLVAML_nb_6046,0.8368108347798171
FLYALALLL_nb_742,0.6836864348710834
GILGFVFTL_nb_9488,0.7263030040886702
LLFGYPVYV_nb_11484,0.2550978646651152
LLDFVRFMGV_nb_3675,0.6454429841492441
GLCTLVAML_1822,0.7936747666600026
ELAGIGILTV_nb_337,0.40558668322258706
GILGFVFTL_2404,0.8529425341795676
FLYALALLL_nb_4525,0.7180949562691896
GLCTLVAML_nb_10282,0.17658535878979148
LLFGYPVYV_nb_6812,0.18632606254328482
GILGFVFTL_nb_4999,0.5458147947525628
GILGFVFTL_1281,0.30633513378640254
GILGFVFTL_nb_5077,0.4740190306215225
FLYALALLL_nb_1057,0.6031664279229759
GILGFVFTL_2060,0.8687437200056368
LLDFVRFMGV_nb_3211,0.6297550086580905
FLYALALLL_nb_928,0.7081798831877846
ELAGIGILTV_nb_2687,0.27057573848793537
FLYALALLL_nb_4141,0.771860769080224
GLCTLVAML_nb_1435,0.27751323739158285
FLYALALLL_nb_4373,0.6692559636735782
GLCTLVAML_nb_1607,0.8487904796706295
LLFGYPVYV_nb_6678,0.575319379145166
LLDFVRFMGV_nb_3023,0.4118929944323539
LLDFVRFMGV_nb_8097,0.2070165568559635
FLYALALLL_nb_9030,0.804352864343985
GLCTLVAML_nb_10088,0.6739424296431223
GILGFVFTL_490,0.9199641554587907
LLFGYPVYV_nb_6224,0.7848390226857138
ELAGIGILTV_685,0.6712673168080041
FLYALALLL_nb_9202,0.8413946026926599
GILGFVFTL_64,0.28719238754044674
GILGFVFTL_nb_9682,0.4878960920552185
GLCTLVAML_nb_5891,0.7080315158736807
FLYALALLL_nb_4179,0.7383172063840542
LLFGYPVYV_nb_6472,0.8331261588972789
GILGFVFTL_2058,0.8039107921467654
FLYALALLL_nb_910,0.8476321576946598
LLDFVRFMGV_nb_3229,0.2932863283944113
GILGFVFTL_2864,0.8804870874958312
LLFGYPVYV_nb_1657,0.7903323456936426
LLDFVRFMGV_nb_526,0.24561052379915377
FLYALALLL_nb_8586,0.3019694699179363
LLFGYPVYV_nb_10936,0.6230331635334732
FLYALALLL_nb_3952,0.605731596674987
LLDFVRFMGV_nb_714,0.237428866000604
LLFGYPVYV_nb_6640,0.7323876160822055
GLCTLVAML_nb_5865,0.8337419808415891
LLFGYPVYV_nb_6486,0.6644539684494093
FLYALALLL_nb_8740,0.5561599813146856
ELAGIGILTV_nb_7339,0.3503837145298886
GILGFVFTL_2890,0.9218323577161006
FLYALALLL_nb_8572,0.5933021660234143
LLDFVRFMGV_nb_8407,0.5814338994452741
ELAGIGILTV_nb_2479,0.22475878399054997
GLCTLVAML_nb_10418,0.6902961267000114
ELAGIGILTV_nb_2821,0.2390379754210447
LLDFVRFMGV_nb_8063,0.3198953787778591
LLDFVRFMGV_nb_7817,0.8680746812112585
LLDFVRFMGV_nb_384,0.5647602277069496
LLFGYPVYV_nb_11448,0.221043959445546
GILGFVFTL_nb_9444,0.7617420054996986
GILGFVFTL_1843,0.8946349289208824
GILGFVFTL_464,0.8909635410897068
GILGFVFTL_nb_4955,0.6303313070942469
GILGFVFTL_656,0.6150690398055971
ELAGIGILTV_nb_14,0.5652620113015081
FLYALALLL_2669,0.6826231480860441
GILGFVFTL_90,0.8926461865189967
LLDFVRFMGV_nb_8251,0.3232434795005416
GILGFVFTL_nb_9676,0.5390590049058488
GLCTLVAML_nb_1600,0.64317495683895
FLYALALLL_nb_4374,0.8480358492311736
GLCTLVAML_3118,0.3540647318251542
GILGFVFTL_2255,0.6750720729877091
LLDFVRFMGV_nb_3024,0.5287845293445811
GILGFVFTL_3387,0.9295800516983953
LLFGYPVYV_nb_10909,0.562463989579634
GILGFVFTL_2067,0.8853234790151924
LLDFVRFMGV_nb_3216,0.3570784385863392
LLFGYPVYV_nb_1668,0.5817039249127525
LLDFVRFMGV_nb_519,0.48595260206601204
ELAGIGILTV_nb_2680,0.21004715031377888
GLCTLVAML_nb_1432,0.6043098397976012
FLYALALLL_nb_4146,0.41479371460375813
LLDFVRFMGV_nb_3672,0.6974544799124736
GILGFVFTL_2403,0.9192796374268541
ELAGIGILTV_nb_330,0.4056949502208232
FLYALALLL_nb_4522,0.5770988609830657
LLFGYPVYV_nb_6815,0.7141571110771396
GLCTLVAML_nb_10285,0.6204637984106476
GILGFVFTL_1286,0.9341863601432494
GILGFVFTL_nb_5070,0.7674659190925553
FLYALALLL_nb_1050,0.44222449654807705
ELAGIGILTV_488,0.811651070765391
GILGFVFTL_1888,0.24542869206698803
LLDFVRFMGV_nb_3440,0.6904688401862692
LLFGYPVYV_nb_1802,0.5907407967954079
GLCTLVAML_nb_6041,0.8420126112865814
GILGFVFTL_2631,0.9182066522722997
ELAGIGILTV_nb_102,0.6422727703768908
FLYALALLL_nb_745,0.2120374931038454
LLFGYPVYV_nb_11483,0.43946370954575054
LLDFVRFMGV_nb_3686,0.6947641146444765
LLFGYPVYV_nb_10797,0.5967878563378461
ELAGIGILTV_nb_2210,0.7506746407791369
GILGFVFTL_nb_9649,0.7972998568198779
GLCTLVAML_nb_10271,0.7621851692351482
GLCTLVAML_nb_5402,0.5327795118648959
GILGFVFTL_1272,0.8574964655947231
GILGFVFTL_nb_5084,0.628835535529953
GLCTLVAML_nb_1290,0.7124687287796323
GLCTLVAML_nb_10043,0.6902831887076739
GILGFVFTL_1040,0.9218323577161006
GLCTLVAML_nb_5630,0.8298786638466673
LLDFVRFMGV_nb_7828,0.6288997405122732
ELAGIGILTV_nb_7550,0.33141991028554557
ELAGIGILTV_nb_2022,0.850483407427547
FLYALALLL_nb_8915,0.3085418373340763
LLFGYPVYV_nb_11477,0.8364767163707032
GLCTLVAML_nb_10427,0.13194059909652397
FLYALALLL_nb_4380,0.2779716075005436
GILGFVFTL_nb_1272,0.2927235179480072
GILGFVFTL_803,0.3359606711595686
GILGFVFTL_nb_4700,0.7927962178486967
ELAGIGILTV_824,0.8124469455492163
GILGFVFTL_1424,0.8605579805928002
GLCTLVAML_nb_5254,0.5671755100258798
GILGFVFTL_nb_9823,0.12509419771816388
ELAGIGILTV_nb_7134,0.8398685197986744
LLDFVRFMGV_nb_8438,0.2104424049869003
GILGFVFTL_3373,0.9218323577161006
LLFGYPVYV_nb_11013,0.6978968131022412
FLYALALLL_nb_3999,0.8827826496948936
ELAGIGILTV_nb_2446,0.8833707862313781
GILGFVFTL_2093,0.10324968010744644
ELAGIGILTV_nb_7306,0.3348499795931959
GILGFVFTL_3141,0.7540880645310838
LLFGYPVYV_nb_11221,0.5533855623131191
FLYALALLL_nb_11742,0.608907208264595
ELAGIGILTV_nb_2674,0.2840545328268021
GLCTLVAML_nb_10615,0.32702856180505
FLYALALLL_nb_926,0.6802868380645998
FLYALALLL_nb_8782,0.562213850203447
LLFGYPVYV_nb_1661,0.482467085101808
LLDFVRFMGV_nb_510,0.7852476219968598
ELAGIGILTV_nb_2689,0.8124373532796205
GILGFVFTL_2852,0.9166458705891416
LLFGYPVYV_nb_6444,0.7797905584709899
GLCTLVAML_nb_1609,0.40184004235440474
GLCTLVAML_3111,0.5750309827792979
LLFGYPVYV_nb_6676,0.37898707276567395
LLFGYPVYV_nb_10900,0.20153149421290387
LLDFVRFMGV_nb_722,0.3377468715979348
FLYALALLL_nb_3964,0.8500487879651519
GILGFVFTL_1881,0.903990379038417
LLFGYPVYV_nb_6212,0.5321859080388982
GLCTLVAML_nb_6048,0.6885224498701531
GILGFVFTL_2638,0.9073070769738203
LLDFVRFMGV_nb_3449,0.4034272218793054
FLYALALLL_nb_9006,0.4896862459302088
GILGFVFTL_nb_9486,0.3791505906282299
ELAGIGILTV_nb_339,0.8677319545038181
FLYALALLL_nb_9234,0.2194453744229763
GILGFVFTL_52,0.8555127593122679
LLDFVRFMGV_nb_8293,0.42964982272458196
GILGFVFTL_nb_4997,0.5434646522757269
GILGFVFTL_694,0.933479302725271
FLYALALLL_nb_1059,0.8817287168969775
GILGFVFTL_nb_5079,0.6810276034320136
GILGFVFTL_452,0.9350514849793735
GILGFVFTL_1875,0.9206502802931884
GLCTLVAML_nb_1299,0.1950718783645631
GILGFVFTL_1049,0.8632784633583386
GLCTLVAML_nb_5639,0.8309672367196193
ELAGIGILTV_nb_7559,0.7002036293390448
ELAGIGILTV_nb_2817,0.5890251422663473
LLDFVRFMGV_nb_8055,0.23995222044139874
LLDFVRFMGV_nb_7821,0.2950630817603114
GILGFVFTL_nb_9472,0.7234297903830335
LLDFVRFMGV_nb_8267,0.22321260680103022
GILGFVFTL_nb_9640,0.47703540642884834
ELAGIGILTV_nb_2219,0.6376043989134549
GILGFVFTL_nb_4963,0.6233816188959052
GLCTLVAML_2661,0.8122514482729419
GLCTLVAML_nb_10278,0.5001099188131933
GILGFVFTL_660,0.9166761705630063
ELAGIGILTV_nb_22,0.7709735223639413
FLYALALLL_nb_8776,0.6313759741799017
LLFGYPVYV_nb_1695,0.3685434112751196
LLFGYPVYV_nb_11228,0.4782991452039472
GLCTLVAML_nb_5853,0.20204017290555082
LLFGYPVYV_nb_2010,0.747527811853528
GILGFVFTL_204,0.9226075094986252
FLYALALLL_nb_4389,0.8319141448050036
LLFGYPVYV_nb_6682,0.8524780720809711
GILGFVFTL_nb_4709,0.654814712865687
LLDFVRFMGV_nb_8431,0.5752413020019438
FLYALALLL_nb_8544,0.47862845759527345
FLYALALLL_nb_3990,0.6397035396643143
LLDFVRFMGV_nb_2937,0.6622843545954125
LLFGYPVYV_nb_6823,0.22883629766141536
FLYALALLL_nb_4514,0.15484679100780657
FLYALALLL_nb_1066,0.8485258530238448
GILGFVFTL_nb_5046,0.7387505911254562
GILGFVFTL_2435,0.6964565023174847
ELAGIGILTV_nb_306,0.8815861293680085
LLDFVRFMGV_nb_3644,0.5119662046163038
ELAGIGILTV_nb_7592,0.3626404346057389
GILGFVFTL_2607,0.8348188049767826
ELAGIGILTV_nb_134,0.7023425251592536
LLDFVRFMGV_nb_3476,0.1914341539435897
LLFGYPVYV_nb_1834,0.46275032738647504
FLYALALLL_nb_9039,0.18942858494564943
LLDFVRFMGV_nb_379,0.3463231724945798
FLYALALLL_nb_773,0.6068901005303386
GILGFVFTL_499,0.8879909152237258
GLCTLVAML_nb_10081,0.8276192775671913
LLDFVRFMGV_nb_3012,0.5401697506054454
GILGFVFTL_2263,0.32532519603910665
ELAGIGILTV_nb_2484,0.6323848214164975
GLCTLVAML_nb_1636,0.6442924833776793
FLYALALLL_nb_4342,0.21433381530154977
GLCTLVAML_nb_5296,0.5040439382796046
LLFGYPVYV_nb_6649,0.6922822835656008
GLCTLVAML_nb_5898,0.44534247748602124
GLCTLVAML_nb_1404,0.7513234274330431
FLYALALLL_nb_4170,0.83934224278182
FLYALALLL_nb_919,0.8021627181627825
LLDFVRFMGV_nb_3220,0.8051656528099322
GILGFVFTL_3183,0.9353965167151137
GILGFVFTL_2051,0.8838043092582977
GILGFVFTL_3345,0.920837263848261
GILGFVFTL_nb_9815,0.2564200041299229
ELAGIGILTV_nb_7102,0.3786454030188461
GILGFVFTL_2297,0.9062504562902565
ELAGIGILTV_nb_2470,0.8027700760176453
LLFGYPVYV_nb_11025,0.7063594295194886
GILGFVFTL_nb_1244,0.7240133279927354
GLCTLVAML_nb_10411,0.781611317954009
ELAGIGILTV_812,0.8138233924738556
GLCTLVAML_nb_5262,0.4900488332356455
GILGFVFTL_835,0.26016968025121984
GILGFVFTL_nb_4736,0.7094185376169928
FLYALALLL_nb_4184,0.2398282390180346
GLCTLVAML_nb_10623,0.6510953165074184
GILGFVFTL_1620,0.6202813506115727
FLYALALLL_nb_8749,0.6141624809318301
ELAGIGILTV_nb_7330,0.6908363681391589
ELAGIGILTV_nb_2642,0.7115112361104414
LLFGYPVYV_nb_11217,0.7575167579989364
GLCTLVAML_nb_10247,0.12912098054442353
ELAGIGILTV_678,0.6853326073000138
GLCTLVAML_702,0.4327264481776087
FLYALALLL_nb_1092,0.8421249054912268
GLCTLVAML_nb_5434,0.6214562143512069
LLDFVRFMGV_nb_8258,0.7172682827647305
GILGFVFTL_99,0.9241503974889805
ELAGIGILTV_nb_2226,0.5209111635873125
ELAGIGILTV_nb_7566,0.5250273246418116
LLDFVRFMGV_nb_3482,0.6831698505142435
ELAGIGILTV_nb_2828,0.19616528803332506
LLFGYPVYV_nb_11441,0.6401698143992417
FLYALALLL_nb_8923,0.2224158864922261
ELAGIGILTV_nb_2014,0.24512438827717772
FLYALALLL_nb_787,0.17186416712266617
GLCTLVAML_nb_10075,0.6602507734483742
GILGFVFTL_1076,0.5756532800572539
GLCTLVAML_nb_5606,0.20101153404033872
GLCTLVAML_nb_10429,0.6753816527248173
LLFGYPVYV_nb_6685,0.5942833078480954
LLDFVRFMGV_nb_8436,0.3813261989499469
FLYALALLL_nb_8543,0.6304494176690387
ELAGIGILTV_nb_2448,0.5034890834740192
LLDFVRFMGV_nb_2930,0.632292011076637
FLYALALLL_nb_3997,0.7792444250789472
FLYALALLL_nb_8771,0.6614570046508836
ELAGIGILTV_nb_7308,0.41181109611629657
LLFGYPVYV_nb_1692,0.2582137503342272
GLCTLVAML_nb_5854,0.4658177038530989
GILGFVFTL_203,0.8623826304615225
GLCTLVAML_2202,0.2238217266502989
GILGFVFTL_1618,0.9224803324241593
LLDFVRFMGV_nb_3688,0.7767610251494712
LLDFVRFMGV_nb_8260,0.7425620709204105
GILGFVFTL_nb_9647,0.7901679917200002
LLFGYPVYV_nb_10799,0.7766823392916276
GILGFVFTL_667,0.8872804133510901
GILGFVFTL_nb_4964,0.1964936218409501
ELAGIGILTV_640,0.49725855637403843
ELAGIGILTV_nb_25,0.5394396541972515
GILGFVFTL_455,0.531818853289218
LLDFVRFMGV_nb_7826,0.2264696474018864
LLDFVRFMGV_nb_8052,0.5673756730885287
ELAGIGILTV_nb_2810,0.8596029572912839
LLFGYPVYV_nb_11479,0.158106326811993
GILGFVFTL_nb_9475,0.8677647365635706
LLDFVRFMGV_nb_8294,0.49079344034134786
GILGFVFTL_55,0.9333825221274279
FLYALALLL_nb_9233,0.3645753403784845
GILGFVFTL_693,0.5566480359063486
GILGFVFTL_nb_4990,0.532499480276683
ELAGIGILTV_486,0.2467528235625599
GILGFVFTL_1886,0.7284136205999285
LLFGYPVYV_nb_6215,0.33018300635922687
FLYALALLL_nb_9001,0.1165063928691967
GILGFVFTL_nb_9481,0.19835560424829962
LLFGYPVYV_nb_6671,0.5473470133045886
LLFGYPVYV_nb_10907,0.7647418480296923
GILGFVFTL_3389,0.7209178495519006
LLDFVRFMGV_nb_725,0.6665293203806171
FLYALALLL_nb_3963,0.36187340060680273
LLDFVRFMGV_nb_3218,0.5268395840844389
FLYALALLL_nb_921,0.7926215144272899
FLYALALLL_nb_8785,0.6780399575270695
GILGFVFTL_2069,0.8875965229579021
LLDFVRFMGV_nb_517,0.8702241915947514
LLFGYPVYV_nb_1666,0.6255372268797393
GILGFVFTL_2855,0.9206502802931884
FLYALALLL_nb_4148,0.8319141448050036
LLFGYPVYV_nb_6443,0.6476207264804801
ELAGIGILTV_nb_7561,0.8487299774375735
LLDFVRFMGV_nb_7819,0.31924456183735933
LLDFVRFMGV_nb_3485,0.6389540337336805
LLFGYPVYV_nb_11446,0.8485332585067471
FLYALALLL_nb_8924,0.6660004763320321
FLYALALLL_nb_780,0.7946089243973016
ELAGIGILTV_nb_2013,0.5814364868486945
GLCTLVAML_nb_10072,0.3443690119605623
GLCTLVAML_nb_5601,0.693526694819929
GLCTLVAML_nb_10240,0.7646803344594448
FLYALALLL_nb_1095,0.3021991027250805
GILGFVFTL_1243,0.9313005363006925
GLCTLVAML_nb_5433,0.8785497804333307
GILGFVFTL_nb_9678,0.618834743735
ELAGIGILTV_nb_2221,0.854468329911685
FLYALALLL_nb_4183,0.7773511097133419
GLCTLVAML_nb_10624,0.6649501192470202
GILGFVFTL_1627,0.9121130313340233
LLDFVRFMGV_1619,0.4523904778257016
LLFGYPVYV_nb_6488,0.4730200178474594
GILGFVFTL_3170,0.6230736990492781
ELAGIGILTV_nb_7337,0.7617365450834606
ELAGIGILTV_1232,0.5008075356792069
ELAGIGILTV_nb_2645,0.16431331994421633
LLFGYPVYV_nb_11210,0.5186769228183699
GILGFVFTL_3342,0.9070671298036562
LLDFVRFMGV_nb_8409,0.7834145351047781
GILGFVFTL_2290,0.8676177682240923
GILGFVFTL_nb_9812,0.8524757213242402
ELAGIGILTV_nb_7105,0.7032679654016988
ELAGIGILTV_1000,0.8760902435694922
ELAGIGILTV_nb_2477,0.34610165321452646
LLFGYPVYV_nb_11022,0.3449376323914551
GILGFVFTL_nb_1243,0.6950715773583045
GLCTLVAML_nb_10416,0.2644860641841619
GLCTLVAML_nb_5265,0.45866483263290264
GILGFVFTL_1415,0.8612720524367525
ELAGIGILTV_815,0.7193554336297283
GILGFVFTL_nb_4731,0.7927051247138464
GILGFVFTL_832,0.9218323577161006
FLYALALLL_nb_4177,0.7715654432680722
GLCTLVAML_nb_1403,0.17391694907814786
GILGFVFTL_3184,0.8934034953830456
LLDFVRFMGV_nb_3227,0.8753777989754978
GILGFVFTL_2056,0.8934729584468422
LLDFVRFMGV_nb_528,0.737292773747539
LLFGYPVYV_nb_1659,0.2104143529388319
LLFGYPVYV_nb_10938,0.5294709090237799
LLDFVRFMGV_nb_3015,0.692095790061162
GILGFVFTL_2264,0.8666475635529197
FLYALALLL_nb_8588,0.35205230476334637
ELAGIGILTV_nb_2483,0.5324958289429446
FLYALALLL_nb_4345,0.6213711195508484
GLCTLVAML_nb_1631,0.28527727532391145
GLCTLVAML_nb_5291,0.6817430243244949
ELAGIGILTV_nb_133,0.8450419598059358
GILGFVFTL_2600,0.7127639166197295
ELAGIGILTV_nb_7595,0.22231510256864578
LLFGYPVYV_nb_1833,0.6542044682131378
LLDFVRFMGV_nb_3471,0.6586900382443092
LLDFVRFMGV_nb_8099,0.5560777773099372
FLYALALLL_nb_774,0.8413656394503237
GLCTLVAML_nb_10086,0.7813627164417187
GILGFVFTL_1085,0.9218323577161006
LLFGYPVYV_nb_6824,0.8080737473675901
FLYALALLL_nb_4513,0.5407517165905896
FLYALALLL_nb_1061,0.833221822775296
GILGFVFTL_nb_5041,0.6141664846345086
ELAGIGILTV_nb_301,0.7350600327516535
GILGFVFTL_2432,0.6178109368738461
LLDFVRFMGV_nb_3643,0.1778290273233982
LLFGYPVYV_nb_1850,0.6472089435345965
LLDFVRFMGV_nb_3412,0.7013401895976732
ELAGIGILTV_nb_150,0.8381858530356305
GILGFVFTL_2663,0.8696174646351396
GLCTLVAML_nb_6013,0.8202527735795875
ELAGIGILTV_nb_2084,0.7121714014381225
GLCTLVAML_nb_5696,0.8218872363801073
LLFGYPVYV_nb_6249,0.571613525391711
FLYALALLL_nb_4570,0.7506456775242887
LLFGYPVYV_nb_6847,0.5939641424273528
GILGFVFTL_nb_5022,0.5731229952100237
FLYALALLL_nb_1002,0.6757670025619329
LLDFVRFMGV_nb_3620,0.6286733269360587
ELAGIGILTV_nb_362,0.5659212963357376
GILGFVFTL_2451,0.7963555921531839
FLYALALLL_nb_4114,0.8680958217585393
GLCTLVAML_nb_1460,0.5834524843168557
GLCTLVAML_3378,0.22926038940007615
LLDFVRFMGV_nb_3244,0.5134588379142232
LLFGYPVYV_nb_11287,0.2817944924360617
GILGFVFTL_2809,0.8740620682016746
GILGFVFTL_2207,0.6573331532513728
ELAGIGILTV_1097,0.8165828556961134
ELAGIGILTV_nb_7192,0.1977713659693754
GILGFVFTL_nb_9885,0.25059225226983955
LLDFVRFMGV_nb_3076,0.30083612931387294
LLDFVRFMGV_nb_2998,0.6731090667646404
LLFGYPVYV_3452,0.25423893204988807
GLCTLVAML_nb_10481,0.1741870171312712
FLYALALLL_nb_4326,0.8486572191379749
GILGFVFTL_1482,0.887955327466375
GLCTLVAML_nb_10647,0.7264608402977923
GLCTLVAML_nb_1494,0.2495941164815631
ELAGIGILTV_278,0.7852734119855269
GLCTLVAML_nb_5808,0.31591128639033195
GILGFVFTL_1644,0.4713803903038625
ELAGIGILTV_nb_7354,0.27163781749713634
GILGFVFTL_3113,0.9298798674767585
FLYALALLL_nb_989,0.7972545475134278
FLYALALLL_nb_11710,0.8579639318935637
LLFGYPVYV_nb_11273,0.8521696242147606
ELAGIGILTV_nb_2626,0.7226219129026905
GILGFVFTL_nb_9871,0.6985471610930871
ELAGIGILTV_nb_7166,0.2869817846151838
LLDFVRFMGV_nb_3082,0.7451563313995484
LLFGYPVYV_nb_11041,0.21916758823748927
ELAGIGILTV_nb_2414,0.805781603130796
GLCTLVAML_nb_10475,0.4847430674334815
GILGFVFTL_nb_1220,0.71636941504851
GILGFVFTL_nb_4752,0.5413362335241623
GILGFVFTL_851,0.44672291217558624
GLCTLVAML_nb_5206,0.8514385377468736
GILGFVFTL_1476,0.903529879544908
ELAGIGILTV_nb_7502,0.2000379201899827
ELAGIGILTV_nb_2070,0.7464664446287291
FLYALALLL_nb_8947,0.7157024062751857
LLFGYPVYV_nb_11425,0.17522158539818794
GILGFVFTL_nb_9429,0.5723743382835312
GLCTLVAML_nb_5662,0.8294538583896907
GILGFVFTL_1012,0.6648476339911524
FLYALALLL_nb_4584,0.43668730355102153
GLCTLVAML_nb_10223,0.28802609481561664
GILGFVFTL_nb_4938,0.29326301223782636
ELAGIGILTV_nb_79,0.25429779992422236
GLCTLVAML_nb_5450,0.4724688932420764
ELAGIGILTV_nb_2242,0.704808067351646
GLCTLVAML_3175,0.8549383830950263
FLYALALLL_nb_4319,0.778720230295971
GILGFVFTL_nb_4799,0.792114072018548
LLFGYPVYV_nb_6612,0.605763883707868
LLFGYPVYV_nb_10964,0.2876080709638253
LLDFVRFMGV_nb_3049,0.886383378459055
FLYALALLL_nb_3900,0.7184311198429669
FLYALALLL_nb_942,0.26810119477056954
LLDFVRFMGV_nb_574,0.348089510027233
LLFGYPVYV_nb_6420,0.46263458411828473
GILGFVFTL_36,0.8484266879248423
ELAGIGILTV_nb_2289,0.22403794372941718
LLFGYPVYV_nb_6878,0.7499999630622041
ELAGIGILTV_nb_11562,0.7165837260973712
LLFGYPVYV_nb_6276,0.3769284180632596
FLYALALLL_nb_9062,0.5641029053994555
ELAGIGILTV_nb_2887,0.7272797452393276
LLDFVRFMGV_nb_8203,0.4800659877436595
GILGFVFTL_nb_9624,0.8310029818458471
ELAGIGILTV_623,0.8226696719815789
GILGFVFTL_nb_4907,0.7620576026345528
ELAGIGILTV_nb_46,0.17293920060024598
ELAGIGILTV_nb_11596,0.7737548366434609
GILGFVFTL_436,0.8243425459652661
LLFGYPVYV_nb_6282,0.748601136458184
LLDFVRFMGV_nb_7845,0.5564509396169317
FLYALALLL_nb_9096,0.536936604217789
LLDFVRFMGV_nb_8031,0.5275848984440645
ELAGIGILTV_nb_2873,0.5460124098052921
FLYALALLL_nb_8978,0.2777023289264854
GILGFVFTL_nb_9416,0.3463837182754878
GLCTLVAML_nb_5239,0.4952610838562667
FLYALALLL_nb_8520,0.18985066581597035
ELAGIGILTV_nb_7159,0.5653878643526351
LLFGYPVYV_nb_10990,0.5134515429097303
LLDFVRFMGV_nb_8455,0.7984647659458737
LLDFVRFMGV_nb_2953,0.6556629186761749
FLYALALLL_nb_8712,0.7802623096815158
ELAGIGILTV_nb_2619,0.6877303250158916
LLDFVRFMGV_nb_580,0.7427630797421886
GLCTLVAML_nb_10678,0.24501464360885938
ELAGIGILTV_247,0.8682203483752001
GLCTLVAML_nb_5837,0.5032577252972037
FLYALALLL_nb_4583,0.6015876106717603
GLCTLVAML_nb_10224,0.7211821258632614
GLCTLVAML_nb_5457,0.7414667117140288
GILGFVFTL_1227,0.85616408102612
LLFGYPVYV_nb_6088,0.22400002282839576
GLCTLVAML_1884,0.4827706728447241
ELAGIGILTV_nb_2245,0.22020275164216946
LLDFVRFMGV_nb_8009,0.3136594438074064
ELAGIGILTV_nb_7505,0.23425715995797927
GILGFVFTL_2690,0.9329011956987826
ELAGIGILTV_nb_2077,0.8496985093096194
FLYALALLL_nb_8940,0.7550456334274676
LLFGYPVYV_nb_11422,0.7632838537397485
GILGFVFTL_1829,0.8412844989220478
GILGFVFTL_1015,0.9218323577161006
GLCTLVAML_nb_5665,0.5803207170809968
FLYALALLL_nb_8518,0.7309259775067671
GILGFVFTL_nb_9876,0.5543679960743879
ELAGIGILTV_nb_7161,0.47947841959029874
LLDFVRFMGV_nb_3085,0.5195342233033045
GILGFVFTL_3326,0.7964296201485626
LLFGYPVYV_nb_11046,0.7745808999595336
ELAGIGILTV_nb_2413,0.7966504388314625
GLCTLVAML_nb_10472,0.6577962589294319
GILGFVFTL_nb_1227,0.3969212753444671
GILGFVFTL_nb_4755,0.6537859961103746
GILGFVFTL_1471,0.5076846921855915
GLCTLVAML_nb_5201,0.6748184767938745
GLCTLVAML_nb_10640,0.7006311457253176
GLCTLVAML_nb_1493,0.09934269052912101
GILGFVFTL_1643,0.6150983051502923
ELAGIGILTV_nb_7353,0.2884619886786072
GILGFVFTL_3114,0.8952186454067177
LLFGYPVYV_nb_11274,0.3980223857971075
GILGFVFTL_nb_9278,0.5702040942211521
FLYALALLL_nb_11717,0.46883981393857715
ELAGIGILTV_nb_2621,0.8455684219090992
ELAGIGILTV_nb_7195,0.6905017123294995
GILGFVFTL_nb_9882,0.619568936204084
GILGFVFTL_2200,0.8990084414914711
GILGFVFTL_nb_11788,0.7261402195018968
LLDFVRFMGV_nb_3071,0.37203067390152766
FLYALALLL_nb_3938,0.8403303256927395
GLCTLVAML_nb_10486,0.5663726511014775
FLYALALLL_nb_4321,0.23106657881939646
GLCTLVAML_nb_1467,0.5299173123341687
FLYALALLL_nb_4113,0.7178078772780669
LLFGYPVYV_nb_6418,0.6259436530600038
GILGFVFTL_2032,0.9151436313896787
LLDFVRFMGV_nb_3243,0.6678201543305918
LLFGYPVYV_nb_11280,0.46807929805158754
FLYALALLL_nb_4577,0.7794839348330145
LLFGYPVYV_nb_6840,0.7061043956326002
GILGFVFTL_nb_5025,0.40678390068379505
FLYALALLL_nb_1005,0.6363086108051326
GLCTLVAML_1870,0.7997044401343217
LLDFVRFMGV_nb_3627,0.6373507415193759
GILGFVFTL_2456,0.9072182155941512
ELAGIGILTV_nb_365,0.737076300971238
LLDFVRFMGV_nb_3415,0.7215305754633161
LLFGYPVYV_nb_1857,0.6376907885052582
LLDFVRFMGV_nb_7889,0.8106686908521126
GLCTLVAML_nb_6014,0.6746641827597222
ELAGIGILTV_nb_157,0.6042901828684515
ELAGIGILTV_nb_2083,0.3870521607163905
GLCTLVAML_nb_5691,0.7937659254991278
FLYALALLL_nb_8715,0.44047936023508333
LLDFVRFMGV_nb_3288,0.8818739172195277
FLYALALLL_nb_11728,0.48341967163386423
GILGFVFTL_nb_9247,0.19941317561017902
LLDFVRFMGV_nb_587,0.849848635842116
GLCTLVAML_2266,0.5679933114594106
GILGFVFTL_267,0.8969749974982173
GLCTLVAML_nb_5830,0.7971602043986505
GILGFVFTL_nb_1218,0.4761787840164672
GILGFVFTL_869,0.910117680070043
FLYALALLL_nb_8527,0.2373674286295423
GILGFVFTL_nb_9849,0.6526934304632472
LLDFVRFMGV_nb_8452,0.6276460007617247
LLFGYPVYV_nb_10997,0.8246178967175823
LLFGYPVYV_nb_11079,0.45958950882167404
LLDFVRFMGV_nb_2954,0.2536597596053835
GILGFVFTL_1816,0.817029076235296
GLCTLVAML_nb_10029,0.5715140522573605
GILGFVFTL_431,0.8503603786568582
LLFGYPVYV_nb_6285,0.7324538763481203
ELAGIGILTV_nb_2874,0.5896298185925071
LLDFVRFMGV_nb_8036,0.7996544385790323
FLYALALLL_nb_9091,0.21135013072406844
LLDFVRFMGV_nb_7842,0.5438555477194899
ELAGIGILTV_nb_2048,0.746169492173726
GILGFVFTL_nb_9411,0.8400806837797978
LLDFVRFMGV_nb_8204,0.6264864771480255
ELAGIGILTV_nb_7708,0.5449139495448478
GILGFVFTL_nb_9623,0.3149994736216638
ELAGIGILTV_624,0.8616017529385489
GILGFVFTL_nb_4900,0.254124942556919
GILGFVFTL_603,0.7569578182359864
ELAGIGILTV_2088,0.8394964769825044
GLCTLVAML_nb_5468,0.8147362971631653
GILGFVFTL_1218,0.6858379468353133
ELAGIGILTV_nb_41,0.812172735008359
ELAGIGILTV_nb_11591,0.6321451487279108
LLFGYPVYV_nb_6271,0.8021182585149543
ELAGIGILTV_nb_2880,0.5356533031755374
FLYALALLL_nb_9065,0.8703270540849395
LLFGYPVYV_nb_1868,0.5373186382067433
ELAGIGILTV_nb_168,0.5738762885030066
LLDFVRFMGV_nb_3618,0.4331596449283866
GILGFVFTL_2469,0.7960078009431488
FLYALALLL_nb_4548,0.8500816660764293
ELAGIGILTV_nb_11565,0.7781693281943316
ELAGIGILTV_nb_7398,0.8120318810763372
FLYALALLL_nb_945,0.5096428630574343
LLDFVRFMGV_nb_573,0.6422728499802174
GLCTLVAML_2292,0.7547793599264234
GLCTLVAML_nb_1458,0.7905374612754058
LLFGYPVYV_nb_6427,0.5661459890627798
GILGFVFTL_1688,0.907839593700533
LLFGYPVYV_nb_6615,0.25444517271459144
LLFGYPVYV_nb_10963,0.5291277692796962
FLYALALLL_nb_3907,0.39680949821151323
GILGFVFTL_nb_1211,0.19871885813312568
GLCTLVAML_nb_10444,0.6962595852856872
ELAGIGILTV_847,0.908405878935235
GLCTLVAML_nb_5237,0.7282350822976729
GILGFVFTL_860,0.7625106906767735
GILGFVFTL_nb_4763,0.6863508475846315
GILGFVFTL_3310,0.8567253735507813
GILGFVFTL_nb_9840,0.6913675792899971
ELAGIGILTV_nb_7157,0.7987882970367568
ELAGIGILTV_nb_2425,0.24965354367560935
LLFGYPVYV_nb_11070,0.6007256050271379
LLDFVRFMGV_nb_3281,0.7420718129921904
GILGFVFTL_3122,0.9236109716693699
ELAGIGILTV_nb_7365,0.5349270372590076
ELAGIGILTV_nb_2617,0.5056516291201552
LLFGYPVYV_nb_11242,0.7931534726711846
FLYALALLL_nb_11721,0.7568145375002717
GLCTLVAML_nb_5839,0.20479792280507486
ELAGIGILTV_249,0.8195941576400854
GLCTLVAML_nb_10676,0.20114076211378504
GILGFVFTL_2494,0.9223162976034296
ELAGIGILTV_nb_7701,0.5157772823937948
ELAGIGILTV_nb_2273,0.2999074029373035
GILGFVFTL_nb_4909,0.2917556554873041
LLFGYPVYV_nb_6882,0.6157061477807154
GLCTLVAML_nb_10212,0.4193925806382344
ELAGIGILTV_nb_11598,0.39213791301586004
GLCTLVAML_nb_5461,0.6995297474465794
ELAGIGILTV_nb_48,0.7061433459211427
GILGFVFTL_1211,0.5308654292043912
GILGFVFTL_438,0.8681358022835995
GLCTLVAML_nb_10020,0.5746314813862379
GILGFVFTL_1023,0.8374129817156266
GLCTLVAML_nb_5653,0.7368937071279149
ELAGIGILTV_nb_7533,0.4040532878286634
ELAGIGILTV_nb_195,0.850483407427547
LLFGYPVYV_nb_1895,0.6469841630658946
FLYALALLL_nb_9098,0.2238687162400683
LLFGYPVYV_nb_11414,0.696345363651386
FLYALALLL_nb_8976,0.7725412302769016
GILGFVFTL_nb_9418,0.2431398311885601
ELAGIGILTV_nb_2041,0.20243081943488048
ELAGIGILTV_nb_353,0.21746033919124733
LLDFVRFMGV_nb_3611,0.828750533449323
GILGFVFTL_38,0.8605810062770549
ELAGIGILTV_nb_2287,0.7809772738873877
LLFGYPVYV_nb_6876,0.7779159056665681
ELAGIGILTV_2849,0.8793425443462544
FLYALALLL_nb_4541,0.17970840131317178
FLYALALLL_nb_1033,0.8433267420115652
GLCTLVAML_nb_5495,0.8076850449800785
GILGFVFTL_nb_5013,0.7137263016348342
LLFGYPVYV_nb_6278,0.7037722184172153
GLCTLVAML_nb_6022,0.5192891226051316
GILGFVFTL_2652,0.8896888818850389
ELAGIGILTV_nb_161,0.8677319545038181
LLDFVRFMGV_nb_3423,0.6919815794053531
ELAGIGILTV_nb_2889,0.6344253715998067
LLFGYPVYV_nb_1861,0.7522978299741978
FLYALALLL_nb_8982,0.41998819529998194
FLYALALLL_nb_4317,0.6910496924554422
GILGFVFTL_894,0.5146590053016249
GILGFVFTL_nb_4797,0.2293744856358404
LLDFVRFMGV_nb_3047,0.37271538375173446
GILGFVFTL_2236,0.8529109755700559
LLFGYPVYV_nb_11084,0.8498943816598167
LLDFVRFMGV_nb_3275,0.5956611819643927
GILGFVFTL_2004,0.7987738429103995
ELAGIGILTV_nb_7391,0.7199185527539727
GILGFVFTL_2838,0.8658170847838329
GLCTLVAML_nb_1451,0.5205367681483873
FLYALALLL_nb_4125,0.367490036795806
GLCTLVAML_nb_10682,0.6262832661109532
GILGFVFTL_1681,0.9192796374268541
GILGFVFTL_2699,0.934535736079951
ELAGIGILTV_nb_2842,0.21174446115822387
LLDFVRFMGV_nb_8000,0.3634053582232345
LLDFVRFMGV_nb_7874,0.2619646408762831
FLYALALLL_nb_8949,0.7972835992588057
GILGFVFTL_nb_9427,0.3452754535602674
LLDFVRFMGV_710,0.818657726947462
GILGFVFTL_407,0.8454203169996026
GILGFVFTL_1820,0.886175579763381
GILGFVFTL_nb_4936,0.6041531127580222
LLFGYPVYV_nb_6081,0.8160033146739314
ELAGIGILTV_nb_77,0.8640138628780976
LLDFVRFMGV_nb_8232,0.7354309900423774
GILGFVFTL_nb_9615,0.7373611030995818
GLCTLVAML_nb_5806,0.21760681772770116
GLCTLVAML_nb_10649,0.3619575679268388
ELAGIGILTV_3508,0.49460574836036125
FLYALALLL_nb_987,0.7133765726302239
FLYALALLL_nb_8723,0.24863781490915213
ELAGIGILTV_nb_2628,0.6368194289719156
GILGFVFTL_nb_9271,0.8069466078027595
FLYALALLL_nb_8511,0.6365137872535751
ELAGIGILTV_nb_7168,0.685736888749057
GILGFVFTL_nb_11775,0.42020728411350583
LLDFVRFMGV_nb_2962,0.27870526006448926
GILGFVFTL_1478,0.9054348502991987
GLCTLVAML_nb_5208,0.4654895010052532
LLFGYPVYV_1139,0.8427477456459326
LLFGYPVYV_nb_6411,0.5394719049025789
FLYALALLL_nb_973,0.34381856666060706
LLDFVRFMGV_nb_545,0.46897614725810516
GILGFVFTL_2807,0.8422786898898981
GILGFVFTL_nb_9285,0.6477231893194112
LLFGYPVYV_nb_11289,0.6428968890294007
LLDFVRFMGV_nb_3078,0.6345224981511598
LLFGYPVYV_nb_10955,0.7074171827840159
GILGFVFTL_nb_11781,0.37631078390388284
GILGFVFTL_2209,0.198984011957764
FLYALALLL_nb_3931,0.7220000447668311
LLDFVRFMGV_nb_2996,0.5547908164660935
FLYALALLL_nb_4328,0.595190283500667
LLFGYPVYV_nb_6623,0.7279942464191014
FLYALALLL_nb_9053,0.3259491820169236
LLDFVRFMGV_nb_7880,0.2676388474530601
LLFGYPVYV_nb_6247,0.5540812209995696
GLCTLVAML_nb_5698,0.5892488546160606
LLFGYPVYV_nb_6849,0.7637958718581983
LLFGYPVYV_nb_6075,0.6175829586517202
ELAGIGILTV_nb_83,0.6107122853780672
GILGFVFTL_nb_10005,0.8828824073712904
LLDFVRFMGV_nb_3272,0.4165786871156095
ELAGIGILTV_nb_7396,0.28759387225348615
GILGFVFTL_2003,0.8831558176612826
FLYALALLL_nb_4122,0.8031243378728969
GLCTLVAML_nb_1456,0.7659345644086433
GLCTLVAML_nb_10685,0.25054316142499944
GILGFVFTL_1686,0.9099593818021623
LLFGYPVYV_nb_6429,0.8452520903008924
FLYALALLL_nb_4310,0.6979497259703341
GILGFVFTL_nb_4790,0.7505745704445493
GILGFVFTL_893,0.8685492115847906
LLDFVRFMGV_nb_3040,0.3339114096428153
GILGFVFTL_2231,0.9355136723250456
FLYALALLL_nb_3909,0.8465757372700878
LLFGYPVYV_nb_11083,0.8013662679692277
ELAGIGILTV_nb_166,0.653794771403819
GLCTLVAML_nb_6025,0.18624807979970784
LLFGYPVYV_nb_1866,0.5592351973391638
FLYALALLL_1271,0.7133907599677209
LLDFVRFMGV_nb_3424,0.7377504599333519
FLYALALLL_nb_8985,0.8117156081930723
ELAGIGILTV_nb_354,0.27602312686266384
GILGFVFTL_2467,0.5903354424839348
LLDFVRFMGV_nb_3616,0.5612947899748872
GLCTLVAML_1841,0.355751218073377
ELAGIGILTV_nb_2280,0.7498256946470235
LLFGYPVYV_nb_6871,0.8024411188437739
FLYALALLL_nb_4546,0.453978716540192
FLYALALLL_nb_1034,0.7062512907027917
GILGFVFTL_nb_5014,0.5523574558142864
GLCTLVAML_nb_5492,0.8512278633953994
GLCTLVAML_nb_10027,0.8541913473595673
GLCTLVAML_nb_5654,0.6209599977980023
GILGFVFTL_1024,0.8619666736136624
ELAGIGILTV_nb_192,0.866746119403395
ELAGIGILTV_nb_7534,0.3254191359461879
LLFGYPVYV_nb_1892,0.5121695766971365
LLDFVRFMGV_nb_8038,0.37797478584445976
LLFGYPVYV_nb_11413,0.6262102509916583
FLYALALLL_nb_8971,0.6195248887978262
ELAGIGILTV_nb_2046,0.20859043577470415
ELAGIGILTV_nb_7706,0.6799472224622498
GILGFVFTL_2493,0.9329011956987826
ELAGIGILTV_nb_2274,0.42029209749251906
GLCTLVAML_nb_10215,0.575482818718436
LLFGYPVYV_nb_6885,0.21564231717202437
GILGFVFTL_1216,0.7424662222662084
GLCTLVAML_nb_5466,0.7472663767358706
GILGFVFTL_3125,0.9150303633271335
LLDFVRFMGV_nb_3286,0.6861070921185425
ELAGIGILTV_nb_7362,0.22943843656185098
ELAGIGILTV_nb_2610,0.8277581418379749
LLDFVRFMGV_nb_589,0.6077056304084765
FLYALALLL_nb_11726,0.1585615899665008
LLFGYPVYV_nb_11245,0.20226452565573688
GILGFVFTL_nb_9249,0.7104522962422665
GLCTLVAML_nb_10671,0.7560337336836537
GILGFVFTL_269,0.933479302725271
GILGFVFTL_nb_1216,0.5231341819175626
GLCTLVAML_nb_10443,0.6776143996445323
GLCTLVAML_nb_5230,0.8329425507311643
GILGFVFTL_nb_4764,0.6867223048919052
GILGFVFTL_867,0.4544303219192828
LLFGYPVYV_nb_10999,0.630334494748181
GILGFVFTL_3317,0.9004587927977649
FLYALALLL_nb_8529,0.522230015597296
GILGFVFTL_nb_9847,0.7480916391055727
ELAGIGILTV_nb_7150,0.6825364934064744
LLFGYPVYV_3490,0.2928243384950603
ELAGIGILTV_nb_2422,0.6117705614158964
LLFGYPVYV_nb_11077,0.5798325628429576
FLYALALLL_nb_4579,0.856919574944504
LLFGYPVYV_nb_6072,0.8376627989734491
ELAGIGILTV_nb_84,0.5750089755274755
GILGFVFTL_2458,0.8838627956064014
GILGFVFTL_nb_10002,0.7363598595461704
LLDFVRFMGV_nb_3629,0.872627379346395
ELAGIGILTV_nb_159,0.2564031514547319
LLFGYPVYV_nb_1859,0.09440676138487014
LLDFVRFMGV_nb_7887,0.7727476972875953
FLYALALLL_nb_9054,0.6654746771768136
LLFGYPVYV_nb_6240,0.522982563250028
LLFGYPVYV_nb_10952,0.3150032497007834
GILGFVFTL_nb_11786,0.5967766283352844
LLDFVRFMGV_nb_2991,0.7795916811005712
FLYALALLL_nb_3936,0.7245112098961428
GLCTLVAML_nb_10488,0.7765064365238499
GLCTLVAML_2091,0.8968422522776768
LLFGYPVYV_nb_6624,0.1947926261098042
GLCTLVAML_nb_1469,0.16963139920529252
LLFGYPVYV_nb_6416,0.6271464102150847
FLYALALLL_nb_974,0.7310370222214518
LLDFVRFMGV_nb_542,0.5780303379118514
GILGFVFTL_nb_9282,0.4184395037249047
GILGFVFTL_2800,0.8368749520323251
LLDFVRFMGV_nb_8463,0.23490284856544974
GILGFVFTL_3328,0.8715975804473262
GILGFVFTL_nb_11772,0.3009546884624757
FLYALALLL_nb_8516,0.7067592870128543
GILGFVFTL_nb_9878,0.7211007396412685
LLDFVRFMGV_nb_2965,0.42970952873373935
LLFGYPVYV_nb_11048,0.21865612992638495
GILGFVFTL_nb_1229,0.7343223730396696
GLCTLVAML_nb_5801,0.307632954556088
GILGFVFTL_256,0.9059055998993973
FLYALALLL_nb_980,0.7598192773396766
FLYALALLL_nb_8724,0.5889082339916681
GILGFVFTL_nb_9276,0.5882043422331587
FLYALALLL_nb_11719,0.6310057377985971
GILGFVFTL_nb_4931,0.6831692292788436
ELAGIGILTV_615,0.8510808480732208
LLFGYPVYV_nb_6086,0.7704878303962831
ELAGIGILTV_nb_70,0.38848271284574565
GILGFVFTL_1229,0.8661579139190638
GLCTLVAML_nb_5459,0.2148086617749712
LLDFVRFMGV_nb_8235,0.1851387279893031
GILGFVFTL_nb_9612,0.7656927152511108
LLDFVRFMGV_nb_7873,0.4997310916624986
LLDFVRFMGV_nb_8007,0.6532076101556581
ELAGIGILTV_nb_2845,0.851299956239266
GILGFVFTL_nb_9420,0.7051067852565485
ELAGIGILTV_nb_2079,0.5039428689634572
GLCTLVAML_nb_10018,0.21506503822435086
LLFGYPVYV_nb_6214,0.22428999575905395
ELAGIGILTV_487,0.466521292905029
GILGFVFTL_1887,0.8902662449572573
GILGFVFTL_nb_9480,0.5889552081056373
FLYALALLL_nb_9000,0.6268467128575896
LLFGYPVYV_3259,0.4442433774799287
FLYALALLL_nb_9232,0.8566125195670646
GILGFVFTL_54,0.9067092253568563
LLDFVRFMGV_nb_8295,0.2236185658017218
GILGFVFTL_1289,0.8810494617344161
GILGFVFTL_nb_4991,0.2855866965411768
GILGFVFTL_692,0.21519093147311166
LLFGYPVYV_nb_1667,0.6385776124280801
LLDFVRFMGV_nb_516,0.6362140728006273
GILGFVFTL_2854,0.8407183620219985
FLYALALLL_nb_920,0.6501673631538538
LLDFVRFMGV_nb_3219,0.886383378459055
GILGFVFTL_2068,0.7960078009431488
FLYALALLL_nb_8784,0.7316380190083752
LLFGYPVYV_nb_6442,0.6671797803117061
FLYALALLL_nb_4149,0.20865285352108778
LLFGYPVYV_nb_6670,0.7563478161018065
GLCTLVAML_3117,0.6305528601307752
LLDFVRFMGV_nb_724,0.3504272390168617
FLYALALLL_nb_3962,0.2253376924998529
GILGFVFTL_3388,0.9285015387649334
LLFGYPVYV_nb_10906,0.5767994661443204
LLFGYPVYV_nb_1693,0.8049595229414248
ELAGIGILTV_nb_7309,0.765187369566761
FLYALALLL_nb_8770,0.35012625143478104
GLCTLVAML_nb_5855,0.4276933145017341
LLFGYPVYV_nb_6684,0.37391117932432266
GLCTLVAML_nb_10428,0.3003749350141764
ELAGIGILTV_nb_2449,0.7786545787577138
FLYALALLL_nb_3996,0.7316254465281187
LLDFVRFMGV_nb_2931,0.8286276214565036
LLDFVRFMGV_nb_8437,0.7832884586873248
FLYALALLL_nb_8542,0.5147438616252786
GILGFVFTL_454,0.8928297555794187
GILGFVFTL_1873,0.9261349858571044
GILGFVFTL_nb_9474,0.8108365967361904
LLFGYPVYV_nb_11478,0.7570389021431047
LLDFVRFMGV_nb_8053,0.703224375238239
ELAGIGILTV_nb_2811,0.5906820276068229
LLDFVRFMGV_nb_7827,0.5063242016713476
GILGFVFTL_nb_9646,0.6202946019538281
LLFGYPVYV_nb_10798,0.5779681284285831
LLDFVRFMGV_nb_8261,0.6953350264786978
LLDFVRFMGV_nb_3689,0.7492891803773736
ELAGIGILTV_nb_24,0.8321608025338734
GILGFVFTL_nb_4965,0.5304815696135364
GILGFVFTL_666,0.8904766159242432
ELAGIGILTV_nb_2482,0.2301141389769608
LLDFVRFMGV_nb_3014,0.8319301532633759
LLFGYPVYV_nb_10939,0.768800425425729
FLYALALLL_nb_8589,0.511006269915121
GILGFVFTL_2265,0.8618941527369786
GLCTLVAML_nb_5290,0.7656987578639614
FLYALALLL_nb_4344,0.8726266659925848
GLCTLVAML_nb_1630,0.24458020711354042
FLYALALLL_nb_4176,0.7208036524527506
GLCTLVAML_nb_1402,0.5881577239469635
LLFGYPVYV_nb_1658,0.8995950448604718
LLDFVRFMGV_nb_529,0.3008792791553299
GILGFVFTL_3185,0.18270277881412517
LLDFVRFMGV_nb_3226,0.791603370675034
GILGFVFTL_2057,0.9271986900323415
FLYALALLL_nb_1060,0.7696317925878546
GILGFVFTL_nb_5040,0.8638680422290504
LLFGYPVYV_nb_6825,0.7535418905510399
FLYALALLL_nb_4512,0.8168356228956336
ELAGIGILTV_nb_300,0.812172735008359
LLDFVRFMGV_nb_3642,0.18792004056072453
FLYALALLL_nb_775,0.5093153494687606
ELAGIGILTV_nb_7594,0.5604445639964171
ELAGIGILTV_nb_132,0.467322294588088
GILGFVFTL_2601,0.9296462122233554
LLDFVRFMGV_nb_8098,0.7514744479009738
LLDFVRFMGV_nb_3470,0.8441655996154398
LLFGYPVYV_nb_1832,0.28163227346193104
GILGFVFTL_1084,0.9218323577161006
GLCTLVAML_nb_10087,0.3094663552815574
FLYALALLL_nb_1094,0.53967496372711
GLCTLVAML_nb_5432,0.7441640891530741
GLCTLVAML_nb_10241,0.7377922047418665
GLCTLVAML_2658,0.7936747666600026
GILGFVFTL_659,0.9263114761563808
GILGFVFTL_nb_9679,0.811744374529966
ELAGIGILTV_nb_2220,0.21798825917696565
FLYALALLL_nb_8925,0.6579007729258832
LLFGYPVYV_nb_11447,0.6387652741314122
ELAGIGILTV_nb_2012,0.6311809665815697
FLYALALLL_nb_781,0.5809482766264102
ELAGIGILTV_nb_7560,0.7062427790754489
LLDFVRFMGV_nb_3484,0.8032630232965428
LLDFVRFMGV_nb_7818,0.32727825820292045
GILGFVFTL_1070,0.8586840938184428
GLCTLVAML_nb_5600,0.6127782257136822
GLCTLVAML_nb_10073,0.18806922344096982
ELAGIGILTV_nb_2476,0.6270350213585705
LLFGYPVYV_nb_11023,0.6061763529468476
GILGFVFTL_3343,0.7031764772754042
LLDFVRFMGV_nb_8408,0.23030489191769335
GILGFVFTL_nb_9813,0.686176245769142
ELAGIGILTV_nb_7104,0.7824656009262249
GILGFVFTL_2291,0.9128720122818108
ELAGIGILTV_814,0.5893991770695384
GLCTLVAML_nb_5264,0.8512278633953994
GLCTLVAML_2832,0.8122514482729419
GILGFVFTL_nb_4730,0.8452558069185572
GILGFVFTL_nb_1242,0.8002692255600852
GLCTLVAML_nb_10417,0.48054782276095204
GILGFVFTL_1626,0.6805044446748708
LLFGYPVYV_nb_6489,0.7468125334097298
FLYALALLL_nb_4182,0.8152100023968605
GLCTLVAML_nb_10625,0.7201171037631011
ELAGIGILTV_nb_2644,0.8161099144857429
LLFGYPVYV_2724,0.6483701369606272
LLFGYPVYV_nb_11211,0.5495905589559269
GILGFVFTL_3171,0.2492863808148679
ELAGIGILTV_nb_7336,0.48071730608063923
GILGFVFTL_nb_9641,0.5397200964908374
ELAGIGILTV_nb_2218,0.4989606046454875
LLDFVRFMGV_nb_8266,0.23136506695062972
ELAGIGILTV_nb_23,0.19871300387277774
GLCTLVAML_nb_10279,0.19611789836993826
GILGFVFTL_661,0.9279370789945183
GILGFVFTL_nb_4962,0.5004437971262258
ELAGIGILTV_646,0.8603893260753941
GLCTLVAML_nb_5638,0.2483667344827283
GILGFVFTL_453,0.4876282871342412
GILGFVFTL_1874,0.8587167623971234
GLCTLVAML_nb_1298,0.7844943803862423
GILGFVFTL_nb_9473,0.21163327155116177
ELAGIGILTV_nb_7558,0.48942650954384265
LLDFVRFMGV_nb_7820,0.2217134746557169
ELAGIGILTV_nb_2816,0.8615105449699924
LLDFVRFMGV_nb_8054,0.12744131264047212
LLFGYPVYV_nb_6683,0.5415686052543028
GILGFVFTL_nb_4708,0.6812566641893953
FLYALALLL_nb_4388,0.47173383253316675
LLDFVRFMGV_nb_2936,0.5992156877014098
FLYALALLL_nb_3991,0.7290727264321494
LLDFVRFMGV_nb_8430,0.48363810900602183
FLYALALLL_nb_8545,0.8708757322471267
LLFGYPVYV_nb_1694,0.6634822413361565
LLFGYPVYV_nb_11229,0.7138211838582372
GILGFVFTL_3149,0.619901210820156
FLYALALLL_nb_8777,0.45999098383333287
GLCTLVAML_nb_5852,0.8179880064829205
LLFGYPVYV_nb_2011,0.7379962331643763
GILGFVFTL_205,0.2454845887828802
LLFGYPVYV_nb_6677,0.7173261673613367
GLCTLVAML_3110,0.17795991143699152
GLCTLVAML_nb_1608,0.328454973596543
LLDFVRFMGV_nb_723,0.3311896053849188
FLYALALLL_nb_3965,0.5418050769804331
LLFGYPVYV_nb_10901,0.7791731899596006
ELAGIGILTV_nb_2688,0.7162839798173866
LLDFVRFMGV_nb_511,0.7707666738631496
LLFGYPVYV_nb_1660,0.7474603816550236
GILGFVFTL_2853,0.312526312367488
FLYALALLL_nb_927,0.7109830972002664
FLYALALLL_nb_8783,0.6017591319068529
LLFGYPVYV_nb_6445,0.7030076701117745
ELAGIGILTV_nb_338,0.6864865406202099
LLDFVRFMGV_nb_8292,0.25038943034504324
GILGFVFTL_53,0.8736693975324425
FLYALALLL_nb_9235,0.2503906840710386
FLYALALLL_nb_1058,0.7094773134853153
GILGFVFTL_nb_5078,0.8632757937640634
GILGFVFTL_nb_4996,0.1859381363958924
LLFGYPVYV_nb_6213,0.5927707007008727
GILGFVFTL_1880,0.9161387460718384
GILGFVFTL_nb_9487,0.5817716091487073
GILGFVFTL_2639,0.9224779349928917
GLCTLVAML_nb_6049,0.7156874676868469
FLYALALLL_nb_9007,0.7210277612795126
LLDFVRFMGV_nb_3448,0.5630025607388301
GILGFVFTL_1621,0.921944477206602
FLYALALLL_nb_4185,0.791988746472492
GLCTLVAML_nb_10622,0.7247584102262283
ELAGIGILTV_nb_2643,0.4652796193558938
LLFGYPVYV_nb_11216,0.2080807670265409
ELAGIGILTV_nb_7331,0.27917411608230513
FLYALALLL_nb_8748,0.7489968989584255
ELAGIGILTV_nb_2471,0.7160015532468101
LLFGYPVYV_nb_11024,0.1852721185892084
GILGFVFTL_3344,0.6864598452997053
GILGFVFTL_2296,0.9242818818662947
GILGFVFTL_nb_9814,0.26181300623329595
ELAGIGILTV_nb_7103,0.6135219002666932
GLCTLVAML_nb_5263,0.4630720520181712
ELAGIGILTV_813,0.8382338686552071
GILGFVFTL_nb_4737,0.7132926024178122
GILGFVFTL_nb_1245,0.6298820093808108
GLCTLVAML_nb_10410,0.13645844874309676
FLYALALLL_nb_8922,0.4693137556756374
LLFGYPVYV_nb_11440,0.699482381937569
FLYALALLL_nb_786,0.3012375264569757
ELAGIGILTV_nb_2015,0.4037359072585276
ELAGIGILTV_nb_7567,0.1994484241750799
LLDFVRFMGV_nb_3483,0.8385475559797145
ELAGIGILTV_nb_2829,0.5208045485053124
GLCTLVAML_nb_5607,0.3217618013487976
GILGFVFTL_1077,0.8975916586380817
GLCTLVAML_nb_10074,0.6674012715868628
FLYALALLL_nb_1093,0.7705375331011795
GLCTLVAML_703,0.34140485046776703
GILGFVFTL_1245,0.7196575194689525
GLCTLVAML_nb_5435,0.4000538593958344
GLCTLVAML_nb_10246,0.7425842100651516
ELAGIGILTV_nb_2227,0.21576654255038824
GILGFVFTL_98,0.9218323577161006
LLDFVRFMGV_nb_8259,0.22735309631004347
FLYALALLL_nb_772,0.6168519122564318
LLDFVRFMGV_nb_378,0.849042584663176
GILGFVFTL_2606,0.8661579139190638
ELAGIGILTV_nb_135,0.7871088153023296
ELAGIGILTV_nb_7593,0.5073714560707084
LLFGYPVYV_nb_1835,0.372600105595147
FLYALALLL_nb_9038,0.41348799478246545
LLDFVRFMGV_nb_3477,0.7788409016224371
GILGFVFTL_1083,0.8916522557301514
GILGFVFTL_498,0.8928297555794187
GLCTLVAML_nb_10080,0.5926750192601505
FLYALALLL_nb_1067,0.6462192587094275
FLYALALLL_2695,0.7902373563888275
GILGFVFTL_nb_5047,0.7826057309412768
LLFGYPVYV_nb_6822,0.5162988030681026
FLYALALLL_nb_4515,0.33254310030253953
ELAGIGILTV_nb_307,0.8567038570128832
LLDFVRFMGV_nb_3645,0.6601307871747168
GLCTLVAML_nb_1405,0.7133107238028648
FLYALALLL_nb_4171,0.769315789890961
GLCTLVAML_nb_5899,0.23126243345359032
LLDFVRFMGV_nb_3221,0.5699837751778717
FLYALALLL_nb_918,0.519819475295457
GILGFVFTL_2050,0.7096236409036561
ELAGIGILTV_nb_2485,0.5745176236105624
LLDFVRFMGV_nb_3013,0.5108848742479675
GILGFVFTL_2262,0.8661579139190638
GLCTLVAML_nb_5297,0.767084920807271
LLFGYPVYV_nb_6648,0.591552993602656
GLCTLVAML_nb_1637,0.2734295024771306
FLYALALLL_nb_4343,0.8155689456674694
ELAGIGILTV_nb_2478,0.21534645867448032
FLYALALLL_nb_8573,0.19809944205238844
LLDFVRFMGV_nb_8406,0.5558367284121852
GLCTLVAML_nb_10419,0.22986892026140401
LLFGYPVYV_nb_6487,0.6923428530679948
GILGFVFTL_233,0.7305574583248601
GLCTLVAML_nb_5864,0.22043267872851285
GILGFVFTL_2891,0.6431375470024556
ELAGIGILTV_nb_7338,0.25016333029693427
FLYALALLL_nb_8741,0.37701303072289427
ELAGIGILTV_nb_15,0.8622981952539652
FLYALALLL_2668,0.5921945518654309
GILGFVFTL_657,0.8921005640239092
GILGFVFTL_nb_4954,0.7278187637221536
GILGFVFTL_nb_9677,0.5933965154090938
LLDFVRFMGV_nb_8250,0.5534299935968167
LLDFVRFMGV_nb_385,0.8153568019563291
GILGFVFTL_nb_9445,0.8457796342972415
LLFGYPVYV_nb_11449,0.6492091146335541
LLDFVRFMGV_nb_7816,0.4786349260489757
ELAGIGILTV_nb_2820,0.33848847705389284
LLDFVRFMGV_nb_8062,0.42178476434922096
ELAGIGILTV_442,0.8241200819962073
GILGFVFTL_465,0.9199544635543295
ELAGIGILTV_684,0.8619139416768032
GILGFVFTL_nb_9683,0.3045997139319215
GILGFVFTL_65,0.9166761705630063
FLYALALLL_nb_9203,0.6557579100100395
FLYALALLL_nb_9031,0.810299194320817
LLDFVRFMGV_nb_8096,0.42909632154858873
LLFGYPVYV_nb_6225,0.4945696487997654
GLCTLVAML_nb_10089,0.2958633272737303
GILGFVFTL_491,0.505161736852374
FLYALALLL_nb_3953,0.8593930942216934
LLDFVRFMGV_nb_715,0.7363146944662353
FLYALALLL_nb_8587,0.6167965657170231
LLFGYPVYV_nb_10937,0.19148622724204906
LLFGYPVYV_nb_6641,0.7701386572691817
LLFGYPVYV_nb_6473,0.8565497659679111
FLYALALLL_nb_4178,0.8084898070255783
GLCTLVAML_nb_5890,0.21044062888959536
GILGFVFTL_2865,0.5100480197590768
LLDFVRFMGV_nb_527,0.5952315491727103
LLFGYPVYV_nb_1656,0.7481944402924523
GILGFVFTL_2059,0.9257066274587099
LLDFVRFMGV_nb_3228,0.5294631387498105
FLYALALLL_nb_911,0.6973850657331244
GLCTLVAML_nb_5631,0.609982493029081
GILGFVFTL_1041,0.8928297555794187
GLCTLVAML_nb_1291,0.7865973101936418
GLCTLVAML_nb_10042,0.19423620267753644
ELAGIGILTV_nb_2023,0.15881322362653694
LLFGYPVYV_nb_11476,0.7376997990823406
FLYALALLL_nb_8914,0.560515357674102
LLDFVRFMGV_nb_7829,0.7746945154886584
ELAGIGILTV_nb_7551,0.38136553636852605
ELAGIGILTV_nb_2211,0.6079302087420972
LLFGYPVYV_nb_10796,0.21036471050873845
GILGFVFTL_nb_9648,0.23380887820760918
LLDFVRFMGV_nb_3687,0.3231662648903012
GILGFVFTL_nb_5085,0.3043148476481293
GILGFVFTL_1273,0.9019842248267824
GLCTLVAML_nb_5403,0.49658421404673536
GILGFVFTL_668,0.6023357967267948
GLCTLVAML_nb_10270,0.2185737557948359
LLFGYPVYV_nb_11220,0.22681160175357146
FLYALALLL_nb_11743,0.6036103001658661
ELAGIGILTV_nb_2675,0.6665696362107781
ELAGIGILTV_nb_7307,0.6442652932730356
GILGFVFTL_3140,0.8979449864573423
GILGFVFTL_1617,0.9104334030350854
GLCTLVAML_nb_10614,0.7514471348233728
GILGFVFTL_nb_4701,0.5564754742082312
GILGFVFTL_802,0.9215446218124111
GLCTLVAML_nb_5255,0.35785176626385107
GILGFVFTL_1425,0.5127296163650978
GLCTLVAML_nb_10426,0.8267242090168707
GILGFVFTL_nb_1273,0.2568560068275899
FLYALALLL_nb_4381,0.7452592775555222
FLYALALLL_nb_3998,0.1941438914425247
LLFGYPVYV_nb_11012,0.2329084350747168
ELAGIGILTV_nb_2447,0.893521886703244
GILGFVFTL_nb_9822,0.7322633209117461
ELAGIGILTV_nb_7135,0.35686698769130354
ELAGIGILTV_1030,0.8867488888851053
LLDFVRFMGV_nb_8439,0.6578692407638236
GILGFVFTL_3372,0.8296534112713347
ELAGIGILTV_nb_2681,0.29479589319559824
LLDFVRFMGV_nb_518,0.8273113621238073
LLFGYPVYV_nb_1669,0.30796995915065095
GILGFVFTL_2066,0.9037194213691782
LLDFVRFMGV_nb_3217,0.849042584663176
GLCTLVAML_nb_1433,0.7379891547185989
FLYALALLL_nb_4147,0.2130068568055161
GLCTLVAML_nb_1601,0.5593383463626832
FLYALALLL_nb_4375,0.8556641595251482
GILGFVFTL_2254,0.6616295779300146
LLFGYPVYV_nb_10908,0.5595777973483531
LLDFVRFMGV_nb_3025,0.6238476555324791
GILGFVFTL_3386,0.42995802480325024
ELAGIGILTV_489,0.21388540133492445
GILGFVFTL_1889,0.9094315555510138
FLYALALLL_nb_744,0.8537552021977648
LLFGYPVYV_nb_11482,0.7399900224082212
LLFGYPVYV_nb_1803,0.6119309430076127
LLDFVRFMGV_nb_3441,0.8665355813674611
GILGFVFTL_2630,0.6287705803341681
ELAGIGILTV_nb_103,0.6791174271772119
GLCTLVAML_nb_6040,0.5326350301064633
LLDFVRFMGV_nb_3673,0.5243389823468606
ELAGIGILTV_1692,0.8521151673972728
GILGFVFTL_2402,0.9176539191638489
ELAGIGILTV_nb_331,0.5083339823390949
GILGFVFTL_nb_5071,0.6578854030684819
GILGFVFTL_1287,0.8398008756092317
FLYALALLL_nb_1051,0.8223817824251523
FLYALALLL_nb_4523,0.37820953049927336
GLCTLVAML_nb_10284,0.6429762213336907
LLFGYPVYV_nb_6814,0.7220184304344797
LLFGYPVYV_nb_6474,0.460548827045141
GLCTLVAML_nb_5897,0.6999830858677665
GILGFVFTL_2862,0.8963670859417634
LLFGYPVYV_nb_1651,0.6685476977635427
LLDFVRFMGV_nb_520,0.8463001940934326
FLYALALLL_nb_916,0.8097984929135673
FLYALALLL_nb_3954,0.2692192210895146
LLDFVRFMGV_nb_712,0.538977544844017
FLYALALLL_nb_8580,0.607958250548575
LLFGYPVYV_nb_10930,0.6603164311405267
LLFGYPVYV_nb_6646,0.8416050921226943
GLCTLVAML_nb_5299,0.7953957189537718
GLCTLVAML_nb_1639,0.822832755582658
LLDFVRFMGV_nb_376,0.7319484842065759
LLDFVRFMGV_nb_3479,0.7734581137551242
LLDFVRFMGV_nb_8091,0.7062632472519839
FLYALALLL_nb_9036,0.6235397120302277
LLFGYPVYV_nb_6222,0.8454845175093921
GILGFVFTL_nb_5049,0.5680945038295839
FLYALALLL_nb_1069,0.743185268475033
ELAGIGILTV_683,0.6488751678191451
GILGFVFTL_nb_9684,0.27721105071580915
FLYALALLL_nb_9204,0.3728311403967536
GILGFVFTL_62,0.9279370789945183
ELAGIGILTV_nb_309,0.6006876448216747
LLDFVRFMGV_nb_382,0.8483120713916819
FLYALALLL_nb_788,0.8843139718612152
GILGFVFTL_nb_9442,0.4883000139689226
LLDFVRFMGV_nb_8065,0.6641365116194212
ELAGIGILTV_nb_2827,0.8367685370883231
LLDFVRFMGV_nb_7811,0.7068231683482894
ELAGIGILTV_nb_7569,0.2153166952380619
GILGFVFTL_1079,0.743623118827974
GLCTLVAML_nb_5609,0.6115519719456235
GILGFVFTL_1845,0.8936795695906801
ELAGIGILTV_nb_12,0.3566503005719195
ELAGIGILTV_677,0.8290033980773188
GILGFVFTL_nb_4953,0.17721334406316236
GILGFVFTL_650,0.9276520871120679
GLCTLVAML_nb_10248,0.5578303130729638
ELAGIGILTV_nb_2229,0.7338600710432399
GILGFVFTL_nb_9670,0.7491951871404906
GILGFVFTL_96,0.9291737034977148
LLDFVRFMGV_nb_8257,0.7357800668404468
LLFGYPVYV_nb_6480,0.6730837221715844
GILGFVFTL_234,0.9279370789945183
GLCTLVAML_nb_5863,0.3022789350425846
LLFGYPVYV_nb_11218,0.8282461642150032
FLYALALLL_nb_8746,0.7710202121452819
GILGFVFTL_3178,0.8889974566524153
FLYALALLL_nb_8574,0.7124384915640976
GILGFVFTL_2298,0.13998834165205837
LLDFVRFMGV_nb_8401,0.15829813514836272
GILGFVFTL_nb_4739,0.23480288519948367
GLCTLVAML_1823,0.7321864399613713
LLDFVRFMGV_nb_3674,0.25043524565131536
ELAGIGILTV_nb_336,0.16562080951026031
GILGFVFTL_2405,0.9108995201875218
GILGFVFTL_nb_5076,0.6010099636035783
GILGFVFTL_1280,0.6417666434433831
FLYALALLL_nb_1056,0.8661072222185803
FLYALALLL_nb_4524,0.21041621893477125
LLFGYPVYV_nb_6813,0.5760448463171473
GILGFVFTL_nb_4998,0.7443171636441712
GLCTLVAML_nb_10283,0.21582654645638188
FLYALALLL_nb_743,0.8634171450753511
LLFGYPVYV_nb_11485,0.7402230695154728
GILGFVFTL_nb_9489,0.42101102080795194
LLDFVRFMGV_nb_3446,0.4171121310455809
FLYALALLL_nb_9009,0.2654959363771674
LLFGYPVYV_nb_1804,0.792288275515895
GLCTLVAML_nb_6047,0.39808288953510157
ELAGIGILTV_nb_104,0.6993452898423234
GILGFVFTL_2637,0.928812509757555
LLFGYPVYV_nb_6679,0.38508471949461087
FLYALALLL_nb_4372,0.7338357211032502
GLCTLVAML_nb_1606,0.8478639264137506
GILGFVFTL_2253,0.7842146454249836
LLDFVRFMGV_nb_3022,0.6473508272606713
ELAGIGILTV_nb_2686,0.8457932274147395
GILGFVFTL_2061,0.8735569601505022
FLYALALLL_nb_929,0.8537552021977648
LLDFVRFMGV_nb_3210,0.6478434971731932
FLYALALLL_nb_4140,0.620189677910814
GLCTLVAML_nb_1434,0.14648736007327867
GILGFVFTL_805,0.28511010763259365
GILGFVFTL_nb_4706,0.7039485545012991
GILGFVFTL_1422,0.8920000582934522
GLCTLVAML_nb_5252,0.5334093481198567
GLCTLVAML_nb_10421,0.5913059813152267
FLYALALLL_nb_4386,0.7291420628399037
GILGFVFTL_nb_1274,0.3171837004131119
LLFGYPVYV_nb_11015,0.6178273570904484
LLDFVRFMGV_nb_2938,0.4499888211682645
ELAGIGILTV_nb_2440,0.8473787737074128
GILGFVFTL_nb_9825,0.6726174049866747
ELAGIGILTV_nb_7132,0.7243617457491747
GILGFVFTL_3375,0.8653710092989904
FLYALALLL_nb_11744,0.5619189090041694
LLFGYPVYV_nb_11227,0.8499826750608337
ELAGIGILTV_nb_2672,0.6459492287083805
GILGFVFTL_2095,0.14004427694501842
ELAGIGILTV_nb_7300,0.2379053523255654
FLYALALLL_nb_8779,0.139259491916572
GILGFVFTL_1610,0.854083977949275
GLCTLVAML_nb_10613,0.5283779831195485
ELAGIGILTV_nb_2216,0.8010059997414517
LLDFVRFMGV_nb_3680,0.7353289525372831
LLDFVRFMGV_nb_8268,0.20401153347704679
GLCTLVAML_nb_5404,0.8381525772776495
GILGFVFTL_nb_5082,0.254702696001488
GILGFVFTL_1274,0.8619653752415856
GLCTLVAML_nb_10277,0.4995887966437587
GILGFVFTL_1046,0.905692381154939
GLCTLVAML_nb_5636,0.5815334954438558
GLCTLVAML_nb_1296,0.8585022403626112
GLCTLVAML_nb_10045,0.7954448316190015
ELAGIGILTV_nb_2024,0.524998911766048
LLFGYPVYV_nb_11471,0.44288681504135463
FLYALALLL_nb_8913,0.18957663361931426
ELAGIGILTV_nb_2818,0.708087853594481
ELAGIGILTV_nb_7556,0.6881236455580284
ELAGIGILTV_nb_7616,0.26261801903935006
GILGFVFTL_2583,0.8710680452143261
ELAGIGILTV_nb_2364,0.5002755250857118
GLCTLVAML_nb_10305,0.4634096045995847
GILGFVFTL_1306,0.8938759120210872
GLCTLVAML_nb_5576,0.5688509040423053
GILGFVFTL_1908,0.9254857648127702
FLYALALLL_nb_4690,0.49141656180818516
GLCTLVAML_nb_10137,0.7839716388650897
GLCTLVAML_nb_5744,0.4756319273415398
GILGFVFTL_1134,0.858192417942033
LLFGYPVYV_nb_1982,0.3904922312638388
LLDFVRFMGV_nb_8128,0.8285499773091367
ELAGIGILTV_nb_7424,0.2616173688772816
ELAGIGILTV_nb_2156,0.34018096292688155
FLYALALLL_nb_8861,0.5988566607077692
LLFGYPVYV_nb_11503,0.5435821692258515
GLCTLVAML_nb_10553,0.8650483147980892
GLCTLVAML_nb_5320,0.5247502236807667
GILGFVFTL_1550,0.9119928951764842
ELAGIGILTV_nb_7040,0.707743975701412
GILGFVFTL_nb_9957,0.7659325984014713
LLFGYPVYV_nb_10889,0.27563053833232254
GILGFVFTL_3207,0.7171108624543111
LLFGYPVYV_nb_11167,0.42476414432049237
ELAGIGILTV_nb_2532,0.5382119180635478
ELAGIGILTV_nb_7272,0.45227846798900556
GILGFVFTL_3035,0.21014542608499007
LLDFVRFMGV_nb_3396,0.6540563702239073
LLFGYPVYV_nb_11355,0.807974725761251
GILGFVFTL_nb_9359,0.5649051594800718
ELAGIGILTV_nb_2700,0.7675029004471032
LLDFVRFMGV_nb_499,0.20606300931711835
LLDFVRFMGV_nb_7736,0.7827376263820046
GLCTLVAML_nb_10761,0.29505753823074005
GILGFVFTL_379,0.8662597514506578
GILGFVFTL_nb_1134,0.2574922512907731
ELAGIGILTV_3420,0.8434251414658198
GILGFVFTL_1762,0.8908458313773362
FLYALALLL_nb_4200,0.16495227458058387
GILGFVFTL_983,0.9278584891665962
GILGFVFTL_2321,0.2333106865598591
LLDFVRFMGV_nb_3150,0.5070895243365275
LLFGYPVYV_nb_11193,0.4924443800505267
FLYALALLL_nb_3819,0.19793259670708938
ELAGIGILTV_nb_7286,0.8517064734060851
GILGFVFTL_2113,0.8667874509236728
LLDFVRFMGV_nb_3362,0.6948755879883882
FLYALALLL_nb_4032,0.6447529600821478
GLCTLVAML_nb_1546,0.5092556215267691
LLFGYPVYV_nb_6539,0.6433856710845383
LLDFVRFMGV_nb_3706,0.3423903389016441
ELAGIGILTV_nb_244,0.19869714213567785
GILGFVFTL_2577,0.8798649014153755
ELAGIGILTV_nb_2390,0.8508745732612506
FLYALALLL_nb_4456,0.6606906574835709
GILGFVFTL_nb_5104,0.673783438510667
GLCTLVAML_nb_5582,0.24023671305043828
FLYALALLL_nb_4664,0.7362107731919075
GLCTLVAML_nb_1310,0.7234414405540899
LLFGYPVYV_nb_1976,0.5564812414897973
LLDFVRFMGV_nb_3534,0.5131619818630675
GILGFVFTL_2745,0.890523109754745
FLYALALLL_nb_8895,0.6896090720829453
GILGFVFTL_346,0.9143599558275829
GLCTLVAML_nb_5911,0.5462263867088546
FLYALALLL_nb_8634,0.8495555150627043
FLYALALLL_nb_890,0.7327461595500794
GILGFVFTL_nb_9366,0.8559207168383575
GILGFVFTL_nb_9968,0.8045808234117062
GILGFVFTL_3238,0.8513144153316101
LLFGYPVYV_nb_11158,0.6226533564296147
ELAGIGILTV_nb_6991,0.3739969416065272
LLDFVRFMGV_nb_694,0.8365164266949126
LLDFVRFMGV_nb_7963,0.5373146272147726
LLDFVRFMGV_nb_8117,0.8412466193057556
ELAGIGILTV_nb_2169,0.5598160112235195
GILGFVFTL_nb_9530,0.7028571748487785
GILGFVFTL_1937,0.8712029904454588
GILGFVFTL_510,0.9278584891665962
GLCTLVAML_nb_10108,0.7160509111641155
FLYALALLL_19,0.6361617439301777
GILGFVFTL_nb_4821,0.7134684806400822
GILGFVFTL_1339,0.6584589433700094
GLCTLVAML_nb_5549,0.6738201458323033
LLFGYPVYV_nb_6196,0.6630737286297218
LLDFVRFMGV_nb_8325,0.48566455620355575
ELAGIGILTV_nb_7629,0.21100472453851424
GILGFVFTL_nb_9702,0.26627127998257666
GILGFVFTL_nb_11808,0.5636798264892635
LLFGYPVYV_nb_1949,0.7137351065284109
LLDFVRFMGV_nb_7997,0.5420707658345428
FLYALALLL_nb_9144,0.18387425394258516
GLCTLVAML_79,0.24282483960246937
LLFGYPVYV_nb_6350,0.305819617546259
FLYALALLL_nb_4469,0.6436117467329289
LLFGYPVYV_nb_6162,0.35716281201542177
LLDFVRFMGV_nb_3739,0.3197172589198435
GILGFVFTL_2548,0.6364791481246446
GLCTLVAML_nb_1579,0.6051737812456216
LLFGYPVYV_nb_6506,0.7857943107426375
FLYALALLL_nb_864,0.8224620345553844
GILGFVFTL_nb_9392,0.7500263431471758
GILGFVFTL_2910,0.5339974168666161
LLDFVRFMGV_nb_452,0.8185821874714727
LLFGYPVYV_nb_1723,0.59412639730832
LLFGYPVYV_nb_10842,0.4363931776494813
FLYALALLL_nb_3826,0.6904984582934283
ELAGIGILTV_nb_6965,0.21784345580981024
LLDFVRFMGV_nb_660,0.5797155257142631
GLCTLVAML_nb_10598,0.561259704933435
LLFGYPVYV_nb_6734,0.2166821481496085
LLDFVRFMGV_nb_11634,0.7019123117805276
GLCTLVAML_nb_1317,0.6309037367397174
FLYALALLL_nb_4663,0.18331745943986688
LLFGYPVYV_nb_6368,0.552340020755575
LLDFVRFMGV_nb_3533,0.6346011810847116
LLFGYPVYV_nb_1971,0.8483888591589953
GILGFVFTL_2742,0.9161431230711231
FLYALALLL_nb_8892,0.7072425366186739
LLDFVRFMGV_nb_3701,0.8261100831349906
GILGFVFTL_2570,0.8857257781998189
ELAGIGILTV_nb_243,0.8549469803058987
ELAGIGILTV_nb_2397,0.8356872950289734
FLYALALLL_nb_4451,0.7011790448655406
GLCTLVAML_nb_5585,0.7635144250329536
GILGFVFTL_nb_5103,0.8293747305431234
GILGFVFTL_2114,0.5146590053016249
ELAGIGILTV_nb_7281,0.18662785220105052
LLDFVRFMGV_nb_3365,0.7850305368612607
GILGFVFTL_2928,0.6693294192431006
GLCTLVAML_nb_10792,0.7545792737566612
GLCTLVAML_nb_1541,0.6630293756564013
FLYALALLL_nb_4035,0.3403901999251842
GILGFVFTL_1791,0.858192417942033
FLYALALLL_nb_4207,0.6515181352823163
GILGFVFTL_984,0.33332688215116757
GILGFVFTL_2326,0.43425497212957076
LLDFVRFMGV_nb_3157,0.7635451633277373
LLFGYPVYV_nb_11194,0.779493718194338
LLDFVRFMGV_nb_658,0.7618656484303286
ELAGIGILTV_nb_7275,0.2705029636479105
LLDFVRFMGV_nb_3391,0.7427630797421886
GILGFVFTL_3032,0.6655542828079755
LLFGYPVYV_nb_11352,0.21020526508797205
LLDFVRFMGV_nb_7731,0.2287306632530141
ELAGIGILTV_nb_2707,0.7748026081982442
GLCTLVAML_nb_10766,0.6926686145274694
GLCTLVAML_nb_5929,0.6090876331323549
GILGFVFTL_nb_1133,0.6381774833140978
ELAGIGILTV_359,0.8594195585049496
ELAGIGILTV_3427,0.8415564052818075
GILGFVFTL_1765,0.8389204254412941
GLCTLVAML_nb_10554,0.42823450061023605
GILGFVFTL_970,0.8795215316715823
GILGFVFTL_1557,0.18270277881412517
GLCTLVAML_nb_5327,0.3820639094776263
ELAGIGILTV_1142,0.8393461023064603
ELAGIGILTV_nb_7047,0.8697838917701102
GILGFVFTL_nb_9950,0.5963719171506215
GILGFVFTL_3200,0.9125732507803124
LLFGYPVYV_nb_11160,0.7696230139905431
ELAGIGILTV_nb_2535,0.7600061745620064
GILGFVFTL_528,0.9215505485324599
GLCTLVAML_nb_10130,0.7448801725866397
GLCTLVAML_nb_5743,0.4561762964325059
LLFGYPVYV_nb_1985,0.7193819372361638
FLYALALLL_nb_9188,0.6445207699555782
ELAGIGILTV_nb_7423,0.7410644340848047
ELAGIGILTV_nb_2151,0.47344253545259535
FLYALALLL_nb_8866,0.41622519825300497
LLFGYPVYV_nb_11504,0.4134536601683116
GILGFVFTL_nb_9508,0.7889434168029144
GILGFVFTL_2584,0.9345041437260106
ELAGIGILTV_nb_7611,0.7935348620122568
ELAGIGILTV_nb_2363,0.6122853045611991
GILGFVFTL_nb_4819,0.5921271061260406
GLCTLVAML_nb_10302,0.6814027277423168
GLCTLVAML_nb_5571,0.6884758966231799
GILGFVFTL_1301,0.9015683543898889
LLDFVRFMGV_nb_3168,0.6752443545387647
LLFGYPVYV_nb_10845,0.49865719335473235
FLYALALLL_nb_3821,0.8150969112560389
LLDFVRFMGV_nb_667,0.6639227959042204
ELAGIGILTV_nb_6962,0.48463823892534075
GILGFVFTL_187,0.6928627065689037
FLYALALLL_nb_4238,0.2399466341165461
LLFGYPVYV_nb_6733,0.7595712890552322
LLDFVRFMGV_nb_11633,0.7516382467978553
ELAGIGILTV_392,0.8044567760244904
LLFGYPVYV_nb_6501,0.4985863522661341
FLYALALLL_nb_863,0.6452384409424321
GILGFVFTL_2917,0.9218323577161006
GILGFVFTL_nb_9395,0.6735049498418666
LLFGYPVYV_nb_11399,0.719070654659473
LLFGYPVYV_nb_1724,0.7945000677092066
LLDFVRFMGV_nb_455,0.49048892620276097
LLFGYPVYV_nb_6165,0.6750971863805567
ELAGIGILTV_3088,0.8848631381522808
FLYALALLL_nb_9143,0.3239298849811168
LLDFVRFMGV_nb_7990,0.5604756317345618
GLCTLVAML_nb_1328,0.7293869256587346
GLCTLVAML_nb_5788,0.4885344783247941
LLFGYPVYV_nb_6357,0.8608912188084561
GILGFVFTL_nb_4826,0.12534238156860145
GILGFVFTL_725,0.8601977058364231
LLFGYPVYV_nb_6191,0.571613525391711
LLDFVRFMGV_nb_8322,0.4059856521848821
ELAGIGILTV_nb_288,0.6598375345482431
GILGFVFTL_nb_9705,0.21639750451281414
LLDFVRFMGV_nb_8110,0.8326621648074145
LLDFVRFMGV_nb_7964,0.638159295156581
GILGFVFTL_2789,0.653975979915309
FLYALALLL_nb_8859,0.6810768583588783
GILGFVFTL_nb_9537,0.8217652673008993
LLDFVRFMGV_600,0.7351802595095974
GILGFVFTL_1930,0.9144038756204624
ELAGIGILTV_nb_7078,0.8191858736661117
LLDFVRFMGV_nb_693,0.7412030818825165
ELAGIGILTV_nb_6996,0.8527913293891597
GILGFVFTL_173,0.933479302725271
GILGFVFTL_1568,0.9110418384186025
GLCTLVAML_nb_5318,0.5972645817867939
GLCTLVAML_nb_10759,0.6077344018189494
GILGFVFTL_341,0.6671418991946896
GLCTLVAML_nb_5916,0.8443248728779718
ELAGIGILTV_366,0.8495246798921489
ELAGIGILTV_3418,0.8342548172730595
FLYALALLL_nb_8633,0.5822668024794488
FLYALALLL_nb_897,0.4415752219637366
GILGFVFTL_nb_9361,0.7365727675958271
ELAGIGILTV_nb_2738,0.43766807024346877
GLCTLVAML_nb_1577,0.2948268275729362
FLYALALLL_nb_4003,0.7651400255816858
LLFGYPVYV_nb_6508,0.7710734838753893
LLDFVRFMGV_nb_3353,0.4586531681208392
GILGFVFTL_2122,0.9126434975348086
LLFGYPVYV_nb_11390,0.7247665309648679
LLDFVRFMGV_nb_3161,0.46971547146257436
GILGFVFTL_nb_9992,0.7541261491553111
ELAGIGILTV_nb_7085,0.19335390289129728
GILGFVFTL_2310,0.9058062146731883
FLYALALLL_nb_3828,0.8002124264334076
FLYALALLL_nb_4231,0.6899536034052476
GLCTLVAML_nb_10596,0.3121295894702363
FLYALALLL_3063,0.21406000323210023
GILGFVFTL_2774,0.920378560693676
LLDFVRFMGV_nb_3505,0.8226952291984226
LLFGYPVYV_nb_1947,0.8534185321421915
LLDFVRFMGV_nb_7999,0.6651462112724011
ELAGIGILTV_nb_2193,0.6489128237184818
GLCTLVAML_nb_1321,0.3331464060289053
FLYALALLL_nb_4655,0.6936415200143977
GLCTLVAML_nb_5781,0.6427250964206634
LLFGYPVYV_nb_6950,0.4876044902701803
FLYALALLL_nb_4467,0.40618412962880257
GILGFVFTL_nb_5135,0.6299582010070598
GILGFVFTL_2546,0.9104334030350854
ELAGIGILTV_nb_275,0.491043623223931
LLDFVRFMGV_nb_3737,0.7562166452052805
ELAGIGILTV_nb_7415,0.415699615989481
GILGFVFTL_2780,0.5160179370335615
LLDFVRFMGV_nb_8119,0.4366054927399101
LLFGYPVYV_nb_11532,0.6846105541139498
FLYALALLL_nb_8850,0.5033831996041376
ELAGIGILTV_nb_2167,0.7483254779377121
GLCTLVAML_nb_10106,0.3202274539409188
GILGFVFTL_1939,0.31928815150905293
GILGFVFTL_1105,0.5311607941106314
GLCTLVAML_nb_5775,0.6803946158659743
GLCTLVAML_nb_10334,0.6040213806615468
FLYALALLL_nb_4493,0.7900941497647082
LLFGYPVYV_nb_6198,0.6605939644004839
GLCTLVAML_nb_5547,0.3326641530706261
ELAGIGILTV_nb_281,0.1975708625290551
ELAGIGILTV_nb_7627,0.7250331028130053
GILGFVFTL_3460,0.8821443479691866
GILGFVFTL_nb_11806,0.6417611666748544
ELAGIGILTV_nb_2355,0.5883586721613581
GLCTLVAML_nb_1583,0.5970041653781466
GLCTLVAML_nb_10750,0.7641811058230474
GILGFVFTL_1753,0.42960774909382776
ELAGIGILTV_3411,0.5670298841831621
GILGFVFTL_3004,0.9218323577161006
ELAGIGILTV_nb_7243,0.7711033657571611
ELAGIGILTV_nb_2731,0.8189932878448157
LLFGYPVYV_nb_11364,0.4362850143268452
GILGFVFTL_nb_9368,0.45056869276340533
LLDFVRFMGV_nb_3195,0.6044339515342814
ELAGIGILTV_nb_7071,0.2958559214410432
GILGFVFTL_nb_9966,0.6881359866496618
ELAGIGILTV_nb_2503,0.7042608435635684
LLFGYPVYV_nb_11156,0.5896814835812844
GLCTLVAML_nb_10562,0.31254306055489167
ELAGIGILTV_nb_4,0.4863848635027278
GILGFVFTL_1561,0.8959902537088791
GLCTLVAML_nb_5311,0.739537935999943
LLDFVRFMGV_nb_3708,0.7367162798192625
FLYALALLL_nb_4458,0.6208934301093242
LLFGYPVYV_nb_6153,0.6249581866636935
LLFGYPVYV_nb_6361,0.5420618671600175
FLYALALLL_nb_9175,0.7055071793793481
LLFGYPVYV_nb_1978,0.6491947905383676
LLFGYPVYV_nb_6705,0.48064259660175906
LLFGYPVYV_nb_10873,0.4594888006860754
LLDFVRFMGV_nb_651,0.6704754113798119
FLYALALLL_nb_3817,0.8421249054912268
FLYALALLL_nb_855,0.8355363893949861
ELAGIGILTV_nb_7288,0.5767638340533684
LLFGYPVYV_nb_1712,0.2644720093084084
LLDFVRFMGV_nb_463,0.3583574821885879
GILGFVFTL_2921,0.336775553044959
GLCTLVAML_nb_1548,0.43367134372582605
GILGFVFTL_383,0.8825855935855917
GILGFVFTL_1798,0.7551595246581506
LLFGYPVYV_nb_6537,0.6830678025577863
ELAGIGILTV_162,0.36551486769916697
GILGFVFTL_145,0.9089563961532073
GILGFVFTL_979,0.8969749974982173
GILGFVFTL_3209,0.8771768590296494
LLFGYPVYV_nb_10887,0.300470252185142
LLFGYPVYV_nb_11955,0.2283920556501365
GILGFVFTL_nb_9959,0.801030155838215
LLFGYPVYV_nb_11169,0.7273886644896894
LLDFVRFMGV_nb_3398,0.6414420560448997
FLYALALLL_nb_8605,0.1746683857020548
LLDFVRFMGV_nb_7738,0.7863086188680495
LLDFVRFMGV_nb_497,0.6861805016134674
GILGFVFTL_nb_9357,0.39911644513425354
GLCTLVAML_nb_5920,0.17836864780499023
ELAGIGILTV_350,0.8063050413962176
ELAGIGILTV_nb_7618,0.4221819086298464
LLDFVRFMGV_3461,0.5772144489070233
LLDFVRFMGV_nb_8314,0.7619587693942736
GILGFVFTL_nb_9733,0.6620099798046511
GILGFVFTL_nb_4810,0.743755350920563
GILGFVFTL_713,0.8523055248339362
GLCTLVAML_nb_5578,0.32785609843711844
GILGFVFTL_1308,0.9218395156347376
GLCTLVAML_nb_10139,0.3777296762622193
GILGFVFTL_521,0.9008320522210159
GILGFVFTL_1906,0.8952483723560346
LLFGYPVYV_nb_6395,0.7411182979665928
FLYALALLL_28,0.6800816941784492
LLDFVRFMGV_nb_8126,0.5745005475482092
FLYALALLL_nb_9181,0.8098278880952318
LLDFVRFMGV_nb_7952,0.27975950278830025
GILGFVFTL_nb_9501,0.6232243458504865
ELAGIGILTV_nb_2158,0.25545288519050746
LLDFVRFMGV_nb_3192,0.7679468364687844
ELAGIGILTV_nb_7076,0.8614388101525916
GILGFVFTL_nb_9961,0.49510871273403273
ELAGIGILTV_nb_6998,0.8015607959488906
ELAGIGILTV_nb_2504,0.525154789530408
LLFGYPVYV_nb_11151,0.4285036560075389
GLCTLVAML_nb_10565,0.2191519505331858
GLCTLVAML_nb_5316,0.6156045687400974
GILGFVFTL_1566,0.8850760503583197
ELAGIGILTV_nb_3,0.6104958977122865
GILGFVFTL_941,0.8857213598872622
GLCTLVAML_nb_1584,0.7238222694518588
GLCTLVAML_nb_5918,0.7374239103113788
GLCTLVAML_nb_10757,0.19287137737433163
GILGFVFTL_1754,0.860380223773665
GILGFVFTL_3003,0.9083809344376202
FLYALALLL_nb_899,0.868342292956674
ELAGIGILTV_nb_7244,0.7164940661889454
ELAGIGILTV_nb_2736,0.22964740072785916
LLFGYPVYV_nb_11363,0.8048364721482932
GLCTLVAML_nb_10333,0.6985563553460696
GILGFVFTL_nb_4828,0.2516746207859705
FLYALALLL_nb_4494,0.7093924659837573
GILGFVFTL_1330,0.6413979994228431
GLCTLVAML_nb_5540,0.6991971685638104
ELAGIGILTV_nb_7620,0.8315972355982131
ELAGIGILTV_nb_286,0.8130897355279125
GILGFVFTL_nb_11801,0.26233038446764095
ELAGIGILTV_nb_2352,0.6055703529173062
GILGFVFTL_2787,0.6807180254283214
ELAGIGILTV_nb_7412,0.4334566431268122
LLFGYPVYV_nb_11535,0.6612827090009354
FLYALALLL_nb_8857,0.16696659884660575
GILGFVFTL_nb_9539,0.7098460504428299
ELAGIGILTV_nb_2160,0.8508745732612506
GLCTLVAML_2518,0.7598272605776542
GLCTLVAML_nb_10101,0.7567274428148882
GILGFVFTL_519,0.36573256791734704
GLCTLVAML_nb_5772,0.7384422843658451
GILGFVFTL_1102,0.8976888902128666
FLYALALLL_nb_4460,0.12300950175352489
GILGFVFTL_nb_5132,0.38853633176320934
ELAGIGILTV_nb_272,0.7143081642703504
GILGFVFTL_2541,0.9265128471373745
LLDFVRFMGV_nb_3730,0.18458538277965836
GILGFVFTL_2773,0.47478594155320697
LLFGYPVYV_nb_1940,0.8150850341633046
LLDFVRFMGV_nb_3502,0.6533111514218066
ELAGIGILTV_nb_2194,0.31385669240416225
FLYALALLL_nb_4652,0.7185084617577703
GLCTLVAML_nb_1326,0.8593444943604097
LLFGYPVYV_nb_6359,0.5918435175692578
GLCTLVAML_nb_5786,0.38206789978955275
LLDFVRFMGV_nb_3166,0.21836776712642342
GILGFVFTL_2317,0.9235064134538054
GILGFVFTL_nb_9995,0.1676161903306538
ELAGIGILTV_nb_7082,0.8017766628972745
LLDFVRFMGV_nb_669,0.7495639119883097
FLYALALLL_nb_4236,0.8083095521726268
GLCTLVAML_nb_10591,0.3202173251681422
GILGFVFTL_189,0.2690898316262431
GILGFVFTL_1592,0.9354727374949321
FLYALALLL_nb_4004,0.7233418194322496
GLCTLVAML_nb_1570,0.8165185280776562
LLDFVRFMGV_nb_3354,0.8332295796934578
GILGFVFTL_2125,0.19829672424468703
LLFGYPVYV_nb_11397,0.5641243930548447
GILGFVFTL_2919,0.5643304351228102
GILGFVFTL_1901,0.8619666736136624
LLFGYPVYV_nb_6392,0.7626229435905745
LLDFVRFMGV_nb_7955,0.6405398115173911
FLYALALLL_nb_9186,0.565982343579453
LLDFVRFMGV_nb_8121,0.561513104971816
FLYALALLL_nb_8868,0.7413582597583064
GILGFVFTL_nb_9506,0.1849208493377719
LLDFVRFMGV_nb_8313,0.27245133984380343
GILGFVFTL_nb_9734,0.6514123103157513
GILGFVFTL_714,0.867169665235222
GILGFVFTL_nb_4817,0.5122110952401647
FLYALALLL_nb_8602,0.7789404193148144
ELAGIGILTV_nb_2709,0.27824296628278133
LLDFVRFMGV_nb_490,0.3240349977669557
GILGFVFTL_nb_9350,0.19071743644198505
GLCTLVAML_nb_5927,0.37178578765859827
GILGFVFTL_370,0.9072563959958653
GLCTLVAML_nb_10768,0.6513912895024498
ELAGIGILTV_3429,0.723332501649496
ELAGIGILTV_165,0.8721234938445837
GLCTLVAML_nb_5329,0.8352671344002295
GILGFVFTL_1559,0.2346592470879374
LLFGYPVYV_nb_10880,0.31483079759443244
LLFGYPVYV_nb_11952,0.6869820491613987
ELAGIGILTV_nb_7049,0.1795810789951749
FLYALALLL_nb_852,0.18009327666462582
LLDFVRFMGV_nb_464,0.8755306265395284
LLFGYPVYV_nb_1715,0.5802895103302648
GILGFVFTL_2926,0.8783221244347291
GILGFVFTL_384,0.7914172051931962
LLFGYPVYV_nb_6530,0.5679106319121345
FLYALALLL_nb_4209,0.8311258125117722
LLDFVRFMGV_1593,0.6681135746641877
LLFGYPVYV_nb_6702,0.7584372080421811
LLFGYPVYV_nb_10874,0.7415513989330896
LLDFVRFMGV_nb_3159,0.7567858687736905
GILGFVFTL_2328,0.6765978953180285
LLDFVRFMGV_nb_656,0.6815789523518869
FLYALALLL_nb_3810,0.8465545918127758
GLCTLVAML_nb_1319,0.47906342861907386
LLFGYPVYV_nb_6366,0.6542044682131378
GLCTLVAML_nb_11824,0.3786129275228465
FLYALALLL_nb_9172,0.5257063665964627
ELAGIGILTV_nb_2399,0.5580632471277331
LLFGYPVYV_nb_6154,0.5307468412746206
GILGFVFTL_nb_4843,0.6042837075106314
GLCTLVAML_nb_10358,0.8502720518267811
ELAGIGILTV_767,0.8527835638450718
GILGFVFTL_nb_9760,0.2794764400484422
ELAGIGILTV_nb_2339,0.8301959357326646
LLDFVRFMGV_nb_8347,0.24456822890481456
GILGFVFTL_nb_9552,0.7959702705158942
ELAGIGILTV_nb_7479,0.20464920859294988
LLDFVRFMGV_nb_8175,0.2855522644212661
LLDFVRFMGV_nb_7901,0.7435348573092585
GILGFVFTL_1169,0.9103754342066752
GLCTLVAML_nb_11884,0.23925699670789713
GLCTLVAML_nb_5719,0.8570138830533787
ELAGIGILTV_1118,0.7771419157698334
LLFGYPVYV_nb_11906,0.7922369306439095
FLYALALLL_nb_8464,0.7463675665202898
GILGFVFTL_2388,0.4720685464900654
ELAGIGILTV_131,0.8889600361180485
LLFGYPVYV_nb_6590,0.5730494359435914
GLCTLVAML_nb_5973,0.516577074067079
GILGFVFTL_nb_1169,0.6862832140523968
ELAGIGILTV_303,0.8792156416656131
GILGFVFTL_2986,0.8588745517881788
GILGFVFTL_nb_9304,0.7743640674075385
LLFGYPVYV_nb_11308,0.45327906111054705
GILGFVFTL_3068,0.907839593700533
FLYALALLL_nb_8656,0.5714768524222757
LLDFVRFMGV_nb_602,0.8665355813674611
FLYALALLL_nb_3844,0.20612021227060132
LLFGYPVYV_nb_10820,0.20231242535954985
FLYALALLL_nb_8490,0.7478008752381802
LLDFVRFMGV_nb_11656,0.7045664511473426
GLCTLVAML_nb_5389,0.6244615575749887
LLFGYPVYV_nb_6756,0.6042152282934878
GLCTLVAML_3031,0.8643483109117773
LLFGYPVYV_nb_6564,0.556534441419874
GLCTLVAML_nb_5987,0.5820118240029291
GLCTLVAML_1554,0.598559565928745
LLFGYPVYV_nb_1741,0.23574625845322794
LLDFVRFMGV_nb_430,0.5999588867235635
FLYALALLL_nb_806,0.8585313718962172
LLFGYPVYV_nb_6100,0.6560278206558887
GILGFVFTL_nb_5159,0.12335885390380824
GILGFVFTL_nb_9794,0.7432880322375932
ELAGIGILTV_nb_219,0.7336226726447025
GILGFVFTL_2718,0.6916954022124284
LLDFVRFMGV_nb_3569,0.38842181354091465
LLDFVRFMGV_nb_8181,0.2794503381230693
FLYALALLL_nb_9126,0.5250424862723373
ELAGIGILTV_nb_11614,0.3340697074231199
LLFGYPVYV_nb_6332,0.3354306472337195
GLCTLVAML_nb_11870,0.487375749116912
GILGFVFTL_586,0.5751733456461964
FLYALALLL_nb_4639,0.8761380036839129
LLDFVRFMGV_nb_7754,0.7093148331519794
ELAGIGILTV_nb_2762,0.5703572478428188
LLFGYPVYV_nb_11337,0.7900692842206779
GILGFVFTL_3057,0.8850360710947336
ELAGIGILTV_nb_7210,0.7782861624483766
FLYALALLL_nb_8669,0.780423615618694
GILGFVFTL_1700,0.9266305827099613
ELAGIGILTV_3442,0.8492223848975095
GILGFVFTL_nb_1156,0.4582576289099741
GLCTLVAML_nb_10703,0.25830879995326617
GLCTLVAML_nb_5342,0.7057020994978617
FLYALALLL_nb_4296,0.7091470382456505
GLCTLVAML_nb_10531,0.27915627701041723
GILGFVFTL_129,0.9140882788028166
ELAGIGILTV_nb_2550,0.7759684458750844
LLFGYPVYV_nb_11105,0.25818602999577556
GILGFVFTL_3265,0.5673343050492372
ELAGIGILTV_nb_7022,0.26815214924279374
GILGFVFTL_nb_9935,0.6924113762070954
LLFGYPVYV_nb_11939,0.22538837562285893
GILGFVFTL_1156,0.9082042501867224
GLCTLVAML_nb_5726,0.2845736119117054
GLCTLVAML_nb_10155,0.8174969943917028
GLCTLVAML_nb_1386,0.46870399871003426
FLYALALLL_nb_8803,0.12030334095942799
ELAGIGILTV_nb_2134,0.24800612344816844
ELAGIGILTV_nb_7446,0.7788075079658844
ELAGIGILTV_nb_2908,0.7658027224767492
ELAGIGILTV_nb_2306,0.5694827975111436
ELAGIGILTV_nb_7674,0.6106223873025985
LLDFVRFMGV_nb_3790,0.2507401438003881
LLDFVRFMGV_nb_8378,0.6840120865750443
GLCTLVAML_nb_5514,0.49355438494502846
GILGFVFTL_1364,0.9210401902266518
GILGFVFTL_nb_5192,0.6569385857670411
GLCTLVAML_nb_10367,0.5562467690733449
FLYALALLL_nb_4606,0.7197733748145967
GLCTLVAML_nb_1372,0.8677130845660324
GILGFVFTL_nb_9599,0.6776322948584682
LLDFVRFMGV_nb_3556,0.7703645627344138
FLYALALLL_nb_9119,0.749945480717889
LLFGYPVYV_nb_1914,0.5399757926731529
ELAGIGILTV_nb_226,0.838666860322982
GILGFVFTL_2515,0.8991019911391256
ELAGIGILTV_nb_7680,0.16137141333533786
LLDFVRFMGV_nb_3764,0.6810916189726188
GILGFVFTL_1390,0.8681282015876014
GILGFVFTL_nb_5166,0.7340697427617768
LLFGYPVYV_nb_6903,0.7906738976534544
GILGFVFTL_nb_4888,0.7348423363555143
GLCTLVAML_nb_10393,0.6588190298513976
FLYALALLL_nb_4434,0.3327551654230895
ELAGIGILTV_nb_2796,0.8248124460990865
FLYALALLL_nb_839,0.5107028256069883
LLDFVRFMGV_nb_3300,0.470268882080474
FLYALALLL_nb_4050,0.8842991504882503
GLCTLVAML_nb_1524,0.6737427420991327
LLDFVRFMGV_nb_11669,0.3549208203241869
LLFGYPVYV_nb_6769,0.6783512549697379
FLYALALLL_nb_4262,0.6292203131473992
LLDFVRFMGV_nb_3132,0.7498151756820559
GILGFVFTL_2343,0.8724202033873059
FLYALALLL_nb_9121,0.4265053064505022
LLDFVRFMGV_nb_8186,0.24590034667872906
LLFGYPVYV_nb_6335,0.6324060338180215
ELAGIGILTV_nb_11613,0.44149305692119767
GLCTLVAML_nb_11877,0.4926418787001914
GLCTLVAML_nb_10199,0.7526576537536329
LLFGYPVYV_nb_6107,0.6092593082650286
GILGFVFTL_nb_9793,0.6416600712575438
LLFGYPVYV_nb_6563,0.8226395040788297
FLYALALLL_nb_4068,0.8293927992654386
GLCTLVAML_nb_5980,0.6817097380848083
LLDFVRFMGV_nb_437,0.7464214970798152
LLDFVRFMGV_nb_7798,0.28576887326869704
LLFGYPVYV_nb_1746,0.22194380698310132
FLYALALLL_nb_11698,0.7755429715926955
GILGFVFTL_2975,0.9271560862721745
LLDFVRFMGV_nb_3338,0.1869708923426526
FLYALALLL_nb_801,0.7252655637574323
LLDFVRFMGV_nb_605,0.746213599215936
FLYALALLL_nb_3843,0.7113335014674316
LLFGYPVYV_nb_10827,0.8321109360047733
FLYALALLL_nb_8497,0.3936835612361238
LLDFVRFMGV_nb_11651,0.8437168045603751
LLFGYPVYV_nb_6751,0.6469815592386267
GILGFVFTL_1738,0.9103407654331067
LLFGYPVYV_nb_6597,0.5798354758795985
GLCTLVAML_nb_5974,0.8319487795187752
GILGFVFTL_nb_9303,0.8464344884535597
ELAGIGILTV_nb_7228,0.6595906432476704
FLYALALLL_nb_8651,0.5930984580211104
GLCTLVAML_1795,0.752932003210991
ELAGIGILTV_nb_2568,0.5428004810327403
LLFGYPVYV_nb_11901,0.6439802959007764
GLCTLVAML_nb_10509,0.6555412505953458
GILGFVFTL_111,0.9283255278257632
GILGFVFTL_nb_9555,0.7301523470618424
LLFGYPVYV_nb_11559,0.5659891756734233
LLDFVRFMGV_nb_7906,0.567593361534472
LLDFVRFMGV_nb_8172,0.6214336048315834
GLCTLVAML_nb_11883,0.6081205719100152
GILGFVFTL_1952,0.8863455214359444
GILGFVFTL_nb_4844,0.2902907603879247
GILGFVFTL_nb_9767,0.41868086797880544
LLDFVRFMGV_nb_8340,0.6878931506321903
FLYALALLL_nb_4265,0.7296086741747655
LLFGYPVYV_nb_10818,0.6062072552635784
LLDFVRFMGV_nb_3135,0.8161527394818859
GILGFVFTL_3296,0.5450200310345669
GILGFVFTL_2344,0.4950923002971319
ELAGIGILTV_nb_2791,0.4320720273117866
LLDFVRFMGV_nb_408,0.7009792490640425
LLFGYPVYV_nb_1779,0.8226689976554633
LLDFVRFMGV_nb_3307,0.2402215449307145
GILGFVFTL_2176,0.9341863601432494
GLCTLVAML_nb_1523,0.3532653858392743
FLYALALLL_nb_4057,0.7841925765687304
ELAGIGILTV_nb_7687,0.6206677308720112
GILGFVFTL_2512,0.8984919060630325
ELAGIGILTV_nb_221,0.11678342104912023
LLDFVRFMGV_nb_3763,0.7805243742682588
LLFGYPVYV_nb_6138,0.2384021494943638
GILGFVFTL_1397,0.8991019911391256
GILGFVFTL_nb_5161,0.2712929666969035
GLCTLVAML_nb_10394,0.6408686177101337
LLFGYPVYV_nb_6904,0.7045347939284108
FLYALALLL_nb_4433,0.7684963972704334
GLCTLVAML_nb_11848,0.7191573122441282
GLCTLVAML_nb_1375,0.8277672834690044
GILGFVFTL_1999,0.9094612900691745
FLYALALLL_nb_4601,0.4162920897856639
GILGFVFTL_2720,0.7058094568534776
LLFGYPVYV_nb_1913,0.5333697062353973
LLDFVRFMGV_nb_3551,0.7049731539681476
GILGFVFTL_nb_9758,0.1987323326855293
ELAGIGILTV_nb_2301,0.5823039304951311
ELAGIGILTV_nb_7673,0.673077756034109
LLDFVRFMGV_nb_3797,0.8398539370170065
GILGFVFTL_1363,0.9355136723250456
GILGFVFTL_nb_5195,0.742546303661479
GLCTLVAML_nb_5513,0.36618488373915464
GLCTLVAML_nb_10360,0.24538642588552062
GLCTLVAML_nb_5721,0.8170821574828349
GILGFVFTL_1151,0.9026261939726697
GLCTLVAML_nb_10152,0.7102922121938677
GLCTLVAML_nb_1381,0.6159201748146157
FLYALALLL_nb_8804,0.22020757173515987
ELAGIGILTV_nb_2133,0.8122753004851224
ELAGIGILTV_nb_7441,0.21503297834456703
LLDFVRFMGV_nb_7939,0.60577168173102
GLCTLVAML_nb_5345,0.43461413262342974
FLYALALLL_nb_4291,0.6030585617296353
GLCTLVAML_nb_10536,0.2889688149651267
ELAGIGILTV_nb_2557,0.25235641895396504
LLFGYPVYV_nb_11102,0.604153667926428
FLYALALLL_nb_3888,0.3486550428064744
GILGFVFTL_3262,0.8844642616616392
ELAGIGILTV_nb_7025,0.650366744966212
GILGFVFTL_nb_9932,0.6478387016410523
ELAGIGILTV_nb_2765,0.7848918660277807
LLDFVRFMGV_nb_7753,0.7623035521482502
LLFGYPVYV_nb_11330,0.29117531710237077
GILGFVFTL_3050,0.9341863601432494
ELAGIGILTV_nb_7217,0.25204053778639424
GILGFVFTL_2182,0.3068314570714426
GILGFVFTL_1707,0.9218323577161006
GILGFVFTL_nb_1151,0.849099825545155
GLCTLVAML_nb_10704,0.8213692354342916
GILGFVFTL_2943,0.9103454637928834
ELAGIGILTV_nb_2798,0.7511591998402214
LLDFVRFMGV_nb_401,0.4701824697761524
GLCTLVAML_1565,0.17795991143699152
LLFGYPVYV_nb_1770,0.7356319266263082
FLYALALLL_nb_8693,0.6204817260055631
FLYALALLL_nb_837,0.7065598771942542
LLFGYPVYV_nb_6555,0.19221570625446316
LLFGYPVYV_nb_6767,0.6971661454681316
LLDFVRFMGV_nb_11667,0.5869550958082868
FLYALALLL_nb_3875,0.8207207189231657
LLDFVRFMGV_nb_633,0.46808426487491894
LLFGYPVYV_nb_10811,0.16649030368860046
GLCTLVAML_nb_11841,0.2798383438595095
LLFGYPVYV_nb_6303,0.8545859547067016
ELAGIGILTV_nb_11625,0.8133106058721633
GILGFVFTL_1990,0.8588745517881788
FLYALALLL_nb_4608,0.7977284205231602
GILGFVFTL_nb_9597,0.8401608794640752
FLYALALLL_nb_9117,0.46782535996310937
LLDFVRFMGV_nb_3558,0.22330851761527282
GILGFVFTL_2729,0.8445441523740875
LLDFVRFMGV_nb_8382,0.7984426752096865
ELAGIGILTV_nb_228,0.7229820257358501
GILGFVFTL_nb_5168,0.3720217369024038
LLFGYPVYV_nb_6131,0.5098835989805192
GILGFVFTL_nb_4886,0.4506348971275896
GLCTLVAML_nb_5728,0.36478098720431956
GILGFVFTL_1158,0.9374085724173175
GILGFVFTL_1964,0.6390681449501091
GLCTLVAML_nb_1388,0.8356768961494551
GILGFVFTL_543,0.9135973377349904
GILGFVFTL_nb_9563,0.7647636466229302
LLDFVRFMGV_nb_7930,0.743624281530393
ELAGIGILTV_nb_2906,0.7350538385154946
LLDFVRFMGV_nb_8144,0.8109475825535453
ELAGIGILTV_nb_7448,0.6934700563702664
ELAGIGILTV_nb_2308,0.6966151362264977
GILGFVFTL_nb_9751,0.6170329173131728
LLDFVRFMGV_nb_8376,0.18788846424331085
GLCTLVAML_nb_10369,0.14995272285260378
GILGFVFTL_771,0.9165063736445802
GILGFVFTL_nb_4872,0.5896769518893448
GILGFVFTL_nb_9335,0.8485285207259088
LLFGYPVYV_nb_11339,0.24385450858780752
LLFGYPVYV_nb_1784,0.10224053429515417
FLYALALLL_nb_8667,0.8569439081307205
GILGFVFTL_3059,0.9223728425431035
GILGFVFTL_nb_1158,0.769528321447478
GLCTLVAML_nb_5942,0.7321837802655986
LLFGYPVYV_nb_6793,0.5941972893554694
FLYALALLL_nb_4298,0.7442362815851691
FLYALALLL_nb_3881,0.8293927992654386
LLFGYPVYV_nb_11937,0.6472438359344139
GILGFVFTL_nb_5157,0.736124483226298
FLYALALLL_nb_4405,0.5908806400957773
LLFGYPVYV_nb_6932,0.42620946504088747
LLDFVRFMGV_nb_3755,0.8414089057043351
GILGFVFTL_2524,0.9254321499617447
ELAGIGILTV_nb_217,0.8551969700287899
LLFGYPVYV_nb_1925,0.6542044682131378
FLYALALLL_nb_9128,0.3325962735170359
LLDFVRFMGV_nb_3567,0.5425130954317667
GILGFVFTL_2716,0.8926461865189967
ELAGIGILTV_nb_7483,0.6564248196028687
GILGFVFTL_1193,0.9134394819291024
GLCTLVAML_nb_1343,0.727539917421644
FLYALALLL_nb_4637,0.6241461057181352
GLCTLVAML_nb_10190,0.13851017973308266
ELAGIGILTV_nb_2595,0.21876252829661424
GILGFVFTL_2372,0.6524874910753383
LLDFVRFMGV_nb_3103,0.5578571083562658
LLFGYPVYV_nb_6758,0.26022698417427087
GLCTLVAML_nb_5387,0.6270492216377127
LLDFVRFMGV_nb_11658,0.54808813958044
FLYALALLL_nb_4253,0.7522072369061452
ELAGIGILTV_3487,0.871987793901627
GLCTLVAML_nb_1515,0.7551312323200987
FLYALALLL_nb_4061,0.872205704562143
GLCTLVAML_nb_5989,0.6125894762535867
GILGFVFTL_nb_1193,0.3061145625885966
FLYALALLL_nb_11691,0.49468349211002693
LLDFVRFMGV_nb_7791,0.6938464421609803
GILGFVFTL_2140,0.8862831926381481
LLDFVRFMGV_nb_3331,0.5084934979452203
GILGFVFTL_3092,0.7242258988607798
FLYALALLL_nb_808,0.756204926107652
LLFGYPVYV_nb_11134,0.679327760469028
ELAGIGILTV_nb_2561,0.6610469885075764
GILGFVFTL_2386,0.6866151583261033
ELAGIGILTV_nb_7013,0.6866551295272159
GILGFVFTL_nb_9904,0.6711290093352844
LLFGYPVYV_nb_11908,0.7847195875923298
GILGFVFTL_3254,0.576659879269079
GILGFVFTL_924,0.8610671004465449
GLCTLVAML_nb_5373,0.21765167356674192
ELAGIGILTV_903,0.8388332008873999
GILGFVFTL_118,0.7632734838213062
GLCTLVAML_nb_10500,0.7175808516819239
GILGFVFTL_1731,0.5379877261810335
GLCTLVAML_nb_10732,0.6670893823746307
FLYALALLL_nb_4095,0.4588866174544037
GILGFVFTL_nb_1167,0.7176105086385904
LLFGYPVYV_nb_11306,0.3375626389921552
GILGFVFTL_2988,0.7254180277082324
ELAGIGILTV_nb_2753,0.6418484197031337
LLDFVRFMGV_nb_7765,0.21961655246996703
ELAGIGILTV_nb_7221,0.5463190789265819
FLYALALLL_nb_8658,0.8172490886477844
GILGFVFTL_3066,0.48013407303369976
GILGFVFTL_1355,0.8373717059721747
GLCTLVAML_nb_5525,0.3108840190330021
ELAGIGILTV_769,0.7647450895625134
GLCTLVAML_nb_10356,0.12340918758221259
ELAGIGILTV_nb_2337,0.329393653783079
LLDFVRFMGV_nb_8349,0.6800272291854528
GILGFVFTL_3402,0.3977148700740564
ELAGIGILTV_nb_7645,0.3633745626240017
ELAGIGILTV_nb_2105,0.6229723481605447
LLFGYPVYV_nb_11550,0.7799859143240871
FLYALALLL_nb_8832,0.8365289423388949
LLDFVRFMGV_nb_3593,0.8277971493134745
ELAGIGILTV_nb_7477,0.46327319003731027
GLCTLVAML_nb_5717,0.610048593319803
FLYALALLL_2543,0.8414301537517617
GLCTLVAML_nb_10164,0.5848159975566606
LLFGYPVYV_nb_6794,0.6074724164298145
GILGFVFTL_120,0.9046818219316761
GLCTLVAML_nb_10538,0.7681254117051233
FLYALALLL_nb_3886,0.3213686676397788
ELAGIGILTV_nb_2559,0.2962750138264873
LLFGYPVYV_nb_11930,0.28363452411895546
GILGFVFTL_nb_9332,0.8279358829332708
LLFGYPVYV_nb_1783,0.7036747140486855
GLCTLVAML_1596,0.6322325029979577
ELAGIGILTV_nb_7219,0.8026718267846527
FLYALALLL_nb_8660,0.27781831484964803
GILGFVFTL_1709,0.9109771484569151
GILGFVFTL_312,0.9154133405150621
GLCTLVAML_nb_5945,0.7772466666072764
LLDFVRFMGV_461,0.757265608835519
GILGFVFTL_nb_9756,0.2216659147549592
LLDFVRFMGV_nb_8371,0.7250785394187376
LLDFVRFMGV_nb_3799,0.49884114946314406
GILGFVFTL_nb_4875,0.794639040328842
GILGFVFTL_776,0.7328716572296042
GILGFVFTL_1963,0.8734353200006302
GILGFVFTL_544,0.5991569196482871
GLCTLVAML_2545,0.19168531645316944
GILGFVFTL_nb_9564,0.5383506813135105
LLDFVRFMGV_nb_8143,0.3958977057537214
ELAGIGILTV_nb_2901,0.7981696476641735
LLDFVRFMGV_nb_7937,0.2144951102259955
LLDFVRFMGV_nb_8385,0.3716274596947278
ELAGIGILTV_nb_7689,0.23688704249386625
GILGFVFTL_1399,0.7854820022722457
LLFGYPVYV_nb_6136,0.5953412753741261
GILGFVFTL_nb_4881,0.493522755266572
GLCTLVAML_nb_11846,0.4095824470808411
ELAGIGILTV_nb_11622,0.36730022268852036
LLFGYPVYV_nb_6304,0.668136854615762
GILGFVFTL_1997,0.7974720463865056
GILGFVFTL_nb_9590,0.42596283941904756
FLYALALLL_nb_9110,0.2462954674791023
LLFGYPVYV_nb_6760,0.594183620763302
LLDFVRFMGV_nb_11660,0.23520741363435632
FLYALALLL_nb_3872,0.682175745530592
LLDFVRFMGV_nb_634,0.8398072383463707
GILGFVFTL_3298,0.34504382034625247
LLFGYPVYV_nb_10816,0.8316009895702141
GILGFVFTL_2944,0.1844612043515839
LLFGYPVYV_nb_1777,0.7309222255678315
LLDFVRFMGV_nb_406,0.6231646916927878
GILGFVFTL_2178,0.6606159189356593
FLYALALLL_nb_8694,0.13353537136682014
FLYALALLL_nb_830,0.3218094109014766
LLDFVRFMGV_nb_3309,0.5368084783773512
LLFGYPVYV_nb_6552,0.5603048760112117
FLYALALLL_nb_4059,0.15621894356712174
ELAGIGILTV_nb_2102,0.39125530921608465
LLFGYPVYV_nb_11557,0.6610193543761183
FLYALALLL_nb_8835,0.7030287674753916
LLDFVRFMGV_nb_3594,0.2785114077998693
LLDFVRFMGV_nb_7908,0.2963998905138677
ELAGIGILTV_nb_7470,0.27616530333809697
GLCTLVAML_nb_5710,0.5872640400344534
GLCTLVAML_nb_10163,0.2586396337995477
GLCTLVAML_nb_5522,0.5442597933200878
GILGFVFTL_1352,0.8985560971117672
GLCTLVAML_nb_10351,0.7823467739892207
GILGFVFTL_749,0.9234193591355887
ELAGIGILTV_nb_2330,0.6066656780084873
GILGFVFTL_nb_9769,0.15391041148408321
ELAGIGILTV_nb_7642,0.3452884799513621
LLFGYPVYV_nb_6599,0.29369651402453456
GILGFVFTL_1736,0.8358119495519802
GLCTLVAML_nb_10735,0.7471745048485877
GILGFVFTL_nb_1160,0.3758971729815859
FLYALALLL_nb_4092,0.7166817743112978
LLFGYPVYV_nb_11301,0.5599145258237594
LLDFVRFMGV_nb_7762,0.4482263016501532
ELAGIGILTV_nb_2754,0.2525598210646384
ELAGIGILTV_nb_7226,0.22213098829129263
LLFGYPVYV_nb_11133,0.7398773172784321
ELAGIGILTV_nb_2566,0.5150650706178339
ELAGIGILTV_nb_7014,0.20557813796260158
GILGFVFTL_nb_9903,0.7983144855985684
ELAGIGILTV_1111,0.8650619067188521
GILGFVFTL_2381,0.6651779963189337
GILGFVFTL_3253,0.9127789265412065
GILGFVFTL_923,0.9319237602588517
GILGFVFTL_1504,0.7988493221354784
GLCTLVAML_nb_5374,0.5017330022113576
GLCTLVAML_nb_10507,0.7426601840312527
ELAGIGILTV_3480,0.8445679604562661
GILGFVFTL_nb_1194,0.6707315285277029
FLYALALLL_nb_4066,0.6285835512083489
GLCTLVAML_nb_1512,0.4920604281885328
FLYALALLL_nb_11696,0.820063555954126
LLDFVRFMGV_nb_7796,0.7066617585738841
LLFGYPVYV_nb_1748,0.8224184973094895
LLDFVRFMGV_nb_439,0.8405886505337052
GILGFVFTL_3095,0.8873562433893487
LLDFVRFMGV_nb_3336,0.435751320976946
ELAGIGILTV_nb_2592,0.20939650710942526
FLYALALLL_nb_8499,0.5948367994097081
GILGFVFTL_2375,0.8352220127380313
LLDFVRFMGV_nb_3104,0.6804240703224645
LLFGYPVYV_nb_10829,0.2603130337951371
GLCTLVAML_nb_5380,0.6305198713989955
FLYALALLL_nb_4254,0.8085949732715932
FLYALALLL_1335,0.7527473628438055
LLDFVRFMGV_nb_8188,0.6764353020839042
LLDFVRFMGV_nb_3560,0.8278242926412864
LLFGYPVYV_nb_1922,0.8706770113075614
ELAGIGILTV_nb_7484,0.5810683975975367
GILGFVFTL_2711,0.8935231966474357
GILGFVFTL_1194,0.8927271217423852
GLCTLVAML_nb_11879,0.23227496656823748
FLYALALLL_nb_4630,0.8598709607426256
GLCTLVAML_nb_1344,0.8744961839672382
GLCTLVAML_nb_10197,0.5873351590902173
GILGFVFTL_nb_5150,0.24273930591227366
LLFGYPVYV_nb_6109,0.7455732938710071
FLYALALLL_nb_4402,0.5144279431488907
LLFGYPVYV_nb_6935,0.52873580438086
LLDFVRFMGV_nb_3752,0.7068988404403868
ELAGIGILTV_nb_210,0.6805742780065055
GILGFVFTL_2523,0.3772799343218923
ELAGIGILTV_nb_2195,0.5704489606078749
GILGFVFTL_2772,0.908569635489494
LLDFVRFMGV_nb_3503,0.7892428962392515
LLFGYPVYV_nb_1941,0.6638942847771041
LLFGYPVYV_nb_6358,0.3988476898185804
GLCTLVAML_nb_5787,0.6412259436134372
FLYALALLL_nb_4653,0.3844554485284343
GLCTLVAML_nb_1327,0.3473719408719378
GILGFVFTL_nb_5133,0.4283700856707179
FLYALALLL_nb_4461,0.5649769136572758
ELAGIGILTV_nb_273,0.809198689635939
GILGFVFTL_2540,0.8884381386498752
LLDFVRFMGV_nb_3731,0.31194700314737117
FLYALALLL_2385,0.4905789783213582
FLYALALLL_nb_4005,0.27449723043894236
GLCTLVAML_nb_1571,0.6685058332271183
GILGFVFTL_2918,0.1886724907627642
LLFGYPVYV_nb_11396,0.2141560752757865
LLDFVRFMGV_nb_3355,0.5206228715953188
GILGFVFTL_2124,0.8863867713191802
LLDFVRFMGV_nb_668,0.7783909514920986
LLDFVRFMGV_nb_3167,0.29788798931398597
ELAGIGILTV_1186,0.8738612805082266
GILGFVFTL_nb_9994,0.6585134730238454
ELAGIGILTV_nb_7083,0.2542159782294693
GILGFVFTL_2316,0.9218323577161006
FLYALALLL_nb_4237,0.2939618729569551
GLCTLVAML_nb_10590,0.47346025545706477
GILGFVFTL_188,0.8616388240994098
GILGFVFTL_1755,0.7628937763268507
GLCTLVAML_nb_5919,0.6325171649181015
GLCTLVAML_nb_1585,0.5606725857390091
GLCTLVAML_nb_10756,0.637857365245165
ELAGIGILTV_nb_2737,0.8064098574062117
LLFGYPVYV_nb_11362,0.24371554350383426
FLYALALLL_nb_898,0.8500816660764293
GILGFVFTL_3002,0.3977148700740564
ELAGIGILTV_nb_7245,0.772683544808427
ELAGIGILTV_nb_2505,0.25107549294292186
ELAGIGILTV_nb_6999,0.6679224415477769
LLFGYPVYV_nb_11150,0.6730210307391042
GILGFVFTL_3230,0.8505212415013068
LLDFVRFMGV_nb_3193,0.7913182145254357
ELAGIGILTV_nb_7077,0.5384074168346186
GILGFVFTL_nb_9960,0.6534756281894458
GILGFVFTL_1567,0.9268818576009485
ELAGIGILTV_nb_2,0.3552013961645685
GLCTLVAML_nb_5317,0.4233766945357579
GILGFVFTL_940,0.8484346036739627
GLCTLVAML_nb_10564,0.8237894892887436
GILGFVFTL_nb_9538,0.6349755864274151
FLYALALLL_nb_8856,0.6851993895034445
LLFGYPVYV_nb_11534,0.6131793068714242
ELAGIGILTV_nb_2161,0.38260287334599297
ELAGIGILTV_nb_7413,0.38746680056185934
GILGFVFTL_2786,0.2657812287269475
GILGFVFTL_1103,0.6847871245168227
GLCTLVAML_nb_5773,0.7565132729190613
GLCTLVAML_nb_10100,0.7059640896640629
GLCTLVAML_nb_5541,0.7305456210309976
GILGFVFTL_1331,0.8840251674890788
GILGFVFTL_nb_4829,0.6597192763302432
GLCTLVAML_nb_10332,0.7782406970525648
FLYALALLL_nb_4495,0.7667779650862746
GILGFVFTL_nb_11800,0.6320116641984668
ELAGIGILTV_nb_2353,0.25360965777925
ELAGIGILTV_nb_287,0.850483407427547
ELAGIGILTV_nb_7621,0.7731303553425293
LLFGYPVYV_nb_6703,0.694450570124306
FLYALALLL_nb_4208,0.7902548391564868
LLDFVRFMGV_nb_657,0.41108932298132556
FLYALALLL_nb_3811,0.20778366390048503
LLFGYPVYV_nb_10875,0.36473855656073495
GILGFVFTL_2329,0.8314552883813321
LLFGYPVYV_nb_1714,0.2108567374296996
LLDFVRFMGV_nb_465,0.31256769125322287
GILGFVFTL_2927,0.41678240796277716
FLYALALLL_nb_853,0.6583743087165391
LLFGYPVYV_nb_6531,0.5818900807982385
ELAGIGILTV_nb_2398,0.33248193659461145
LLFGYPVYV_nb_6155,0.6728271403284672
LLFGYPVYV_nb_6367,0.8513244421574083
GLCTLVAML_nb_11825,0.43570541024905196
GLCTLVAML_nb_1318,0.5929259517207106
FLYALALLL_nb_9173,0.7287362727360084
GILGFVFTL_nb_9735,0.6251666022745963
LLDFVRFMGV_nb_8312,0.31003184489450497
GILGFVFTL_3459,0.8995375039871036
GILGFVFTL_nb_4816,0.49724077670900113
GILGFVFTL_715,0.9031640656563574
LLFGYPVYV_nb_6393,0.7544369220965207
GILGFVFTL_1900,0.4735697666259661
GILGFVFTL_nb_9507,0.18755314943605433
FLYALALLL_nb_8869,0.5346351962588777
LLDFVRFMGV_nb_8120,0.8427865216162969
LLDFVRFMGV_nb_7954,0.6740848525219552
FLYALALLL_nb_9187,0.6112444982187398
GILGFVFTL_1558,0.8485671161525572
GLCTLVAML_nb_5328,0.7276792015023306
LLDFVRFMGV_3231,0.5880176463884262
LLFGYPVYV_nb_10881,0.8429079657693967
ELAGIGILTV_nb_7048,0.7750817386319646
LLFGYPVYV_nb_11953,0.6901174295487176
LLDFVRFMGV_nb_491,0.7795433633795582
ELAGIGILTV_nb_2708,0.4545305167943753
GILGFVFTL_nb_9351,0.6708016143402847
FLYALALLL_nb_8603,0.4826279456748266
ELAGIGILTV_3428,0.8320808602716891
GLCTLVAML_nb_5926,0.17228738103313262
ELAGIGILTV_356,0.8829295132824837
GILGFVFTL_371,0.7550631013728075
GLCTLVAML_nb_10769,0.5765009137677506
LLFGYPVYV_nb_6199,0.4015904782947722
GILGFVFTL_1336,0.9208514194783415
GLCTLVAML_nb_5546,0.7012299122262735
GLCTLVAML_nb_10335,0.519923388032369
FLYALALLL_nb_4492,0.7890460424535551
GILGFVFTL_nb_11807,0.2039991082545231
ELAGIGILTV_nb_2354,0.7679207898664362
ELAGIGILTV_nb_7626,0.6539917358882421
ELAGIGILTV_nb_280,0.33808611096309316
GLCTLVAML_1995,0.8968422522776768
FLYALALLL_nb_8851,0.24523390741539275
LLFGYPVYV_nb_11533,0.8388984899859125
ELAGIGILTV_nb_2166,0.2628314718818411
GILGFVFTL_2781,0.9018126801361801
ELAGIGILTV_nb_7414,0.6736444457226618
LLDFVRFMGV_nb_8118,0.7542226800396135
GLCTLVAML_nb_5774,0.6842553116925814
GILGFVFTL_1104,0.8776497149759988
GLCTLVAML_nb_10107,0.650243759120869
GILGFVFTL_1938,0.8863842966226324
ELAGIGILTV_nb_2502,0.5401814156979119
LLFGYPVYV_nb_11157,0.38342572401482183
LLDFVRFMGV_nb_3194,0.6015287940122831
GILGFVFTL_3237,0.9354727374949321
ELAGIGILTV_nb_7070,0.810151672006933
GILGFVFTL_nb_9967,0.724577252432816
GLCTLVAML_nb_5310,0.5807450288724707
ELAGIGILTV_nb_5,0.850483407427547
GILGFVFTL_1560,0.5379987862051941
GLCTLVAML_2946,0.8549383830950263
GLCTLVAML_nb_10563,0.6369105039428606
GILGFVFTL_1752,0.8712029904454588
ELAGIGILTV_3410,0.7338748322266674
GLCTLVAML_nb_1582,0.7374456808290397
GILGFVFTL_349,0.5720622267850871
GLCTLVAML_nb_10751,0.47798923583924946
ELAGIGILTV_nb_2730,0.12743670594107154
GILGFVFTL_nb_9369,0.7386390423348057
LLFGYPVYV_nb_11365,0.7674267556526193
GILGFVFTL_3005,0.48021349213723574
ELAGIGILTV_nb_7242,0.6124696327944368
FLYALALLL_nb_3829,0.6293586507973882
LLDFVRFMGV_nb_3160,0.8632826719959049
GILGFVFTL_2311,0.2425404448702564
GILGFVFTL_nb_9993,0.8096870101462886
ELAGIGILTV_nb_7084,0.822401869567452
GILGFVFTL_1594,0.9043091784230874
FLYALALLL_nb_4230,0.85046413709793
GLCTLVAML_nb_10597,0.805150340746609
LLFGYPVYV_nb_6509,0.7544210442065741
GLCTLVAML_nb_1576,0.8411669468939227
FLYALALLL_nb_4002,0.78945849177306
LLFGYPVYV_nb_11391,0.7307723596226592
LLDFVRFMGV_nb_3352,0.6704586925906619
GILGFVFTL_2123,0.2105636460499876
GILGFVFTL_nb_5134,0.7330820496993751
LLFGYPVYV_nb_6951,0.6985306038231195
FLYALALLL_nb_4466,0.5218252659198634
GILGFVFTL_2547,0.916921009413832
ELAGIGILTV_nb_274,0.47549481516396713
LLDFVRFMGV_nb_3736,0.6731090667646404
ELAGIGILTV_49,0.8619748683527604
ELAGIGILTV_nb_2192,0.8626022783879478
GILGFVFTL_2775,0.7341233412667034
LLDFVRFMGV_nb_7998,0.26634223922469585
LLFGYPVYV_nb_1946,0.6096420290372614
LLDFVRFMGV_nb_3504,0.8274707646310873
GLCTLVAML_nb_5780,0.7976950460218781
GLCTLVAML_nb_1320,0.4778970502171427
FLYALALLL_nb_4654,0.6154004986313767
LLDFVRFMGV_nb_496,0.29347964374666535
LLDFVRFMGV_nb_7739,0.6739804549866364
GILGFVFTL_nb_9356,0.39785036114691946
LLDFVRFMGV_nb_3399,0.502498800599759
FLYALALLL_nb_8604,0.36895750390098814
GLCTLVAML_nb_5921,0.792021289662432
GILGFVFTL_376,0.2334242092758386
GILGFVFTL_978,0.8986033430961198
ELAGIGILTV_163,0.8237217651736745
ELAGIGILTV_1976,0.8348636153057791
LLFGYPVYV_nb_11168,0.6916458079688641
LLFGYPVYV_nb_10886,0.6531043440231026
LLDFVRFMGV_3236,0.7353740669792026
GILGFVFTL_nb_9958,0.4986173283203965
LLFGYPVYV_nb_11954,0.7904836140824937
LLFGYPVYV_nb_6394,0.21490287365703525
GLCTLVAML_nb_10138,0.6505686883245184
GILGFVFTL_520,0.6446001866819191
GILGFVFTL_1907,0.9327639608924062
GILGFVFTL_nb_9500,0.4137986172961387
ELAGIGILTV_nb_2159,0.6009753589060792
FLYALALLL_nb_9180,0.31743059065188806
LLDFVRFMGV_nb_7953,0.6510122606343287
LLDFVRFMGV_nb_8127,0.8173936959514065
GILGFVFTL_nb_9732,0.7340889906999423
ELAGIGILTV_nb_7619,0.3593396223756241
LLDFVRFMGV_nb_8315,0.7024134328121118
GILGFVFTL_1309,0.8744278492919022
GLCTLVAML_nb_5579,0.35270530996898436
GILGFVFTL_712,0.8752974621370198
GILGFVFTL_nb_4811,0.4399793825651121
LLFGYPVYV_nb_6360,0.6542044682131378
FLYALALLL_nb_9174,0.47055366174814395
LLFGYPVYV_nb_1979,0.775616434159693
LLDFVRFMGV_nb_3709,0.623903626641263
ELAGIGILTV_76,0.8800339020717629
LLFGYPVYV_nb_6152,0.6504740806139552
FLYALALLL_nb_4459,0.5622410546315257
LLDFVRFMGV_nb_462,0.4038507883273441
LLFGYPVYV_nb_1713,0.2260256095733842
GILGFVFTL_2920,0.8951660315352824
FLYALALLL_nb_854,0.6473077692889431
ELAGIGILTV_nb_7289,0.5705587245404398
GILGFVFTL_1799,0.8298347932512725
LLFGYPVYV_nb_6536,0.8133312611553232
GLCTLVAML_nb_1549,0.567596611962058
GLCTLVAML_3251,0.7107550346916804
GILGFVFTL_382,0.7873418240727069
LLFGYPVYV_nb_6704,0.7621681166135365
ELAGIGILTV_197,0.7066924269736431
ELAGIGILTV_nb_6955,0.7729107503035045
LLDFVRFMGV_nb_650,0.223016387369314
FLYALALLL_nb_3816,0.5661792428421
LLFGYPVYV_nb_10872,0.4029605932110432
GILGFVFTL_971,0.8848339889577927
GLCTLVAML_nb_5326,0.8064110499414523
GILGFVFTL_1556,0.8661579139190638
GLCTLVAML_nb_10555,0.5368041556581049
LLFGYPVYV_nb_11161,0.23090116087130808
ELAGIGILTV_nb_2534,0.2411894863246413
ELAGIGILTV_nb_7046,0.3671529569714954
GILGFVFTL_nb_9951,0.333324298954539
ELAGIGILTV_1143,0.8962360409842154
GILGFVFTL_3201,0.8839817948605309
LLFGYPVYV_nb_11353,0.6690681204239997
ELAGIGILTV_nb_2706,0.23094954779626603
LLDFVRFMGV_nb_7730,0.5390852670636792
ELAGIGILTV_nb_7274,0.20350227770549936
LLDFVRFMGV_nb_3390,0.7607067117165184
GILGFVFTL_3033,0.7319330966905317
ELAGIGILTV_3426,0.7064210916448526
FLYALALLL_2340,0.6400138016392388
GILGFVFTL_1764,0.9355136723250456
GLCTLVAML_nb_10767,0.6942839571671254
GLCTLVAML_nb_5928,0.6172489368009468
GILGFVFTL_nb_1132,0.6746015330209318
ELAGIGILTV_nb_2362,0.2006599744970343
ELAGIGILTV_nb_7610,0.22014492427457816
GILGFVFTL_2585,0.3512586304077633
GILGFVFTL_1300,0.9043415733898368
GLCTLVAML_nb_5570,0.7815137224439854
GLCTLVAML_nb_10303,0.39878052171358225
GILGFVFTL_nb_4818,0.8063061303135971
GLCTLVAML_nb_5742,0.6725094415798298
GILGFVFTL_1132,0.8542896843009127
GILGFVFTL_529,0.8602518419915639
GLCTLVAML_nb_10131,0.4898294447076946
ELAGIGILTV_nb_2150,0.7558472416957548
GILGFVFTL_nb_9509,0.6053386383896912
LLFGYPVYV_nb_11505,0.760267287925579
FLYALALLL_nb_8867,0.5426286364618523
LLFGYPVYV_nb_1984,0.2415033669019132
FLYALALLL_nb_9189,0.7550803640132602
ELAGIGILTV_nb_7422,0.5490291006785364
ELAGIGILTV_nb_2396,0.19775964621502945
LLDFVRFMGV_nb_3700,0.7712451990876092
GILGFVFTL_2571,0.8547842117392169
ELAGIGILTV_nb_242,0.3345439342115656
GILGFVFTL_nb_5102,0.40278327482819665
GLCTLVAML_nb_5584,0.6666745902378357
FLYALALLL_nb_4450,0.7649785207288158
LLFGYPVYV_nb_6369,0.5241662019182323
GLCTLVAML_nb_1316,0.6570674878304748
FLYALALLL_nb_4662,0.6193636407841809
FLYALALLL_nb_8893,0.7626652304054082
LLFGYPVYV_nb_1970,0.4784231105016657
LLDFVRFMGV_nb_3532,0.4701824697761524
GILGFVFTL_2743,0.8528562487297319
GILGFVFTL_985,0.909770648898071
FLYALALLL_nb_4206,0.6866953211280434
LLFGYPVYV_nb_11195,0.30176722256957716
LLDFVRFMGV_nb_659,0.8334526707812892
GILGFVFTL_2327,0.57640470601706
LLDFVRFMGV_nb_3156,0.20854005518399188
GILGFVFTL_2929,0.9015259363817629
ELAGIGILTV_nb_7280,0.6570193068451332
GILGFVFTL_2115,0.9289501927025572
LLDFVRFMGV_nb_3364,0.5233640054448822
GILGFVFTL_1790,0.737585065886706
GLCTLVAML_nb_10793,0.2762201418017767
GLCTLVAML_nb_1540,0.8512278633953994
FLYALALLL_nb_4034,0.857424923621835
GLCTLVAML_3258,0.2101353461984431
GILGFVFTL_nb_9536,0.7600019312007379
FLYALALLL_nb_8858,0.7940661137276788
LLDFVRFMGV_nb_7965,0.8003664226487186
LLDFVRFMGV_nb_8111,0.5876180388644565
GILGFVFTL_2788,0.20688332805409343
GILGFVFTL_1931,0.7433542675048856
GLCTLVAML_2517,0.6959017943715441
LLFGYPVYV_nb_6190,0.8546914984488003
ELAGIGILTV_2993,0.7680578243955627
GILGFVFTL_724,0.928016520632734
GILGFVFTL_nb_4827,0.786170780887673
GILGFVFTL_nb_9704,0.7882813836114584
LLDFVRFMGV_nb_8323,0.48603887735174195
ELAGIGILTV_nb_289,0.5981842565270638
ELAGIGILTV_3419,0.1847361080643398
GLCTLVAML_nb_10758,0.3720566497962658
GILGFVFTL_340,0.9067505124535739
GLCTLVAML_nb_5917,0.6459702604908313
GILGFVFTL_nb_9360,0.7137515055692549
ELAGIGILTV_nb_2739,0.16498715876664605
FLYALALLL_nb_8632,0.8215907836913305
FLYALALLL_nb_896,0.1303868931863942
ELAGIGILTV_nb_6997,0.2541310596489166
LLDFVRFMGV_nb_692,0.8983733509243408
ELAGIGILTV_nb_7079,0.7104399251421891
GLCTLVAML_nb_5319,0.4485779254602822
GILGFVFTL_1569,0.4331495266512773
LLFGYPVYV_nb_6500,0.7334765971264963
LLFGYPVYV_nb_11398,0.37970889771624705
GILGFVFTL_nb_9394,0.7363028090708057
GILGFVFTL_2916,0.8822231812615835
LLDFVRFMGV_nb_454,0.13581246556489546
LLFGYPVYV_nb_1725,0.6694664934285992
FLYALALLL_nb_862,0.3258696031740472
FLYALALLL_nb_3820,0.7519723649611043
ELAGIGILTV_nb_6963,0.7805059131412295
LLDFVRFMGV_nb_666,0.6698876236261855
LLFGYPVYV_nb_10844,0.799741705216373
LLDFVRFMGV_nb_3169,0.1397275504631612
LLFGYPVYV_nb_6732,0.5337848435657185
LLDFVRFMGV_nb_11632,0.7771040931719302
GILGFVFTL_186,0.4368457090686583
GLCTLVAML_3055,0.724982547516941
FLYALALLL_nb_4239,0.6972587615986411
FLYALALLL_nb_9142,0.8163517955948558
LLDFVRFMGV_nb_7991,0.7381080677695516
GLCTLVAML_nb_5789,0.3174659197912765
LLFGYPVYV_nb_6356,0.48649288528801576
GLCTLVAML_nb_1329,0.7787998002891626
LLFGYPVYV_nb_6164,0.6532298188449028
GILGFVFTL_2112,0.9120509081564829
ELAGIGILTV_nb_7287,0.8505733022116666
LLDFVRFMGV_nb_3363,0.8003346950963064
LLFGYPVYV_nb_6538,0.7356394886650676
GILGFVFTL_1797,0.8431455025781852
GLCTLVAML_nb_10794,0.6733568871505957
FLYALALLL_nb_4033,0.6094445130914854
GLCTLVAML_nb_1547,0.7437700695425316
ELAGIGILTV_2735,0.7576136588651549
FLYALALLL_nb_4201,0.7533637243836036
FLYALALLL_nb_3818,0.5506199894467426
LLFGYPVYV_nb_11192,0.7280528031232678
LLDFVRFMGV_nb_3151,0.6684088021882002
FLYALALLL_nb_4665,0.1322189811448626
GLCTLVAML_nb_1311,0.7128870559370699
FLYALALLL_nb_8894,0.7939038213178611
LLDFVRFMGV_nb_3535,0.6949277689216672
LLFGYPVYV_nb_1977,0.6880085258208164
GILGFVFTL_2744,0.5379987862051941
ELAGIGILTV_nb_2391,0.5333376040693264
LLDFVRFMGV_nb_3707,0.7075978595587092
ELAGIGILTV_nb_245,0.4434852649791639
GILGFVFTL_2576,0.8426233050238617
GLCTLVAML_nb_5583,0.701921141930433
GILGFVFTL_nb_5105,0.1888863823853189
FLYALALLL_nb_4457,0.8496775970438321
GILGFVFTL_1135,0.8969517333953837
GLCTLVAML_nb_5745,0.1992664549532292
FLYALALLL_nb_4691,0.5493657728496462
GILGFVFTL_1909,0.9381446380598221
GLCTLVAML_nb_10136,0.8252932296422231
ELAGIGILTV_nb_2157,0.7949405607005895
LLFGYPVYV_nb_11502,0.5212915838857601
FLYALALLL_nb_8860,0.7231209214650387
LLDFVRFMGV_nb_8129,0.15829813514836272
LLFGYPVYV_nb_1983,0.8416050921226943
ELAGIGILTV_nb_7425,0.5326009574253582
ELAGIGILTV_nb_2365,0.4553162375624793
GILGFVFTL_3450,0.8233942874720037
GILGFVFTL_2582,0.6725291547911408
ELAGIGILTV_nb_7617,0.2348509866816742
GLCTLVAML_nb_5577,0.3836848197107849
GILGFVFTL_1307,0.8836264720201972
GLCTLVAML_nb_10304,0.31748882894013414
GILGFVFTL_nb_9358,0.8898003652772942
LLFGYPVYV_nb_11354,0.8820060951533215
LLDFVRFMGV_nb_7737,0.8808341035253815
LLDFVRFMGV_nb_498,0.41783130533075635
ELAGIGILTV_nb_2701,0.804592218214117
ELAGIGILTV_nb_7273,0.7038765094473459
GILGFVFTL_3034,0.9062504562902565
LLDFVRFMGV_nb_3397,0.8208296434561118
ELAGIGILTV_3421,0.8574923376836703
GILGFVFTL_1763,0.27900493170352675
GLCTLVAML_nb_10760,0.15678931858605655
GILGFVFTL_nb_1135,0.2827067966349446
GILGFVFTL_976,0.9278429150090437
GILGFVFTL_1551,0.2871484437007199
GLCTLVAML_nb_5321,0.5953768181749078
GLCTLVAML_nb_10552,0.38588933586692253
LLFGYPVYV_nb_11166,0.19427842724651428
ELAGIGILTV_nb_2533,0.2774108241117183
ELAGIGILTV_nb_7041,0.37224383676401657
GILGFVFTL_nb_9956,0.40515788565730887
GILGFVFTL_3206,0.4633755608234943
LLFGYPVYV_nb_10888,0.8171944122664188
LLFGYPVYV_nb_6163,0.19013598556338812
FLYALALLL_nb_4468,0.5102787796848236
LLDFVRFMGV_nb_3738,0.6409910429563679
GILGFVFTL_2549,0.9285015387649334
LLDFVRFMGV_nb_7996,0.19389974391537873
LLFGYPVYV_nb_1948,0.6572786868847637
FLYALALLL_nb_9145,0.23723612763900556
LLFGYPVYV_nb_6351,0.38592674471210797
FLYALALLL_nb_3827,0.5910722051312528
LLDFVRFMGV_nb_661,0.6261110103793947
ELAGIGILTV_nb_6964,0.881025772926741
LLFGYPVYV_nb_10843,0.6514548141763873
LLFGYPVYV_nb_6735,0.5084683748577652
LLDFVRFMGV_nb_11635,0.25094281229781434
GLCTLVAML_nb_10599,0.1277170988944386
LLFGYPVYV_nb_6507,0.26612662111075075
GLCTLVAML_nb_1578,0.7845227393108635
GILGFVFTL_2911,0.9295800516983953
GILGFVFTL_nb_9393,0.684288679731946
LLFGYPVYV_nb_1722,0.6429650984101005
LLDFVRFMGV_nb_453,0.6600447804221982
FLYALALLL_nb_865,0.22119321085564353
LLFGYPVYV_nb_11159,0.8081847145016259
LLDFVRFMGV_nb_695,0.25076945022781516
ELAGIGILTV_nb_6990,0.4705812303711666
GILGFVFTL_nb_9969,0.7987158965709468
GILGFVFTL_3239,0.9043025023875045
GILGFVFTL_347,0.28345753558436076
GLCTLVAML_nb_5910,0.7615941708908591
GLCTLVAML_3294,0.6691341155381866
GILGFVFTL_nb_9367,0.6631339731967232
FLYALALLL_nb_8635,0.6874029050492071
FLYALALLL_nb_891,0.41621684501091566
GLCTLVAML_nb_5548,0.3532653858392743
GILGFVFTL_1338,0.8473148484261087
LLFGYPVYV_nb_6197,0.27811772361881426
ELAGIGILTV_2994,0.6064101434312308
GILGFVFTL_nb_4820,0.2167790941582251
GILGFVFTL_nb_11809,0.6405004418692708
GILGFVFTL_nb_9703,0.5244229958538467
LLDFVRFMGV_nb_8324,0.25798270516700417
ELAGIGILTV_nb_7628,0.2511305284211094
ELAGIGILTV_nb_2168,0.6137858986581759
GILGFVFTL_nb_9531,0.5507627023981556
LLDFVRFMGV_nb_8116,0.5892689166364797
LLDFVRFMGV_nb_7962,0.23714075353905223
GILGFVFTL_1936,0.9147018417626268
GILGFVFTL_511,0.9067105126910359
GLCTLVAML_nb_10109,0.24192683302833018
GLCTLVAML_nb_11847,0.3018238362179113
ELAGIGILTV_nb_11623,0.7528332361653276
LLFGYPVYV_nb_6305,0.586000131589643
FLYALALLL_nb_9111,0.24929599714915435
GILGFVFTL_nb_9591,0.6485264280645244
LLDFVRFMGV_nb_8384,0.6601654990375803
ELAGIGILTV_nb_7688,0.6403126115129555
GILGFVFTL_nb_4880,0.4285327655927264
GILGFVFTL_1398,0.8233701781816147
LLFGYPVYV_nb_6137,0.5347981568749698
FLYALALLL_nb_8695,0.7182479230001366
GILGFVFTL_2179,0.9055738946899756
LLDFVRFMGV_nb_3308,0.60037887093651
FLYALALLL_nb_831,0.550037176649318
GILGFVFTL_2945,0.9268818576009485
LLDFVRFMGV_nb_407,0.7474950570415795
LLFGYPVYV_nb_1776,0.8310094018022156
FLYALALLL_nb_4058,0.7477998875040668
LLFGYPVYV_nb_6553,0.44720195573199994
LLFGYPVYV_nb_6761,0.2703493454956639
LLDFVRFMGV_nb_11661,0.14316860667999803
LLFGYPVYV_nb_10817,0.4498816062849526
GILGFVFTL_3299,0.22242416018458377
FLYALALLL_nb_3873,0.6651925352812856
LLDFVRFMGV_nb_635,0.5965867622588525
FLYALALLL_nb_8661,0.8869171217797295
ELAGIGILTV_nb_7218,0.16134058534249868
GILGFVFTL_nb_9333,0.23579218588192014
LLFGYPVYV_nb_1782,0.2709187610453863
GILGFVFTL_313,0.7310387113350888
GLCTLVAML_nb_5944,0.6182368638642493
GILGFVFTL_1708,0.4072266420872155
GILGFVFTL_121,0.8830303691215151
GLCTLVAML_nb_10539,0.5679640364766418
LLFGYPVYV_nb_6795,0.8193356721566883
LLFGYPVYV_nb_11931,0.7686645012908004
FLYALALLL_nb_3887,0.7609162699205975
ELAGIGILTV_nb_2558,0.8379226392380248
GILGFVFTL_1962,0.6612200383314251
LLDFVRFMGV_nb_7936,0.42992225804701323
LLDFVRFMGV_nb_8142,0.6733890600540211
ELAGIGILTV_nb_2900,0.6008469642788948
GILGFVFTL_nb_9565,0.34085923817826747
LLDFVRFMGV_nb_3798,0.5488357908725512
LLDFVRFMGV_nb_8370,0.47232722574809877
GILGFVFTL_nb_9757,0.7541061011803472
LLDFVRFMGV_460,0.738457678768543
GILGFVFTL_777,0.9023776577416571
GILGFVFTL_nb_4874,0.619964367772182
ELAGIGILTV_7,0.8043824929516714
FLYALALLL_nb_8498,0.2821892083578111
LLFGYPVYV_nb_10828,0.22748859623652717
LLDFVRFMGV_nb_3105,0.502498800599759
ELAGIGILTV_nb_2593,0.5318911278434463
FLYALALLL_nb_4255,0.49479847569556157
GLCTLVAML_nb_5381,0.8064110499414523
FLYALALLL_nb_4067,0.7081018427317736
GLCTLVAML_nb_1513,0.22786128594659982
GILGFVFTL_nb_1195,0.38381462298477687
GILGFVFTL_3094,0.6023371814110154
LLDFVRFMGV_nb_3337,0.5229625336396645
FLYALALLL_nb_11697,0.25536516323201774
LLDFVRFMGV_nb_438,0.12371985777550815
LLFGYPVYV_nb_1749,0.7780233911324648
LLDFVRFMGV_nb_7797,0.527659008272698
FLYALALLL_nb_4403,0.22385868476258472
LLFGYPVYV_nb_6934,0.8331261588972789
GILGFVFTL_nb_5151,0.8269988089835367
ELAGIGILTV_2137,0.869222236575004
LLFGYPVYV_nb_6108,0.6589299481033175
LLDFVRFMGV_nb_3753,0.6990581210143613
ELAGIGILTV_nb_211,0.3480150219458068
GILGFVFTL_2522,0.919397414312713
LLFGYPVYV_nb_1923,0.6542044682131378
FLYALALLL_1334,0.8414301537517617
LLDFVRFMGV_nb_3561,0.42710981476374377
LLDFVRFMGV_nb_8189,0.7700261953224667
GILGFVFTL_2710,0.9006359491552935
ELAGIGILTV_nb_7485,0.8338108689722605
FLYALALLL_nb_4631,0.5413629914347472
GLCTLVAML_nb_1345,0.3967208588942731
GLCTLVAML_nb_10196,0.7331940221778734
GLCTLVAML_nb_11878,0.4389511282119803
GILGFVFTL_1195,0.8666191315066264
GLCTLVAML_nb_10350,0.24825621130868541
GLCTLVAML_nb_5523,0.7630471703463704
ELAGIGILTV_nb_7643,0.522319524138472
ELAGIGILTV_nb_2331,0.4852959641362135
GILGFVFTL_nb_9768,0.71889383681393
LLDFVRFMGV_nb_7909,0.6399399644113328
LLDFVRFMGV_nb_3595,0.6028586641420994
ELAGIGILTV_nb_7471,0.7154975645753964
ELAGIGILTV_nb_2103,0.6021675984918488
FLYALALLL_nb_8834,0.5011180708509194
LLFGYPVYV_nb_11556,0.6814730851377975
GLCTLVAML_nb_10162,0.7419621132812286
GLCTLVAML_nb_5711,0.7905374612754058
GILGFVFTL_1161,0.873688782918207
GILGFVFTL_2380,0.8285916794106396
ELAGIGILTV_nb_7015,0.8205943653026151
GILGFVFTL_nb_9902,0.18892763526455536
LLFGYPVYV_nb_11132,0.22146177511456305
ELAGIGILTV_nb_2567,0.8657514173277903
GLCTLVAML_nb_10506,0.3504854455483648
GILGFVFTL_922,0.83858509507107
GLCTLVAML_nb_5375,0.5929404270703561
GILGFVFTL_1505,0.8640118827438363
GLCTLVAML_nb_10734,0.8795141019053062
FLYALALLL_nb_4093,0.5251708115806377
GILGFVFTL_nb_1161,0.7549177590732681
ELAGIGILTV_3475,0.8635082250692742
LLFGYPVYV_nb_6598,0.5703967666372466
GILGFVFTL_1737,0.6963595544623419
ELAGIGILTV_nb_7227,0.2739537458526581
GILGFVFTL_3060,0.9000750006976558
LLFGYPVYV_nb_11300,0.7645012297553795
ELAGIGILTV_nb_2755,0.3116084539412576
LLDFVRFMGV_nb_7763,0.6054733041572617
LLDFVRFMGV_nb_8377,0.4023231030867292
ELAGIGILTV_nb_2309,0.6628923447159669
GILGFVFTL_nb_9750,0.6133066219825867
GILGFVFTL_nb_4873,0.6920279248247933
GLCTLVAML_nb_10368,0.1945974957981917
GILGFVFTL_1965,0.9343461592497784
GLCTLVAML_nb_1389,0.6741536736188718
GILGFVFTL_542,0.8831525400365571
GLCTLVAML_nb_5729,0.24730608386290417
ELAGIGILTV_nb_2907,0.8454360572470361
LLDFVRFMGV_nb_8145,0.5494551746502692
LLDFVRFMGV_nb_7931,0.4513321257761529
ELAGIGILTV_nb_7449,0.7972128349636152
GILGFVFTL_nb_9562,0.5829844424866248
GILGFVFTL_126,0.6876699324905016
FLYALALLL_nb_4299,0.6056377332290692
LLFGYPVYV_nb_6792,0.17244183042568792
LLFGYPVYV_nb_11936,0.43680213654369415
FLYALALLL_nb_3880,0.8651734388236797
FLYALALLL_nb_8666,0.3184717104222312
GILGFVFTL_3058,0.4637803516403913
LLFGYPVYV_nb_11338,0.8488277533879326
GILGFVFTL_nb_9334,0.7947621159032101
LLFGYPVYV_nb_1785,0.6238792688029489
GLCTLVAML_2315,0.3952055765157504
GILGFVFTL_314,0.9218323577161006
GILGFVFTL_nb_1159,0.7272323924643624
GLCTLVAML_nb_5943,0.8584338776194793
LLFGYPVYV_nb_6766,0.7012125245769877
LLDFVRFMGV_nb_11666,0.7976891997193569
LLFGYPVYV_nb_10810,0.8058906963466947
FLYALALLL_nb_3874,0.5896899106960027
LLDFVRFMGV_nb_632,0.13602667450188916
FLYALALLL_nb_8692,0.42000916456089266
FLYALALLL_nb_836,0.7796459704154266
GILGFVFTL_2942,0.18270277881412517
LLFGYPVYV_nb_1771,0.5004886876704446
GLCTLVAML_1564,0.6276624740099452
LLDFVRFMGV_nb_400,0.7773414303972794
ELAGIGILTV_nb_2799,0.7257531741230463
LLFGYPVYV_nb_6554,0.7282093277298669
LLDFVRFMGV_nb_8383,0.29485352226010486
ELAGIGILTV_nb_229,0.8641103213884411
GILGFVFTL_nb_4887,0.7516954796698997
GILGFVFTL_nb_5169,0.41348097762201647
LLFGYPVYV_nb_6130,0.71660983027086
FLYALALLL_nb_4609,0.8515656180032128
GILGFVFTL_1991,0.8580684377579588
ELAGIGILTV_591,0.8508372460093163
GLCTLVAML_nb_11840,0.8581172602693972
LLFGYPVYV_nb_6302,0.7167370429819009
ELAGIGILTV_nb_11624,0.39458916901587354
LLDFVRFMGV_nb_3559,0.22492074114312138
FLYALALLL_nb_9116,0.752790879911122
GILGFVFTL_2728,0.9111192377304713
GILGFVFTL_nb_9596,0.7165424782166193
GLCTLVAML_nb_10733,0.3647277452765346
GILGFVFTL_nb_1166,0.7054877003291419
FLYALALLL_nb_4094,0.612408203863358
FLYALALLL_nb_8659,0.5100577164936554
ELAGIGILTV_nb_7220,0.6225169277438803
GILGFVFTL_3067,0.9301404615066506
GILGFVFTL_2989,0.9185197043815926
LLFGYPVYV_nb_11307,0.29946901312573165
LLDFVRFMGV_nb_7764,0.5297341621312035
ELAGIGILTV_nb_2752,0.26721040024731335
LLFGYPVYV_nb_11909,0.40233533338631283
ELAGIGILTV_1117,0.8523744275246781
ELAGIGILTV_nb_7012,0.744769642137906
GILGFVFTL_nb_9905,0.6708840171810436
GILGFVFTL_2387,0.8412844989220478
GILGFVFTL_3255,0.4416464812938196
LLFGYPVYV_nb_11135,0.22282800313739415
ELAGIGILTV_nb_2560,0.6739895153591389
GILGFVFTL_119,0.8914149106654055
GLCTLVAML_nb_10501,0.31529890574699404
GLCTLVAML_878,0.8698908957394521
GILGFVFTL_925,0.9218323577161006
ELAGIGILTV_902,0.8240899835328492
GILGFVFTL_1502,0.9006414630579878
GLCTLVAML_nb_5372,0.4556804610137186
LLDFVRFMGV_nb_3592,0.4017729572348198
ELAGIGILTV_nb_7476,0.5612359442266756
ELAGIGILTV_nb_2104,0.8572735607172857
FLYALALLL_nb_8833,0.6989745683401134
LLFGYPVYV_nb_11551,0.6033451606117124
GLCTLVAML_nb_10165,0.7114936526113815
GLCTLVAML_nb_5716,0.8803027930878804
GLCTLVAML_nb_10357,0.22944077075521346
GLCTLVAML_nb_5524,0.7084424621469579
GILGFVFTL_1354,0.9214591509593874
LLDFVRFMGV_nb_8348,0.6635214776168079
GILGFVFTL_3403,0.931667940907911
ELAGIGILTV_nb_7644,0.8270714426860183
ELAGIGILTV_nb_2336,0.6450460399235034
LLDFVRFMGV_nb_3566,0.2899076056955242
LLFGYPVYV_nb_1924,0.7918833569455853
FLYALALLL_nb_9129,0.5928306248772455
ELAGIGILTV_nb_7482,0.20136202635458178
GLCTLVAML_nb_1342,0.6929048145146641
FLYALALLL_nb_4636,0.7265321198840962
GLCTLVAML_nb_10191,0.3364926065567205
FLYALALLL_nb_4404,0.6900563646511514
LLFGYPVYV_nb_6933,0.6833327088139965
GILGFVFTL_nb_5156,0.4976782695689305
LLDFVRFMGV_nb_3754,0.6639208113277043
GILGFVFTL_2525,0.9198503326630704
ELAGIGILTV_nb_216,0.8598526982432104
GLCTLVAML_nb_5988,0.32461694125635226
GILGFVFTL_nb_1192,0.4625622620725408
GLCTLVAML_nb_1514,0.6524827507599155
FLYALALLL_nb_4060,0.5456814811640505
ELAGIGILTV_3486,0.8832451656780167
GILGFVFTL_2141,0.7122689431560422
FLYALALLL_nb_809,0.8537552021977648
LLDFVRFMGV_nb_3330,0.6485700701071049
GILGFVFTL_3093,0.904444131853801
LLDFVRFMGV_nb_7790,0.8000173643594601
GILGFVFTL_2373,0.861749726582905
LLDFVRFMGV_nb_3102,0.5449167332864366
ELAGIGILTV_nb_2594,0.850483407427547
FLYALALLL_nb_4252,0.48644997020520325
LLFGYPVYV_nb_6759,0.628753010894368
LLDFVRFMGV_nb_11659,0.4631885862356476
GLCTLVAML_nb_5386,0.7046930209482437
LLFGYPVYV_nb_11900,0.8129904919401056
ELAGIGILTV_nb_2569,0.8059540242260782
GLCTLVAML_nb_10508,0.18921781298762735
GLCTLVAML_nb_5975,0.7509550800033402
ELAGIGILTV_305,0.7978649135847281
GLCTLVAML_2323,0.7115314700239628
GILGFVFTL_1739,0.6386858919084195
LLFGYPVYV_nb_6596,0.7869994747159227
FLYALALLL_nb_8650,0.31472517483835577
ELAGIGILTV_nb_7229,0.47046109735219244
GILGFVFTL_2980,0.5345119291257241
GILGFVFTL_nb_9302,0.7444663290015288
GILGFVFTL_nb_4845,0.7910516655846511
LLDFVRFMGV_nb_8341,0.6795423904930421
GILGFVFTL_nb_9766,0.6859296459747857
LLDFVRFMGV_nb_8173,0.6657664955938863
LLDFVRFMGV_nb_7907,0.18320515272468746
LLFGYPVYV_nb_11558,0.46175711067345093
GILGFVFTL_nb_9554,0.6941741947859223
GILGFVFTL_574,0.9192845281614103
GILGFVFTL_1953,0.9266305827099613
GLCTLVAML_nb_11882,0.24358368273422626
ELAGIGILTV_2905,0.8734706166083738
LLFGYPVYV_nb_6106,0.8622828712082833
GILGFVFTL_nb_9792,0.26168582623696224
LLDFVRFMGV_nb_8187,0.6941312732131205
FLYALALLL_nb_9120,0.5872006833292336
GLCTLVAML_nb_10198,0.7177841199389134
GILGFVFTL_580,0.6524949270435707
LLFGYPVYV_nb_6334,0.6186900192140276
ELAGIGILTV_nb_11612,0.673548767070925
GLCTLVAML_nb_11876,0.5776035498384112
LLFGYPVYV_nb_10826,0.2883742692772102
FLYALALLL_nb_8496,0.7329211714018704
LLDFVRFMGV_nb_604,0.6890411316985827
FLYALALLL_nb_3842,0.868576191043815
LLDFVRFMGV_nb_11650,0.2436945272775433
LLFGYPVYV_nb_6750,0.7147680033260138
GLCTLVAML_nb_5981,0.738328822982415
GLCTLVAML_3205,0.8327442426089536
FLYALALLL_nb_4069,0.5116457097832785
LLFGYPVYV_nb_6562,0.6486963834368888
FLYALALLL_nb_800,0.8446467512052185
LLDFVRFMGV_nb_3339,0.581471617972863
LLFGYPVYV_nb_1747,0.710654158718615
LLDFVRFMGV_nb_7799,0.4990816381168227
LLDFVRFMGV_nb_436,0.8294391045008344
GILGFVFTL_2974,0.8716772762725455
FLYALALLL_nb_11699,0.345600696528405
GLCTLVAML_nb_10153,0.30005713540867807
GLCTLVAML_nb_1380,0.8019599482071631
GILGFVFTL_1150,0.8511594763688939
GLCTLVAML_nb_5720,0.6887314965751594
ELAGIGILTV_nb_7440,0.2655681625653082
LLDFVRFMGV_nb_7938,0.575601640502813
FLYALALLL_nb_8805,0.8055714459850825
ELAGIGILTV_nb_2132,0.7618087065446344
ELAGIGILTV_nb_7672,0.7400456230043948
LLDFVRFMGV_nb_3796,0.7050056681372466
GILGFVFTL_3435,0.8903598179421798
GILGFVFTL_nb_9759,0.5590670807040571
ELAGIGILTV_nb_2300,0.2855880988121303
GILGFVFTL_779,0.9292288882530875
GLCTLVAML_nb_10361,0.6062561738422583
GLCTLVAML_nb_5512,0.4694622891270418
GILGFVFTL_nb_5194,0.7507304381674712
GILGFVFTL_1362,0.8886449349150172
GILGFVFTL_3051,0.8673062251530281
GILGFVFTL_2183,0.8748975427230252
ELAGIGILTV_nb_7216,0.6757757553632383
GLCTLVAML_1599,0.2238217266502989
LLDFVRFMGV_nb_7752,0.2165605171224529
ELAGIGILTV_nb_2764,0.8677319545038181
LLFGYPVYV_nb_11331,0.6664523336247933
GILGFVFTL_nb_1150,0.8733291114617528
GLCTLVAML_nb_10705,0.29864136612916636
GILGFVFTL_1706,0.4950923002971319
ELAGIGILTV_3444,0.8777851788159208
FLYALALLL_nb_4290,0.8279485140720666
GLCTLVAML_nb_10537,0.671103833486612
GILGFVFTL_1534,0.854594415727943
GLCTLVAML_nb_5344,0.7445978260150905
GILGFVFTL_3263,0.5426141096277957
ELAGIGILTV_nb_7024,0.8385200888608502
GILGFVFTL_nb_9933,0.9040987579432486
ELAGIGILTV_nb_2556,0.5014901710658242
FLYALALLL_nb_3889,0.7549472955400165
LLFGYPVYV_nb_11103,0.7461263670405851
LLDFVRFMGV_nb_3306,0.79283946371925
GILGFVFTL_2177,0.8920820566240232
LLFGYPVYV_nb_1778,0.7094334830307383
LLDFVRFMGV_nb_409,0.7395599355433873
ELAGIGILTV_nb_2790,0.7996538470142844
GLCTLVAML_nb_1522,0.710709286392291
FLYALALLL_nb_4056,0.25747252810152854
FLYALALLL_nb_4264,0.7269008047554233
LLDFVRFMGV_nb_3134,0.21727348368843843
GILGFVFTL_3297,0.9195078323902062
LLFGYPVYV_nb_10819,0.3520079970075945
GILGFVFTL_2345,0.9228425671957072
GLCTLVAML_nb_1374,0.8349402404846953
FLYALALLL_nb_4600,0.6353976566784731
GILGFVFTL_1998,0.6775398235295076
GLCTLVAML_nb_11849,0.8775978154141951
GILGFVFTL_2721,0.37588890111775897
LLDFVRFMGV_nb_3550,0.6924985214365841
LLFGYPVYV_nb_1912,0.6132707202866943
GILGFVFTL_2513,0.8936795695906801
ELAGIGILTV_nb_220,0.5210711219344083
ELAGIGILTV_nb_7686,0.627522677288183
LLDFVRFMGV_nb_3762,0.6122016909104768
LLFGYPVYV_nb_6905,0.8086847586809407
GLCTLVAML_nb_10395,0.6427820216599924
FLYALALLL_nb_4432,0.2595923884619631
LLFGYPVYV_nb_6139,0.7576092970033469
GILGFVFTL_nb_5160,0.6963091911724568
GILGFVFTL_1396,0.8601806945446577
GLCTLVAML_nb_5986,0.35155748404555165
ELAGIGILTV_3488,0.8484080201254584
LLFGYPVYV_nb_6565,0.46381490056307706
FLYALALLL_nb_807,0.5092781398940915
LLDFVRFMGV_nb_431,0.8815595431867709
LLFGYPVYV_nb_1740,0.6542044682131378
GILGFVFTL_2973,0.8490172015477611
LLFGYPVYV_nb_10821,0.7884691776635524
FLYALALLL_nb_8491,0.7197380623739384
LLDFVRFMGV_nb_603,0.7471837693905423
FLYALALLL_nb_3845,0.831033292226872
GLCTLVAML_nb_5388,0.29400036029105303
LLDFVRFMGV_nb_11657,0.47201777264163325
LLFGYPVYV_nb_6757,0.7827717140951199
GILGFVFTL_2719,0.9038797115044476
FLYALALLL_nb_9127,0.6409427940034411
LLDFVRFMGV_nb_8180,0.4689434851223934
LLDFVRFMGV_nb_3568,0.3638462063076624
GILGFVFTL_587,0.8947845671700043
FLYALALLL_nb_4638,0.22580511847094764
ELAGIGILTV_nb_11615,0.28394018261130316
LLFGYPVYV_nb_6333,0.7576092970033469
GLCTLVAML_nb_11871,0.753726804342707
LLFGYPVYV_nb_6101,0.6355683271826162
GILGFVFTL_nb_5158,0.7752132783035719
ELAGIGILTV_nb_218,0.4204109078738145
GILGFVFTL_nb_9795,0.22579702915089395
ELAGIGILTV_nb_7478,0.8275005358963163
LLDFVRFMGV_nb_7900,0.7798734981352275
LLDFVRFMGV_nb_8174,0.7818857173759126
GILGFVFTL_nb_9553,0.730974716020614
GILGFVFTL_573,0.5777974999011247
GLCTLVAML_nb_11885,0.4154906984578814
GLCTLVAML_nb_5718,0.7397325111053272
GILGFVFTL_741,0.7401142977507045
GLCTLVAML_nb_10359,0.6106951699901632
GILGFVFTL_nb_4842,0.70675766180477
LLDFVRFMGV_nb_8346,0.24309529182447115
GILGFVFTL_nb_9761,0.7343716652861683
LLFGYPVYV_421,0.4736720872958839
ELAGIGILTV_nb_2338,0.8820089634631882
ELAGIGILTV_302,0.7663239688846413
GLCTLVAML_nb_5972,0.28769428131338004
GILGFVFTL_nb_1168,0.7114131090059927
GILGFVFTL_325,0.8981157089822889
GLCTLVAML_2324,0.1447535563164017
LLFGYPVYV_nb_6591,0.6702648271604658
GILGFVFTL_3069,0.8999333302334553
FLYALALLL_nb_8657,0.3260297660452649
LLFGYPVYV_nb_11309,0.45060080132391184
GILGFVFTL_nb_9305,0.8219131757538488
GILGFVFTL_2987,0.7877660418958199
GILGFVFTL_2389,0.9162520406253372
FLYALALLL_nb_8465,0.3340578658536485
LLFGYPVYV_nb_11907,0.6821832902756847
GILGFVFTL_117,0.9279370789945183
ELAGIGILTV_nb_7681,0.702137006547012
ELAGIGILTV_nb_227,0.42930925476185977
GILGFVFTL_2514,0.8953279697862847
LLDFVRFMGV_nb_3765,0.6852961099100823
GLCTLVAML_nb_10392,0.20465870783936535
LLFGYPVYV_nb_6902,0.7683192269339949
GILGFVFTL_nb_4889,0.7039060109765138
FLYALALLL_nb_4435,0.31712515272059616
GILGFVFTL_nb_5167,0.3544058979316176
FLYALALLL_nb_4607,0.48344532628735387
GLCTLVAML_nb_1373,0.7027455725626021
GILGFVFTL_2726,0.6671276232634846
FLYALALLL_nb_9118,0.8127701165057826
LLFGYPVYV_nb_1915,0.5774392501326336
LLDFVRFMGV_nb_3557,0.8188932471722716
GILGFVFTL_nb_9598,0.7240646858061702
FLYALALLL_nb_4263,0.8598066444925998
LLDFVRFMGV_nb_11668,0.2771314900026525
LLFGYPVYV_nb_6768,0.7408798519504451
GILGFVFTL_3290,0.9058425277780682
LLDFVRFMGV_nb_3133,0.471127752013395
LLDFVRFMGV_nb_3301,0.5799718053412114
FLYALALLL_nb_838,0.8537552021977648
ELAGIGILTV_nb_2797,0.7680148515824013
FLYALALLL_nb_4051,0.7034924169159076
GLCTLVAML_nb_1525,0.6556100411358355
FLYALALLL_nb_4297,0.6767868026464662
GLCTLVAML_nb_10530,0.4921222256751968
GILGFVFTL_128,0.73757638025418
GLCTLVAML_nb_5343,0.5512215272340564
GILGFVFTL_914,0.889133316136803
GILGFVFTL_3264,0.9214725692579363
LLFGYPVYV_nb_11938,0.2792082231679154
ELAGIGILTV_nb_7023,0.8592260818280189
GILGFVFTL_nb_9934,0.7943518319037635
ELAGIGILTV_nb_2551,0.9033577736579876
LLFGYPVYV_nb_11104,0.7947130593883516
GILGFVFTL_3056,0.8908779043528565
FLYALALLL_nb_8668,0.6223653928298749
ELAGIGILTV_nb_7211,0.3188047517119311
ELAGIGILTV_nb_2763,0.8063620187309901
LLDFVRFMGV_nb_7755,0.7425542228709459
LLFGYPVYV_nb_11336,0.20573571717470512
GILGFVFTL_nb_1157,0.6063713742243214
GLCTLVAML_nb_10702,0.6502145258174828
GILGFVFTL_1701,0.9206895029877649
ELAGIGILTV_3443,0.7543498589922165
ELAGIGILTV_nb_7675,0.43013420965415405
LLDFVRFMGV_nb_8379,0.4750831575946241
LLDFVRFMGV_nb_3791,0.8247419915267138
ELAGIGILTV_nb_2307,0.37553226388157096
GLCTLVAML_nb_10366,0.5743895469550551
ELAGIGILTV_759,0.8308171108712059
GILGFVFTL_nb_5193,0.8025807044068812
GILGFVFTL_1365,0.9128553340191714
GLCTLVAML_nb_5515,0.8855782759414856
GLCTLVAML_nb_10154,0.7259382169960062
GLCTLVAML_nb_1387,0.70968976187357
GLCTLVAML_nb_5727,0.6522331300521571
GILGFVFTL_1157,0.37927095192166466
ELAGIGILTV_nb_7447,0.6522506014938299
ELAGIGILTV_nb_2909,0.24100992082483083
FLYALALLL_nb_8802,0.46820453753835856
ELAGIGILTV_nb_2135,0.26185992507748446
GILGFVFTL_2152,0.3891884590104367
LLDFVRFMGV_nb_3323,0.6372826587759379
LLDFVRFMGV_nb_7783,0.2568769307377788
GILGFVFTL_nb_1181,0.4487188926942331
GLCTLVAML_nb_1507,0.664106316966075
FLYALALLL_nb_4073,0.7730249913502962
LLFGYPVYV_nb_6578,0.23287306925794132
ELAGIGILTV_3495,0.7731847034850501
FLYALALLL_nb_4241,0.8415939627686517
GLCTLVAML_nb_5395,0.6650960627965875
GILGFVFTL_2360,0.8856525360753966
LLDFVRFMGV_nb_3111,0.7365050817403149
FLYALALLL_nb_3858,0.6420105803572732
ELAGIGILTV_nb_2587,0.4965684784914029
GLCTLVAML_nb_1351,0.6149676238408246
FLYALALLL_nb_4625,0.4859186820468936
GLCTLVAML_nb_10182,0.7644653364059609
GILGFVFTL_1181,0.9218323577161006
ELAGIGILTV_nb_11608,0.6154053951446541
LLDFVRFMGV_nb_3575,0.6127095259622073
LLFGYPVYV_nb_1937,0.682158347124004
ELAGIGILTV_nb_7491,0.8228641769954863
LLDFVRFMGV_nb_3747,0.8467334436297234
GILGFVFTL_2536,0.8990084414914711
ELAGIGILTV_nb_205,0.5019953071847966
GILGFVFTL_nb_9788,0.6092667909712344
FLYALALLL_nb_4417,0.3626467182881796
LLFGYPVYV_nb_6920,0.6578998044967723
GILGFVFTL_nb_5145,0.3776988376531623
GILGFVFTL_1949,0.8932272873385688
GLCTLVAML_nb_10176,0.5510058635727174
GILGFVFTL_1175,0.9060728360256777
GLCTLVAML_nb_5705,0.5694368374570451
LLDFVRFMGV_nb_8169,0.7933367549955532
LLDFVRFMGV_nb_3581,0.7512633332685292
ELAGIGILTV_nb_7465,0.2034037285230268
ELAGIGILTV_nb_2117,0.22338939958889906
LLFGYPVYV_nb_11542,0.29065656962668734
FLYALALLL_nb_8820,0.8740692712180058
ELAGIGILTV_nb_7657,0.4497472118192976
ELAGIGILTV_nb_2325,0.16958101300708528
GLCTLVAML_nb_10344,0.7482762131345524
GLCTLVAML_nb_5537,0.7896090187305891
GILGFVFTL_1347,0.3688329322306634
ELAGIGILTV_nb_7233,0.2913819785224651
GILGFVFTL_3074,0.7988807329380655
LLFGYPVYV_nb_11314,0.48610597060549643
GILGFVFTL_nb_9318,0.2849947227265334
LLDFVRFMGV_nb_7777,0.42932011984774066
ELAGIGILTV_nb_2741,0.8087355067429782
GILGFVFTL_338,0.8702213019460601
GLCTLVAML_nb_10720,0.8065325803430894
GILGFVFTL_nb_1175,0.7473620671048409
FLYALALLL_nb_4087,0.7082107274876643
GILGFVFTL_1723,0.9195105401440689
GLCTLVAML_nb_10512,0.7732336511278508
GILGFVFTL_1511,0.7984443729094233
GLCTLVAML_nb_5361,0.28951332464129587
FLYALALLL_nb_8478,0.5944221547156372
GILGFVFTL_nb_9916,0.5671913388217572
ELAGIGILTV_nb_7001,0.5035832334240842
GILGFVFTL_2394,0.39798850994362933
GILGFVFTL_3246,0.920378560693676
LLFGYPVYV_nb_11126,0.7129811959545391
ELAGIGILTV_nb_2573,0.22021571377015547
FLYALALLL_nb_4428,0.8365044224387306
GILGFVFTL_nb_4894,0.5659052770894862
GILGFVFTL_797,0.7664231537736331
LLFGYPVYV_nb_6123,0.6542044682131378
LLDFVRFMGV_nb_8390,0.5622919927790488
LLDFVRFMGV_nb_3778,0.24496723969010972
GILGFVFTL_2509,0.9281045976909663
FLYALALLL_nb_9105,0.6525196142583062
LLFGYPVYV_nb_1908,0.6542044682131378
GLCTLVAML_1321,0.6714777697158771
GILGFVFTL_nb_9585,0.4986878298944688
GILGFVFTL_1982,0.21594533378288555
GLCTLVAML_nb_11853,0.5923684162300472
LLFGYPVYV_nb_6311,0.6330639707760783
LLFGYPVYV_nb_10803,0.7491396800785199
FLYALALLL_nb_3867,0.735970840528694
LLDFVRFMGV_nb_621,0.7395548807558019
LLFGYPVYV_nb_6775,0.8464035265212327
LLDFVRFMGV_nb_11675,0.32656926476506654
GLCTLVAML_nb_1538,0.46711834379656303
LLFGYPVYV_nb_6547,0.6175115429839125
FLYALALLL_nb_8681,0.117294667804784
FLYALALLL_nb_825,0.6241786859817717
GILGFVFTL_2951,0.8981532923914499
LLFGYPVYV_nb_1762,0.35938414624096626
GLCTLVAML_1577,0.8108094819840832
LLDFVRFMGV_nb_413,0.763222766509794
LLFGYPVYV_nb_11925,0.13083047994641722
GILGFVFTL_nb_9929,0.6993554662194724
GILGFVFTL_3279,0.90787171335059
FLYALALLL_nb_3893,0.7643789803135832
LLFGYPVYV_nb_11119,0.7911713649568303
GILGFVFTL_135,0.9217127469624674
LLFGYPVYV_nb_6781,0.24882169791890663
LLDFVRFMGV_nb_11681,0.786350712295605
GLCTLVAML_2306,0.7306980252468296
GILGFVFTL_307,0.8590430197437846
GLCTLVAML_nb_5950,0.8626954416292887
GILGFVFTL_2199,0.8950915815495399
FLYALALLL_nb_8675,0.6195478196418541
GILGFVFTL_nb_9327,0.6572259295704472
LLDFVRFMGV_nb_7748,0.7226005026788359
LLFGYPVYV_nb_1796,0.7112371981083003
GILGFVFTL_nb_4860,0.674358642150353
GLCTLVAML_nb_5508,0.700772489152393
LLDFVRFMGV_nb_8364,0.5759582152188986
ELAGIGILTV_nb_7668,0.7193688874454789
LLDFVRFMGV_474,0.7988777979003663
GILGFVFTL_nb_9743,0.5358515823045418
LLDFVRFMGV_nb_8156,0.7088514242928512
LLDFVRFMGV_nb_7922,0.4267135303476425
ELAGIGILTV_nb_2128,0.8554797476393531
GILGFVFTL_nb_9571,0.6817879288554869
ELAGIGILTV_576,0.7444334512870892
GLCTLVAML_nb_10149,0.22267193499779633
GILGFVFTL_551,0.886638579813654
ELAGIGILTV_3208,0.8795329498154361
GLCTLVAML_nb_10515,0.5151478006761241
GILGFVFTL_931,0.8742834912574227
GLCTLVAML_nb_5366,0.5574613042257334
GILGFVFTL_1516,0.9218323577161006
GILGFVFTL_2393,0.22029562316970236
GILGFVFTL_nb_9911,0.5584600754330704
ELAGIGILTV_nb_7006,0.8254835467155064
GILGFVFTL_3241,0.8635314371393861
LLFGYPVYV_nb_11121,0.80810720047017
ELAGIGILTV_nb_2574,0.25079067795148785
ELAGIGILTV_nb_7234,0.8180245788043292
GILGFVFTL_3073,0.9067931928482842
LLFGYPVYV_nb_11313,0.6266584710141639
ELAGIGILTV_nb_2746,0.8169459653098141
LLDFVRFMGV_nb_7770,0.23753660174895208
GLCTLVAML_nb_10727,0.5324909014352017
FLYALALLL_nb_4080,0.8517947388884544
GILGFVFTL_nb_1172,0.24907500508387007
GLCTLVAML_nb_5968,0.5205632769417721
ELAGIGILTV_3466,0.2259201295947078
GILGFVFTL_1724,0.4556135738021396
ELAGIGILTV_nb_7650,0.19085895810252085
ELAGIGILTV_nb_2322,0.6863832818473151
GLCTLVAML_nb_10343,0.4353597045013727
GILGFVFTL_nb_4858,0.7034486655856604
GILGFVFTL_1340,0.9098113806308763
GLCTLVAML_nb_5530,0.3669686800931119
FLYALALLL_2764,0.5678374855306201
GLCTLVAML_nb_10171,0.5509180712615113
GILGFVFTL_569,0.866086182094344
GLCTLVAML_nb_5702,0.7811847984692845
GILGFVFTL_1172,0.9295505704211329
LLDFVRFMGV_nb_3586,0.7286569451412699
ELAGIGILTV_nb_7462,0.2036637814314211
ELAGIGILTV_nb_2110,0.7002680801102467
LLFGYPVYV_nb_11545,0.8030231641919762
FLYALALLL_nb_8827,0.2943868357968777
GILGFVFTL_nb_9549,0.38858750078393445
LLDFVRFMGV_nb_3740,0.39698036765845124
ELAGIGILTV_nb_202,0.24419281920603425
FLYALALLL_nb_4410,0.44798247316679657
LLFGYPVYV_nb_6927,0.23438458096119358
GILGFVFTL_nb_5142,0.48692268592549315
FLYALALLL_nb_4622,0.6030319439623282
GLCTLVAML_nb_1356,0.4839249530541237
GLCTLVAML_nb_10185,0.7582517297409157
LLFGYPVYV_nb_6329,0.764793027605231
LLFGYPVYV_nb_1930,0.7855556338767545
LLDFVRFMGV_nb_3572,0.2262543264853455
ELAGIGILTV_nb_7496,0.344255494398535
GLCTLVAML_1319,0.20535580091392774
FLYALALLL_nb_4246,0.5621654490819807
GLCTLVAML_nb_5392,0.5913742041324997
LLDFVRFMGV_nb_3116,0.6415766352369174
LLDFVRFMGV_nb_619,0.7130752737999931
ELAGIGILTV_nb_2580,0.4495632840327622
GILGFVFTL_2155,0.6511585796170177
LLDFVRFMGV_nb_3324,0.6379080531277573
GILGFVFTL_2969,0.8718399293331509
LLDFVRFMGV_nb_7784,0.6428661509191362
FLYALALLL_nb_4074,0.8360074537329388
GLCTLVAML_nb_1500,0.8498489209764909
GILGFVFTL_nb_1186,0.7255928382154775
LLDFVRFMGV_nb_7925,0.7647726880474129
LLDFVRFMGV_nb_8151,0.3653529115740139
ELAGIGILTV_nb_2913,0.13982547756076952
FLYALALLL_nb_8818,0.40419129985734514
GILGFVFTL_nb_9576,0.7081977497588969
GILGFVFTL_1971,0.8434147313973571
GILGFVFTL_nb_4867,0.7821141168770913
GILGFVFTL_nb_5189,0.6694025267602302
LLDFVRFMGV_nb_8363,0.4002517307993727
LLDFVRFMGV_3416,0.4796534478461155
GILGFVFTL_nb_9744,0.5210439637070744
LLFGYPVYV_404,0.2831923989872731
LLDFVRFMGV_473,0.7018798454442287
GILGFVFTL_300,0.9007464394521713
GLCTLVAML_nb_10718,0.5348429586343838
GLCTLVAML_nb_5957,0.7593356909804257
FLYALALLL_nb_8672,0.21591816037223924
GILGFVFTL_nb_9320,0.7846656586342876
ELAGIGILTV_nb_2779,0.3835466795644169
LLFGYPVYV_nb_1791,0.3069841671515826
LLFGYPVYV_nb_11922,0.3429702921012504
ELAGIGILTV_nb_7039,0.24622950278103023
FLYALALLL_nb_3894,0.48681738970565525
GILGFVFTL_132,0.6243510043399509
GLCTLVAML_2133,0.8384086476619086
LLFGYPVYV_nb_6786,0.5373953504807698
GLCTLVAML_nb_5359,0.6704815594252808
LLDFVRFMGV_nb_11686,0.4240948694425353
ELAGIGILTV_929,0.8202331966043734
GILGFVFTL_1529,0.9163925839625511
GLCTLVAML_3227,0.7997044401343217
LLFGYPVYV_nb_6540,0.6542044682131378
FLYALALLL_nb_8686,0.8453096645519151
FLYALALLL_nb_822,0.7592850090563654
GILGFVFTL_2956,0.7472018833337726
LLDFVRFMGV_nb_414,0.6639227959042204
LLFGYPVYV_nb_1765,0.6807978176873126
GILGFVFTL_2358,0.7076811167850553
LLFGYPVYV_nb_10804,0.7337758760937948
LLDFVRFMGV_nb_3129,0.7943658964087728
FLYALALLL_nb_3860,0.7780033769019294
LLDFVRFMGV_nb_626,0.36103927318655427
FLYALALLL_nb_4279,0.16837712971676944
LLFGYPVYV_nb_6772,0.6283744618348481
LLDFVRFMGV_nb_11672,0.882975129658254
FLYALALLL_nb_9102,0.7210727989607463
GILGFVFTL_nb_9582,0.7960654099361109
ELAGIGILTV_585,0.7908491814975103
GLCTLVAML_nb_1369,0.3070838796551517
GILGFVFTL_1985,0.15478037470359407
GLCTLVAML_nb_11854,0.6808530621698206
LLFGYPVYV_nb_6316,0.36375318989817873
GLCTLVAML_nb_10388,0.712923723200765
GILGFVFTL_nb_4893,0.5418930896753381
LLFGYPVYV_nb_6918,0.5540812209995696
LLFGYPVYV_nb_6124,0.6900513108710853
LLDFVRFMGV_nb_8397,0.6682187581965457
GLCTLVAML_nb_10375,0.640250526058795
GILGFVFTL_nb_5180,0.8866723437950224
GLCTLVAML_nb_5506,0.5855023082350431
ELAGIGILTV_nb_7666,0.686113983232613
LLDFVRFMGV_nb_3782,0.6964487455026587
ELAGIGILTV_nb_2314,0.23359626377438528
ELAGIGILTV_nb_7454,0.5299392265164137
LLDFVRFMGV_nb_8158,0.5822839306201693
FLYALALLL_nb_8811,0.6701060675084827
ELAGIGILTV_nb_2126,0.3790464630528906
GLCTLVAML_nb_10147,0.1973416826056083
GILGFVFTL_1978,0.1914627896077033
GLCTLVAML_nb_1394,0.7360343216829559
GLCTLVAML_nb_5734,0.8241266364968436
GILGFVFTL_1144,0.917697529895607
GILGFVFTL_3277,0.8961668786705007
GILGFVFTL_nb_9927,0.7796877511812865
ELAGIGILTV_nb_7030,0.5397948275212299
ELAGIGILTV_nb_2542,0.3377478016219305
LLFGYPVYV_nb_11117,0.40324098642299644
FLYALALLL_nb_4284,0.8537552021977648
GLCTLVAML_nb_10523,0.6078197999525136
GLCTLVAML_nb_5350,0.5865301893191351
GILGFVFTL_1520,0.8560776287463525
GILGFVFTL_907,0.9072618282181202
GILGFVFTL_nb_1144,0.17560755752241106
GLCTLVAML_nb_10711,0.6003432037554164
GILGFVFTL_1712,0.5889160719859907
GILGFVFTL_3045,0.9152707690430832
ELAGIGILTV_nb_7202,0.2154621597462113
GILGFVFTL_2197,0.5920962468187003
ELAGIGILTV_nb_2770,0.6772713476902434
LLDFVRFMGV_nb_7746,0.704629879578495
LLFGYPVYV_nb_1798,0.3008232233186209
LLFGYPVYV_nb_11325,0.6730210307391042
GILGFVFTL_nb_9329,0.5964578279426902
GILGFVFTL_3283,0.23658262854225043
LLDFVRFMGV_nb_3120,0.6380888610742427
GILGFVFTL_2351,0.2020720328102345
FLYALALLL_nb_3869,0.6566908175939545
FLYALALLL_nb_4270,0.6629195629998206
FLYALALLL_nb_4042,0.4949908892530343
GLCTLVAML_nb_1536,0.7565991190605895
LLFGYPVYV_nb_6549,0.2855293055024639
LLDFVRFMGV_nb_3312,0.6889302221242348
GILGFVFTL_2163,0.8092221260904116
ELAGIGILTV_nb_2784,0.7298540972045817
GLCTLVAML_nb_10381,0.345125125574718
GILGFVFTL_799,0.5500442868750296
LLFGYPVYV_nb_6911,0.8688332381242905
FLYALALLL_nb_4426,0.3766459236162666
GILGFVFTL_1382,0.6202813506115727
GILGFVFTL_nb_5174,0.49682844173254026
ELAGIGILTV_nb_7692,0.18145268084016514
ELAGIGILTV_nb_234,0.7249711986430202
GILGFVFTL_2507,0.8314552883813321
LLDFVRFMGV_nb_3776,0.24930058143897252
LLFGYPVYV_nb_1906,0.6898605328023311
LLDFVRFMGV_nb_3544,0.6886796229667523
FLYALALLL_nb_4614,0.1703330132842767
GLCTLVAML_nb_1360,0.7044838571932603
ELAGIGILTV_2320,0.8204812476077663
FLYALALLL_nb_8644,0.6369809225911914
LLDFVRFMGV_nb_7779,0.22916077793791206
GILGFVFTL_nb_9316,0.6619036983306826
FLYALALLL_nb_4089,0.5354539535867282
GLCTLVAML_nb_5961,0.45724286156459665
LLFGYPVYV_nb_6582,0.8749117453430109
GILGFVFTL_104,0.9226075094986252
GILGFVFTL_938,0.9004748415848961
LLFGYPVYV_nb_11914,0.7238986614767678
FLYALALLL_nb_8476,0.6155782801681817
GILGFVFTL_nb_9918,0.686944933128341
GLCTLVAML_1780,0.752932003210991
LLFGYPVYV_nb_11128,0.5053375279512929
GILGFVFTL_560,0.4556135738021396
GLCTLVAML_nb_10178,0.3319383401386038
LLDFVRFMGV_nb_7913,0.48255792545619763
LLDFVRFMGV_nb_8167,0.29404112044154596
GILGFVFTL_nb_9540,0.8530268488917041
ELAGIGILTV_nb_2119,0.8240953576758471
ELAGIGILTV_nb_7659,0.6728328237053963
LLDFVRFMGV_nb_8355,0.21382688094569688
GILGFVFTL_nb_9772,0.23353545074766252
GILGFVFTL_752,0.9045544931649661
GILGFVFTL_nb_4851,0.7506197608570784
ELAGIGILTV_775,0.21899680886245348
GILGFVFTL_1349,0.8844912934718331
GLCTLVAML_nb_5539,0.34815578602343933
GILGFVFTL_594,0.9004639235277425
ELAGIGILTV_nb_11606,0.8752549349801027
LLFGYPVYV_nb_6320,0.5790041041116871
GLCTLVAML_nb_11862,0.49565334256654425
LLFGYPVYV_nb_1939,0.857920554849857
FLYALALLL_nb_9134,0.6618780335701822
LLDFVRFMGV_nb_8193,0.5942829374982973
GILGFVFTL_2538,0.8886186722885725
LLDFVRFMGV_nb_3749,0.3957748047407049
GILGFVFTL_nb_9786,0.3514178740232646
FLYALALLL_nb_4419,0.39006163572019376
LLFGYPVYV_nb_6112,0.629588921353451
FLYALALLL_nb_814,0.732774877568452
LLDFVRFMGV_nb_422,0.6588053614524438
LLFGYPVYV_nb_1753,0.7148584079424716
GILGFVFTL_2960,0.9092468076431731
GLCTLVAML_nb_1509,0.6320454845333731
GLCTLVAML_nb_5995,0.5525721293027185
LLFGYPVYV_nb_6576,0.8222370651859618
LLDFVRFMGV_nb_11644,0.47100510789544126
LLFGYPVYV_nb_6744,0.6294372332141506
LLFGYPVYV_nb_10832,0.20548851002477614
FLYALALLL_nb_8482,0.6048827574677309
LLDFVRFMGV_nb_610,0.8489325453913754
ELAGIGILTV_nb_2589,0.7986486619604288
FLYALALLL_nb_3856,0.53844496449949
GILGFVFTL_2732,0.42995802480325024
LLDFVRFMGV_nb_3543,0.748674569683443
LLFGYPVYV_nb_1901,0.7323399018601555
GLCTLVAML_1328,0.7873722547790679
GLCTLVAML_nb_1367,0.8531457207369634
FLYALALLL_nb_4613,0.7164351700095909
LLFGYPVYV_nb_6318,0.8373259245590937
LLFGYPVYV_nb_6916,0.8274179387537834
GLCTLVAML_nb_10386,0.709067828718644
FLYALALLL_nb_4421,0.5235521086663047
GILGFVFTL_1385,0.9114178462782515
GILGFVFTL_nb_5173,0.5916294900968515
GILGFVFTL_2500,0.9244002349303865
ELAGIGILTV_nb_233,0.8408214822693838
ELAGIGILTV_nb_7695,0.6750399941903319
LLDFVRFMGV_nb_3771,0.17795166889935563
LLDFVRFMGV_nb_8399,0.5818498098230305
GLCTLVAML_nb_1531,0.7270639913668768
FLYALALLL_nb_4045,0.7728490772292531
LLDFVRFMGV_nb_3315,0.7603072573863963
GILGFVFTL_2164,0.8479465598964623
FLYALALLL_nb_8688,0.6291228643952377
ELAGIGILTV_nb_2783,0.5263346812829298
GILGFVFTL_2958,0.7960078009431488
LLDFVRFMGV_nb_3127,0.7339509245822904
GILGFVFTL_3284,0.26665676493254303
GILGFVFTL_2356,0.7449787121017808
LLDFVRFMGV_nb_628,0.25080558883764925
FLYALALLL_nb_4277,0.5581778020080866
GLCTLVAML_nb_5959,0.6565222542087736
GILGFVFTL_nb_1143,0.7455591741929344
GLCTLVAML_nb_10716,0.6768353484883025
GILGFVFTL_1715,0.8898055001070622
ELAGIGILTV_3457,0.8986605910405454
GILGFVFTL_3042,0.9212292198924927
GILGFVFTL_2190,0.897180256657335
ELAGIGILTV_nb_7205,0.606922508944163
LLDFVRFMGV_nb_7741,0.5343351312298675
ELAGIGILTV_nb_2777,0.7407559712398639
LLFGYPVYV_nb_11322,0.7932143620924095
GILGFVFTL_3270,0.9150303633271335
GILGFVFTL_nb_9920,0.3733106047549507
ELAGIGILTV_nb_7037,0.7031164839881933
ELAGIGILTV_nb_2545,0.7079825510731559
LLFGYPVYV_nb_11110,0.6140748598867101
FLYALALLL_nb_4283,0.8100094268133095
GLCTLVAML_nb_10524,0.5450316548369848
LLDFVRFMGV_nb_11688,0.8217207163999929
GILGFVFTL_1527,0.2483459177661189
GLCTLVAML_nb_5357,0.7541300499481745
GILGFVFTL_900,0.5917672442446504
LLFGYPVYV_nb_6788,0.8474547020524332
ELAGIGILTV_nb_7453,0.7276745607595432
FLYALALLL_nb_8816,0.6133400017533869
GILGFVFTL_nb_9578,0.8015397704674214
ELAGIGILTV_nb_2121,0.863672666755193
GILGFVFTL_558,0.5957042694608001
GLCTLVAML_nb_10140,0.7826919384950954
GLCTLVAML_nb_1393,0.5704618738299694
GLCTLVAML_nb_5733,0.5673388215733431
GILGFVFTL_nb_4869,0.8034761403347876
GLCTLVAML_nb_10372,0.7847023937022082
GLCTLVAML_nb_5501,0.6179188883797613
GILGFVFTL_nb_5187,0.8541260030082614
ELAGIGILTV_nb_7661,0.261977686444724
LLDFVRFMGV_nb_3785,0.680187734768856
ELAGIGILTV_nb_2313,0.255365384474289
FLYALALLL_nb_4248,0.6344158903279375
LLDFVRFMGV_nb_11643,0.7727033536278455
LLFGYPVYV_nb_6743,0.24868788446644535
LLDFVRFMGV_nb_3118,0.794794835814255
LLFGYPVYV_nb_10835,0.579398230081763
FLYALALLL_nb_8485,0.7702231393637853
LLDFVRFMGV_nb_617,0.7992005570518081
FLYALALLL_nb_3851,0.4060167670074174
FLYALALLL_nb_813,0.733372657979279
GILGFVFTL_3089,0.5917931897263993
LLFGYPVYV_nb_1754,0.16777591950421986
LLDFVRFMGV_nb_425,0.35964253103722454
GILGFVFTL_nb_1188,0.24102346258805635
GLCTLVAML_nb_5992,0.7654193677194484
LLFGYPVYV_nb_6571,0.7274366490670475
ELAGIGILTV_31,0.8355411179489081
GILGFVFTL_nb_9781,0.8654259490130458
LLFGYPVYV_nb_6929,0.30388619445588105
LLFGYPVYV_nb_6115,0.7024239487377275
GILGFVFTL_593,0.840242822289792
GLCTLVAML_nb_1358,0.46777269747503963
LLFGYPVYV_nb_6327,0.7803238535271383
ELAGIGILTV_nb_11601,0.8760923733375625
GILGFVFTL_1188,0.9075960812895798
ELAGIGILTV_2318,0.8838459080306214
GLCTLVAML_nb_11865,0.6489161000617091
ELAGIGILTV_nb_7498,0.7239981770722563
LLDFVRFMGV_nb_8194,0.5761993137739313
FLYALALLL_nb_9133,0.8107049249510372
LLDFVRFMGV_nb_8352,0.6303919741562308
GILGFVFTL_nb_9775,0.775360942903047
GILGFVFTL_nb_4856,0.714317759786383
GILGFVFTL_567,0.8843081681348779
GILGFVFTL_1940,0.39798850994362933
LLDFVRFMGV_nb_3588,0.8478793306908323
LLDFVRFMGV_nb_8160,0.6395215431390362
LLDFVRFMGV_nb_7914,0.5718460894478152
FLYALALLL_nb_8829,0.787184841692111
GILGFVFTL_nb_9547,0.29744195172501475
GILGFVFTL_103,0.6272038582328008
GILGFVFTL_1518,0.903529879544908
ELAGIGILTV_918,0.43982772310562834
GLCTLVAML_nb_5368,0.7880769311649405
LLFGYPVYV_nb_11913,0.28207893944060203
FLYALALLL_nb_8471,0.27387374330577763
ELAGIGILTV_nb_7008,0.726040079053512
FLYALALLL_nb_8643,0.4398596433659662
ELAGIGILTV_nb_2748,0.7703516828882792
GILGFVFTL_nb_9311,0.452205979511177
GLCTLVAML_nb_5966,0.533547184426471
GLCTLVAML_nb_10729,0.7271269010734331
GILGFVFTL_331,0.9297480040265185
LLFGYPVYV_nb_6585,0.6200623784106634
ELAGIGILTV_3468,0.7605341361107063
LLFGYPVYV_nb_6525,0.6892030585645907
GLCTLVAML_nb_10789,0.49918639370125906
GILGFVFTL_391,0.9279370789945183
LLDFVRFMGV_nb_471,0.43151774200251336
LLFGYPVYV_nb_1700,0.572315216034172
GILGFVFTL_2933,0.21654912280300592
FLYALALLL_nb_847,0.8662445065378097
LLDFVRFMGV_nb_643,0.5163435945113621
FLYALALLL_nb_3805,0.6950077976418888
LLFGYPVYV_nb_10861,0.721417680286155
LLFGYPVYV_nb_6717,0.6121268620042817
FLYALALLL_nb_8889,0.7819592671636579
GLCTLVAML_1343,0.19960644430158997
GILGFVFTL_2759,0.885852278178135
FLYALALLL_nb_9167,0.8767464655583832
LLDFVRFMGV_nb_3528,0.17902034943667378
LLFGYPVYV_nb_6373,0.5609431308753218
GLCTLVAML_nb_11831,0.7459533806385561
FLYALALLL_nb_4678,0.20292556150752866
LLFGYPVYV_nb_6141,0.5323202041548335
GILGFVFTL_nb_5118,0.6792978982794213
ELAGIGILTV_nb_258,0.4068271905654787
GILGFVFTL_nb_9513,0.6789989873171114
ELAGIGILTV_nb_7438,0.31194915525914907
FLYALALLL_nb_9193,0.8036287811272906
LLDFVRFMGV_nb_7940,0.7384371208128524
LLDFVRFMGV_nb_8134,0.4171551291660299
LLFGYPVYV_nb_6387,0.47655146424506706
GLCTLVAML_nb_5758,0.6018936656215073
GILGFVFTL_1128,0.8511594763688939
GILGFVFTL_533,0.8937173866878927
GILGFVFTL_1914,0.9075455936325099
GLCTLVAML_nb_10319,0.5261109290244572
GILGFVFTL_701,0.9218323577161006
GILGFVFTL_nb_4802,0.8177385475536998
ELAGIGILTV_726,0.805067028141314
GILGFVFTL_nb_9721,0.6226411729382886
ELAGIGILTV_nb_2378,0.18139511797664623
LLDFVRFMGV_nb_8306,0.2675360330151868
ELAGIGILTV_91,0.7437115427303396
GILGFVFTL_nb_1128,0.357918799493498
GLCTLVAML_nb_5932,0.38759652053584176
GILGFVFTL_365,0.9146953325569753
LLDFVRFMGV_nb_485,0.7569014398276847
GILGFVFTL_nb_9345,0.6083167831186599
LLFGYPVYV_nb_11349,0.41966395732258743
GILGFVFTL_3029,0.6092087686054894
FLYALALLL_nb_8617,0.7017051838952628
LLFGYPVYV_nb_10895,0.8157824756806282
ELAGIGILTV_1159,0.7847791370179578
LLFGYPVYV_nb_11947,0.7373720062083031
GLCTLVAML_3084,0.6225166749372555
GILGFVFTL_2554,0.8589971998557479
ELAGIGILTV_nb_267,0.5308099463999129
LLDFVRFMGV_nb_3725,0.20951685088711314
GILGFVFTL_nb_5127,0.6902154765161127
LLFGYPVYV_nb_6942,0.8219336583065932
FLYALALLL_nb_4475,0.33593861268110337
GLCTLVAML_nb_5793,0.47841012049596027
GLCTLVAML_nb_1333,0.8479338344624876
FLYALALLL_nb_4647,0.7792631610556481
ELAGIGILTV_nb_2181,0.7845951183433177
GILGFVFTL_2766,0.9082047916744211
LLFGYPVYV_nb_1955,0.6401633340822319
FLYALALLL_nb_9158,0.6614428436595385
LLDFVRFMGV_nb_3517,0.5705663121183735
LLDFVRFMGV_nb_11628,0.4548900067566828
LLFGYPVYV_nb_6728,0.2060886679709349
FLYALALLL_nb_4223,0.7687454980110446
GLCTLVAML_nb_10584,0.8029462328869477
ELAGIGILTV_nb_6979,0.20999924821752247
LLDFVRFMGV_nb_3173,0.6114739264148578
GILGFVFTL_2302,0.18398411993579475
ELAGIGILTV_nb_7097,0.2854907123515802
GILGFVFTL_nb_9980,0.5233200443802978
ELAGIGILTV_1192,0.7221986729467653
LLFGYPVYV_nb_11382,0.20443555522397128
LLDFVRFMGV_nb_3341,0.8440617761669629
FLYALALLL_nb_878,0.7297987691553687
GILGFVFTL_2130,0.9015115262493103
GLCTLVAML_nb_1565,0.7100820512622967
FLYALALLL_nb_4011,0.8049575108904531
GLCTLVAML_nb_5303,0.7248825749008696
GILGFVFTL_1573,0.9065247338435984
GILGFVFTL_954,0.9217025861050602
GLCTLVAML_809,0.21609028411881193
GILGFVFTL_168,0.08572983894970775
GLCTLVAML_nb_10570,0.6516895364412943
GLCTLVAML_2169,0.13345628968231568
LLDFVRFMGV_nb_688,0.7531873592808485
ELAGIGILTV_nb_2511,0.6305157601030431
LLFGYPVYV_nb_11144,0.23777484746682834
LLDFVRFMGV_nb_3187,0.23272170144820079
GILGFVFTL_3224,0.9298808921089853
GILGFVFTL_nb_9974,0.8781524101428475
ELAGIGILTV_nb_7063,0.5486098811183245
ELAGIGILTV_1166,0.8348119440392261
ELAGIGILTV_nb_2723,0.850483407427547
LLFGYPVYV_nb_11376,0.3290611113568813
GILGFVFTL_3016,0.865350783771566
ELAGIGILTV_nb_7251,0.8260614686455883
FLYALALLL_nb_8628,0.5705484460599454
GILGFVFTL_1741,0.8709194634496484
GLCTLVAML_nb_1591,0.672643477861557
GLCTLVAML_3289,0.8672268093750286
GILGFVFTL_nb_1117,0.8308957455210582
GLCTLVAML_nb_10742,0.6707498109174994
GILGFVFTL_nb_11814,0.8514252894319412
ELAGIGILTV_nb_2347,0.8547923184873523
ELAGIGILTV_1730,0.8903251876487945
ELAGIGILTV_nb_7635,0.36679918380272686
ELAGIGILTV_nb_293,0.6438637581173451
LLDFVRFMGV_nb_8339,0.7290374451178274
GILGFVFTL_3472,0.7969925783978387
GILGFVFTL_1325,0.7358451715364125
GLCTLVAML_nb_5555,0.6895881521904614
GLCTLVAML_nb_10326,0.3188234383353266
FLYALALLL_nb_4481,0.49943497190910946
GLCTLVAML_nb_5767,0.5223007495164784
GLCTLVAML_nb_10114,0.22659565984161556
LLFGYPVYV_nb_11520,0.7338408037959697
FLYALALLL_nb_8842,0.7302999464907176
ELAGIGILTV_nb_2175,0.44237274720757996
GILGFVFTL_2792,0.9268818576009485
ELAGIGILTV_nb_7407,0.22853352932590176
ELAGIGILTV_nb_2529,0.6179950013812727
LLFGYPVYV_nb_10892,0.3268507502898358
LLFGYPVYV_nb_11940,0.38107863818502885
ELAGIGILTV_177,0.8423765912992931
GLCTLVAML_3083,0.6340557800063453
GILGFVFTL_150,0.926166689536122
GLCTLVAML_nb_10548,0.2784102931865594
GLCTLVAML_nb_5935,0.6171582169491786
GILGFVFTL_362,0.6866937602366623
LLDFVRFMGV_nb_482,0.657351206991977
GILGFVFTL_nb_9342,0.616441185049634
ELAGIGILTV_nb_7269,0.28989547293479934
FLYALALLL_nb_8610,0.3060993402245956
GILGFVFTL_nb_4805,0.8373203097384825
GILGFVFTL_706,0.8345549743200689
GLCTLVAML_2707,0.3526077405237027
ELAGIGILTV_721,0.8486027917917238
GILGFVFTL_nb_9726,0.7920966308512004
GILGFVFTL_2598,0.9237015956435344
LLDFVRFMGV_nb_8301,0.8324909859143844
GILGFVFTL_nb_9514,0.7113809098879109
LLFGYPVYV_nb_11518,0.5451360551679401
LLDFVRFMGV_nb_8133,0.6359450458412406
LLFGYPVYV_nb_1999,0.7128060308336616
LLDFVRFMGV_nb_7947,0.12254493349056829
FLYALALLL_nb_9194,0.8224815933988241
LLFGYPVYV_nb_6380,0.5046509023114278
GILGFVFTL_534,0.8904080387305376
ELAGIGILTV_513,0.2310751476840697
GILGFVFTL_1913,0.9138237584352132
LLFGYPVYV_nb_6146,0.5315768970268595
GLCTLVAML_nb_5599,0.6791778074011137
FLYALALLL_1148,0.7072898082888746
GLCTLVAML_1344,0.22223858983514
FLYALALLL_nb_9160,0.6547795705079368
LLFGYPVYV_nb_6374,0.7145969309125975
GLCTLVAML_nb_11836,0.47177528210307695
LLDFVRFMGV_nb_644,0.6619825623188953
LLFGYPVYV_nb_11188,0.8187815250109842
LLFGYPVYV_nb_10866,0.7153570929153833
GILGFVFTL_998,0.24538557758370122
LLFGYPVYV_nb_6710,0.3047511281786997
LLFGYPVYV_nb_6522,0.6469715347267405
FLYALALLL_nb_4029,0.6503951987744642
GILGFVFTL_396,0.8720251709234457
LLFGYPVYV_nb_1707,0.6400794474388373
LLDFVRFMGV_nb_476,0.680483406911427
GILGFVFTL_2934,0.8741243831232574
FLYALALLL_nb_840,0.7258309803558487
LLDFVRFMGV_nb_3379,0.6940719259047363
GILGFVFTL_2108,0.9223728425431035
GILGFVFTL_1110,0.9302998749175153
GLCTLVAML_nb_5760,0.5913957396360814
GLCTLVAML_nb_10113,0.8245144460761578
LLFGYPVYV_nb_11527,0.5182194385727393
FLYALALLL_nb_8845,0.59760465852159
ELAGIGILTV_nb_2172,0.4043097845264982
ELAGIGILTV_nb_7400,0.31110638943088836
LLDFVRFMGV_nb_7978,0.4135272283121738
GILGFVFTL_nb_11813,0.08188256211058605
GILGFVFTL_nb_9719,0.7086999242523675
ELAGIGILTV_nb_2340,0.8317592692564832
ELAGIGILTV_nb_294,0.5411684611625442
ELAGIGILTV_nb_7632,0.8261978174075915
GLCTLVAML_nb_5552,0.6387316773470237
GLCTLVAML_nb_10321,0.8533581548446165
GILGFVFTL_739,0.922896816568136
FLYALALLL_nb_4486,0.8136666057171296
ELAGIGILTV_nb_2724,0.752183170969174
LLFGYPVYV_nb_11371,0.7601667156523704
GILGFVFTL_3011,0.6429113474132325
ELAGIGILTV_nb_7256,0.6887396108051627
GILGFVFTL_1746,0.3229635040740537
ELAGIGILTV_3404,0.48545596665132357
GILGFVFTL_nb_1110,0.6082238052265719
GLCTLVAML_nb_1596,0.24662580154516806
GLCTLVAML_nb_10745,0.6542159687317243
ELAGIGILTV_974,0.8675572241150856
GLCTLVAML_nb_5304,0.5986643879500524
GILGFVFTL_953,0.9135973377349904
GLCTLVAML_nb_10577,0.7110322593635694
ELAGIGILTV_nb_2516,0.49164050406521304
LLFGYPVYV_nb_11143,0.7674503247167834
LLDFVRFMGV_nb_3180,0.5070895243365275
GILGFVFTL_nb_9973,0.6820934234181945
ELAGIGILTV_nb_7064,0.6993251450579806
LLFGYPVYV_nb_1738,0.709595165680596
LLDFVRFMGV_nb_449,0.8618285856295288
LLFGYPVYV_nb_11385,0.5518091440539581
GILGFVFTL_nb_9389,0.6653207291651964
LLDFVRFMGV_nb_3346,0.2534286724760287
FLYALALLL_nb_4016,0.6127834132099883
GLCTLVAML_nb_1562,0.6454868685289996
GILGFVFTL_1580,0.17640815477219954
FLYALALLL_3076,0.7949223101664581
FLYALALLL_nb_4224,0.7406146863389096
GLCTLVAML_nb_10583,0.6221542768048294
LLDFVRFMGV_nb_3174,0.20736721666736765
LLFGYPVYV_nb_10859,0.6403578462834288
ELAGIGILTV_nb_7090,0.28521037798246257
GILGFVFTL_nb_9987,0.6700804412332488
GLCTLVAML_nb_5794,0.303147943467419
FLYALALLL_nb_4640,0.5726332501771993
GLCTLVAML_nb_1334,0.7063442111903067
ELAGIGILTV_nb_2186,0.7028268803178164
GILGFVFTL_2761,0.9218323577161006
LLDFVRFMGV_nb_3510,0.23261375859405448
LLFGYPVYV_nb_1952,0.5628473854587097
ELAGIGILTV_nb_260,0.6409700171636346
GILGFVFTL_2553,0.8896888818850389
LLDFVRFMGV_nb_3722,0.7482614968558557
LLFGYPVYV_nb_6179,0.21414375505090158
FLYALALLL_nb_1100,0.6558867553838221
GILGFVFTL_nb_5120,0.14117993594991907
LLFGYPVYV_nb_6945,0.7187207845403465
FLYALALLL_nb_4472,0.2478688187253584
ELAGIGILTV_nb_2349,0.56463512527453
GILGFVFTL_nb_9710,0.4274783974033676
LLDFVRFMGV_nb_8337,0.18290260997863633
LLFGYPVYV_nb_6184,0.48184247273237313
GILGFVFTL_nb_4833,0.4687150006308331
GLCTLVAML_nb_10328,0.5314645238249016
GILGFVFTL_1119,0.8603019433222325
GLCTLVAML_nb_5769,0.7117000682267551
GILGFVFTL_1925,0.9310773175367576
GLCTLVAML_2503,0.6959017943715441
GILGFVFTL_nb_9522,0.5311565192914234
LLDFVRFMGV_nb_8105,0.8405813078688865
LLDFVRFMGV_nb_7971,0.7890885496979052
ELAGIGILTV_nb_7409,0.5124139032100783
GILGFVFTL_166,0.9065247338435984
ELAGIGILTV_141,0.8372375287067058
LLDFVRFMGV_nb_686,0.849042584663176
ELAGIGILTV_nb_6983,0.8178954898688183
LLDFVRFMGV_nb_3189,0.24689101677461
GILGFVFTL_nb_9374,0.5426378581027089
LLFGYPVYV_nb_11378,0.3558365744484417
FLYALALLL_nb_8626,0.5243330753817911
FLYALALLL_nb_882,0.0949386446528062
GILGFVFTL_3018,0.7877994852587128
GILGFVFTL_354,0.6176757235374499
GLCTLVAML_nb_5903,0.6061789555519032
GILGFVFTL_nb_1119,0.6497057727456613
LLFGYPVYV_nb_6726,0.7314587842001918
GILGFVFTL_1589,0.8747257280769944
GILGFVFTL_192,0.654935402179559
GLCTLVAML_3041,0.6269691447138288
FLYALALLL_nb_3834,0.8627884942562013
LLDFVRFMGV_nb_672,0.23784217676366526
ELAGIGILTV_nb_6977,0.21555723013496259
ELAGIGILTV_nb_7099,0.21587342293287026
LLFGYPVYV_nb_10850,0.47015316053415307
GILGFVFTL_2902,0.8349846238370651
GILGFVFTL_nb_9380,0.31288856422732125
LLFGYPVYV_nb_1731,0.8551176990959806
LLDFVRFMGV_nb_440,0.7669331446670637
FLYALALLL_nb_876,0.6368563670745869
LLFGYPVYV_nb_6514,0.5860203070120775
ELAGIGILTV_nb_269,0.39195130310768633
GILGFVFTL_nb_5129,0.6641032994804897
LLFGYPVYV_nb_6170,0.8437057108659749
LLFGYPVYV_nb_6342,0.7288466067155579
FLYALALLL_nb_4649,0.5601695245870268
LLDFVRFMGV_nb_3519,0.8322374390490347
LLDFVRFMGV_nb_7985,0.2899781722546018
FLYALALLL_nb_9156,0.2090069839137365
GILGFVFTL_2768,0.898179835380483
ELAGIGILTV_3432,0.4092681420763862
GILGFVFTL_1770,0.8996288037959441
GLCTLVAML_nb_10773,0.16124487482143698
GILGFVFTL_nb_1126,0.8656926337432076
LLFGYPVYV_nb_11347,0.3834104063382705
ELAGIGILTV_nb_2712,0.35725789453228723
ELAGIGILTV_nb_7260,0.4062043175053412
FLYALALLL_nb_8619,0.6858613683070239
GILGFVFTL_3027,0.8917454972627901
LLDFVRFMGV_nb_3384,0.566695301908551
LLFGYPVYV_nb_11175,0.7021335943294585
ELAGIGILTV_nb_2520,0.6395654216990605
GILGFVFTL_nb_9945,0.3431736326067615
ELAGIGILTV_nb_7052,0.5265973148755796
LLFGYPVYV_nb_11949,0.8079241825993266
GILGFVFTL_3215,0.9119295549919375
GILGFVFTL_1542,0.74343429297216
GLCTLVAML_nb_5332,0.36161639361764764
GLCTLVAML_nb_10541,0.3763915897793404
ELAGIGILTV_nb_2144,0.6057466141843106
FLYALALLL_nb_8873,0.5758333736176592
LLFGYPVYV_nb_11511,0.7271317933848318
LLFGYPVYV_nb_1990,0.2686357457413122
ELAGIGILTV_nb_7436,0.8183768271540728
GILGFVFTL_1126,0.9255560352199033
GLCTLVAML_nb_5756,0.7398346838736269
LLFGYPVYV_nb_6389,0.6937226199163833
FLYALALLL_nb_4682,0.7967852047720669
GLCTLVAML_nb_10125,0.5040095260583034
GLCTLVAML_nb_5564,0.15036433997691023
GILGFVFTL_1314,0.9263682560455803
GLCTLVAML_nb_10317,0.32042793093216865
ELAGIGILTV_nb_2376,0.23015126933749944
LLDFVRFMGV_nb_8308,0.2086015819217037
ELAGIGILTV_nb_7604,0.7100887355536005
FLYALALLL_nb_8887,0.565851158536006
LLDFVRFMGV_nb_3526,0.19425452836796153
FLYALALLL_nb_9169,0.3246854438654099
LLFGYPVYV_nb_1964,0.8738623472286249
FLYALALLL_nb_4676,0.3698907458417227
GLCTLVAML_nb_1302,0.6030954710386471
GLCTLVAML_nb_5590,0.8428449431609206
GILGFVFTL_nb_5116,0.6144773190168992
FLYALALLL_nb_4444,0.7168765471346568
ELAGIGILTV_nb_2382,0.7074270058098093
LLDFVRFMGV_nb_3714,0.7781477959492852
ELAGIGILTV_nb_256,0.8784072191629371
GILGFVFTL_2565,0.9266305827099613
GILGFVFTL_1784,0.9141252850876396
GLCTLVAML_nb_10787,0.20392652111103507
FLYALALLL_nb_4020,0.7019398868027926
GLCTLVAML_nb_1554,0.8390919628784215
GILGFVFTL_2101,0.8923333340379584
ELAGIGILTV_nb_7294,0.3605378858816024
FLYALALLL_nb_849,0.6398389545286943
LLDFVRFMGV_nb_3370,0.6440341704721358
LLFGYPVYV_nb_11181,0.8640335236450476
GILGFVFTL_2333,0.8681274510105932
LLDFVRFMGV_nb_3142,0.7462416573181909
LLFGYPVYV_nb_6719,0.5985353356945396
FLYALALLL_nb_4212,0.8726911490725421
LLFGYPVYV_nb_6345,0.780203344604043
ELAGIGILTV_nb_2188,0.8362093702302816
FLYALALLL_nb_9151,0.727049252935825
LLDFVRFMGV_nb_7982,0.3208487590440209
LLFGYPVYV_nb_6177,0.3022836307463891
GILGFVFTL_nb_9387,0.3380849142020176
LLDFVRFMGV_nb_447,0.24253246884889035
LLFGYPVYV_nb_1736,0.7481944402924523
GILGFVFTL_2139,0.906790803931966
LLDFVRFMGV_nb_3348,0.21655399845263462
FLYALALLL_nb_871,0.7077066510338874
LLFGYPVYV_nb_6513,0.6702477568947924
FLYALALLL_nb_4018,0.5520062285362047
ELAGIGILTV_380,0.8471961190380122
LLFGYPVYV_nb_6721,0.25434495428482945
FLYALALLL_nb_3833,0.2114710571556246
ELAGIGILTV_nb_6970,0.16417890421574222
LLDFVRFMGV_nb_675,0.2707521389047018
GILGFVFTL_nb_9989,0.7077002644795172
LLFGYPVYV_nb_10857,0.33869968013888807
GILGFVFTL_nb_9373,0.1729252633187468
ELAGIGILTV_nb_7258,0.2964617910197729
FLYALALLL_nb_8621,0.20876836807165655
FLYALALLL_nb_885,0.8763627221459735
GILGFVFTL_1748,0.9355136723250456
GILGFVFTL_353,0.7775815715454065
GLCTLVAML_nb_1598,0.6438597019227288
GLCTLVAML_nb_5904,0.19424132020145868
GLCTLVAML_nb_10579,0.7613488946239364
GILGFVFTL_161,0.866001526468869
ELAGIGILTV_nb_6984,0.8489219937094553
LLDFVRFMGV_nb_681,0.7121110350994919
ELAGIGILTV_nb_2518,0.15607356577290207
GILGFVFTL_1922,0.6823510949288638
GILGFVFTL_nb_9525,0.7861987425546021
LLFGYPVYV_nb_11529,0.43664503962109874
LLDFVRFMGV_nb_7976,0.3510553937808785
LLDFVRFMGV_nb_8102,0.794818315652374
GILGFVFTL_nb_9717,0.5986122553900868
LLDFVRFMGV_nb_8330,0.20919034585824253
LLFGYPVYV_nb_6183,0.7850223315671307
FLYALALLL_nb_4488,0.3620992554603556
GILGFVFTL_737,0.8988481627094679
GILGFVFTL_nb_4834,0.3379267047006405
LLFGYPVYV_nb_11186,0.639602145783977
GILGFVFTL_2334,0.6842716367425106
LLFGYPVYV_nb_10868,0.31501898554177155
LLDFVRFMGV_nb_3145,0.703847356181996
GILGFVFTL_996,0.8750310325285726
GLCTLVAML_3079,0.5247876074308842
FLYALALLL_nb_4215,0.22469686502732364
GLCTLVAML_nb_10780,0.6761183420018675
GLCTLVAML_nb_1553,0.40631033755789386
FLYALALLL_nb_4027,0.4802156835581963
LLDFVRFMGV_nb_478,0.22531749695137865
LLFGYPVYV_nb_1709,0.45579207451289433
ELAGIGILTV_nb_7293,0.7514771894009248
GILGFVFTL_2106,0.8944495288310027
LLDFVRFMGV_nb_3377,0.837562511738815
GILGFVFTL_nb_5111,0.5576827502829926
GLCTLVAML_nb_5597,0.6262870895783506
LLFGYPVYV_nb_6148,0.7641000113385712
FLYALALLL_nb_4443,0.7555089343392807
ELAGIGILTV_nb_2385,0.31917512846509133
LLDFVRFMGV_nb_3713,0.6093887384535864
GLCTLVAML_1944,0.4327264481776087
GILGFVFTL_2562,0.9015240151569166
ELAGIGILTV_nb_251,0.7268915878716418
FLYALALLL_nb_8880,0.7055053404656781
LLFGYPVYV_nb_1963,0.8271078000186091
LLDFVRFMGV_nb_3521,0.7331186714539413
GILGFVFTL_2750,0.8881618235007137
GLCTLVAML_nb_11838,0.09080096337101168
GLCTLVAML_nb_1305,0.26054218102582816
FLYALALLL_nb_4671,0.7768045300748845
GILGFVFTL_1313,0.1430427413456659
GLCTLVAML_nb_5563,0.47056149582805723
GILGFVFTL_708,0.8528095641012929
GLCTLVAML_nb_10310,0.7089876449003553
ELAGIGILTV_nb_2371,0.7628394104530989
GILGFVFTL_nb_9728,0.3086128632064292
GILGFVFTL_nb_11822,0.7986976024543169
ELAGIGILTV_nb_7603,0.702498331102447
GILGFVFTL_2596,0.9337615382871111
ELAGIGILTV_nb_2143,0.3988357554442722
FLYALALLL_nb_8874,0.1446476728649087
LLFGYPVYV_nb_11516,0.555085428426891
LLFGYPVYV_nb_1997,0.700526534212478
LLDFVRFMGV_nb_7949,0.21909711191159847
ELAGIGILTV_nb_7431,0.5303986812769614
GLCTLVAML_nb_5751,0.6364181177976443
FLYALALLL_nb_4685,0.8265346953671227
GLCTLVAML_nb_10122,0.6400941654149217
LLFGYPVYV_nb_11172,0.7291319972237809
ELAGIGILTV_nb_2527,0.2475463172192538
GILGFVFTL_nb_9942,0.743066712327816
ELAGIGILTV_nb_7055,0.7538270989718777
GILGFVFTL_3212,0.8565417278558161
GILGFVFTL_962,0.8863079134280412
GLCTLVAML_nb_5335,0.48611464744506805
GILGFVFTL_1545,0.6609808042216887
GLCTLVAML_nb_10546,0.8537602323251939
GILGFVFTL_1777,0.9058062146731883
GLCTLVAML_nb_10774,0.6791350437703544
GILGFVFTL_nb_1121,0.5984089358594343
LLFGYPVYV_nb_11340,0.7693959455234402
ELAGIGILTV_nb_2715,0.8493453793957056
ELAGIGILTV_nb_7267,0.5860753769240739
LLDFVRFMGV_nb_3383,0.8135802121110665
GILGFVFTL_3020,0.33796131334419904
ELAGIGILTV_nb_2544,0.5305711681318562
LLFGYPVYV_nb_11111,0.6350283158814024
GILGFVFTL_3271,0.20997998527268608
GILGFVFTL_nb_9921,0.2685161987325346
ELAGIGILTV_nb_7036,0.5963416504493801
GLCTLVAML_nb_5356,0.33342786565156846
LLDFVRFMGV_nb_11689,0.5873715019230641
ELAGIGILTV_926,0.7320724361744438
GILGFVFTL_1526,0.6749841896639694
LLFGYPVYV_nb_6789,0.4964945492658357
GILGFVFTL_901,0.3805533582141353
GLCTLVAML_2900,0.17795991143699152
FLYALALLL_nb_4282,0.6835574844311937
GLCTLVAML_nb_10525,0.8288293732729366
GILGFVFTL_1714,0.43261183725066277
GLCTLVAML_nb_5958,0.5582771140136217
GILGFVFTL_nb_1142,0.6628852389140714
GLCTLVAML_nb_10717,0.36525283168507655
ELAGIGILTV_nb_2776,0.5370760263088762
LLDFVRFMGV_nb_7740,0.20137825869924592
LLFGYPVYV_nb_11323,0.5308652753184504
GILGFVFTL_3043,0.6038781155034618
ELAGIGILTV_nb_7204,0.8536509045979792
GILGFVFTL_2191,0.7134533599362707
GILGFVFTL_nb_5186,0.8393405732210294
GLCTLVAML_nb_5500,0.8813604103358753
GLCTLVAML_nb_10373,0.8149193439733665
GILGFVFTL_nb_4868,0.77146540459835
ELAGIGILTV_nb_2312,0.7285579652717377
ELAGIGILTV_nb_7660,0.7771895903881002
LLDFVRFMGV_nb_3784,0.38536960771252005
GILGFVFTL_nb_9579,0.32796329264860213
FLYALALLL_nb_8817,0.23062086809763463
ELAGIGILTV_nb_2120,0.7123266655772897
ELAGIGILTV_nb_7452,0.3496662683432438
GLCTLVAML_nb_5732,0.8175274987898308
GILGFVFTL_559,0.8876250590757975
GLCTLVAML_nb_10141,0.26184814914700505
GLCTLVAML_nb_1392,0.7822925000180494
GILGFVFTL_nb_5172,0.8258854352591424
GILGFVFTL_1384,0.8892733706528563
GLCTLVAML_nb_10387,0.19643801410268952
LLFGYPVYV_nb_6917,0.10848508008372194
FLYALALLL_nb_4420,0.18047473968958772
ELAGIGILTV_nb_7694,0.5021461432671014
GILGFVFTL_2501,0.820400338911619
ELAGIGILTV_nb_232,0.4863848635027278
LLDFVRFMGV_nb_8398,0.20204320995936353
LLDFVRFMGV_nb_3770,0.5772134246834543
GILGFVFTL_2733,0.2161113745837434
LLFGYPVYV_nb_1900,0.3190341242040654
LLDFVRFMGV_nb_3542,0.8370716455295094
LLFGYPVYV_nb_6319,0.1982970926707167
GLCTLVAML_nb_1366,0.23919138481216218
FLYALALLL_nb_4612,0.7948323068374835
LLDFVRFMGV_nb_629,0.18523623452184151
LLDFVRFMGV_nb_3126,0.7514186341116093
GILGFVFTL_3285,0.912167685954963
GILGFVFTL_2357,0.6202813506115727
FLYALALLL_nb_4276,0.7032873746837913
GLCTLVAML_nb_1530,0.1976641444434052
FLYALALLL_nb_4044,0.3631925715253064
ELAGIGILTV_nb_2782,0.23900368102597622
GILGFVFTL_2959,0.9268818576009485
LLDFVRFMGV_nb_3314,0.23778397627884038
FLYALALLL_nb_8689,0.7420287859849983
GILGFVFTL_2165,0.3928737994933778
GLCTLVAML_nb_11890,0.2639223011415853
GILGFVFTL_566,0.8305770029027161
GILGFVFTL_nb_9546,0.42107597637739724
FLYALALLL_nb_8828,0.19535625630340397
LLDFVRFMGV_nb_7915,0.7124967091586912
LLDFVRFMGV_nb_8161,0.22676296727028505
LLDFVRFMGV_nb_3589,0.214223606406373
GILGFVFTL_nb_9774,0.5882801745584851
LLDFVRFMGV_nb_8353,0.3426166931679522
GILGFVFTL_nb_4857,0.4988615073643034
ELAGIGILTV_nb_2749,0.7963354791046435
GILGFVFTL_nb_9310,0.7872370963588353
GILGFVFTL_2992,0.8850503292195737
FLYALALLL_nb_8642,0.47365343387244424
ELAGIGILTV_3469,0.8087972973096704
LLFGYPVYV_nb_6584,0.23944273913027372
GLCTLVAML_nb_5967,0.3237021472406831
GLCTLVAML_nb_10728,0.49122986841377925
GILGFVFTL_330,0.883519010837674
GLCTLVAML_nb_5369,0.3532653858392743
GILGFVFTL_1519,0.30540870577846285
GILGFVFTL_102,0.9205436762822239
ELAGIGILTV_nb_7009,0.8306667901530507
FLYALALLL_nb_8470,0.18539002099172674
LLFGYPVYV_nb_11912,0.3429799841000872
LLDFVRFMGV_nb_424,0.8325568917112351
LLFGYPVYV_nb_1755,0.48757740412541006
FLYALALLL_nb_812,0.21442888648390923
LLFGYPVYV_nb_6570,0.8124060031168364
GILGFVFTL_nb_1189,0.7523855229136082
GLCTLVAML_nb_5993,0.11867316981159504
LLDFVRFMGV_nb_11642,0.5402902871395207
LLFGYPVYV_nb_6742,0.7266129680717881
FLYALALLL_nb_4249,0.7735461221130353
LLDFVRFMGV_nb_616,0.8818739172195277
FLYALALLL_nb_3850,0.5893997073436708
LLFGYPVYV_nb_10834,0.7741013042731663
LLDFVRFMGV_nb_3119,0.5643792329353134
FLYALALLL_nb_8484,0.8011275943360456
LLFGYPVYV_nb_6326,0.5064221560210085
ELAGIGILTV_nb_11600,0.5307626227308023
GLCTLVAML_nb_11864,0.6036661117362567
GILGFVFTL_1189,0.9111354085652088
GILGFVFTL_592,0.8357167978323925
GLCTLVAML_nb_1359,0.4094778109893915
ELAGIGILTV_nb_7499,0.21495871687843168
FLYALALLL_nb_9132,0.1993810824116542
LLDFVRFMGV_nb_8195,0.3989566823821691
GILGFVFTL_nb_9780,0.20374098978844205
ELAGIGILTV_30,0.2424894250017458
LLFGYPVYV_nb_6114,0.560389238649576
LLFGYPVYV_nb_6928,0.7523878673629691
FLYALALLL_nb_4043,0.17836556038688578
GLCTLVAML_nb_1537,0.2741574869597412
ELAGIGILTV_nb_2785,0.2770188652225306
LLDFVRFMGV_nb_3313,0.47492042392764505
FLYALALLL_nb_3868,0.8297130401994807
GILGFVFTL_3282,0.901197940851899
LLDFVRFMGV_nb_3121,0.6370176092239198
GILGFVFTL_2350,0.9329011956987826
FLYALALLL_nb_4271,0.6430800401933678
GILGFVFTL_2734,0.85850698634303
LLDFVRFMGV_nb_3545,0.7682544576089972
LLFGYPVYV_nb_1907,0.5314975788968328
FLYALALLL_nb_4615,0.7762309880073015
GLCTLVAML_nb_1361,0.7604097209507903
GILGFVFTL_nb_5175,0.7783935955777251
GILGFVFTL_1383,0.921944477206602
LLFGYPVYV_nb_6910,0.6995501505264641
GLCTLVAML_nb_10380,0.29418414744528487
GILGFVFTL_798,0.9054545734446169
FLYALALLL_nb_4427,0.6130096066408915
ELAGIGILTV_nb_235,0.8371389272525283
GILGFVFTL_2506,0.8937530700018965
ELAGIGILTV_nb_7693,0.5723418032401425
LLDFVRFMGV_nb_3777,0.84218069341895
FLYALALLL_nb_8810,0.8572498452272924
ELAGIGILTV_nb_2127,0.8235370208909114
ELAGIGILTV_nb_7455,0.26261263723622524
LLDFVRFMGV_nb_8159,0.7347333239494914
GILGFVFTL_1145,0.9228787223009731
FLYALALLL_57,0.5319766490361197
GLCTLVAML_nb_5735,0.6512762254163493
GLCTLVAML_nb_10146,0.6711210517304372
GILGFVFTL_1979,0.9140976581771033
GLCTLVAML_nb_1395,0.6972013749404651
GLCTLVAML_nb_5507,0.8936895500573101
GILGFVFTL_nb_5181,0.5565696962427094
GLCTLVAML_nb_10374,0.6356152712746482
ELAGIGILTV_nb_2315,0.49798484364707885
ELAGIGILTV_nb_7667,0.5485402083421915
LLDFVRFMGV_nb_3783,0.9011971881040785
GILGFVFTL_1713,0.8632226210596623
GILGFVFTL_nb_1145,0.7938808697452018
GLCTLVAML_nb_10710,0.7672727602724274
GILGFVFTL_308,0.8967160619912184
LLFGYPVYV_nb_1799,0.21599335332672506
LLDFVRFMGV_nb_7747,0.7435228121528609
ELAGIGILTV_nb_2771,0.19745824759473046
GILGFVFTL_nb_9328,0.6168998527311406
LLFGYPVYV_nb_11324,0.7122582559486239
GILGFVFTL_3044,0.7539099495478772
GILGFVFTL_2196,0.9018195466543317
ELAGIGILTV_nb_7203,0.5871586472066096
ELAGIGILTV_nb_2543,0.6806013865019481
LLFGYPVYV_nb_11116,0.5141200721036399
GILGFVFTL_3276,0.9203520129741154
GILGFVFTL_nb_9926,0.22920910118009208
ELAGIGILTV_nb_7031,0.4364692879876778
GILGFVFTL_1521,0.9069904921066926
GLCTLVAML_nb_5351,0.25770837169688965
GILGFVFTL_906,0.4698608592923475
FLYALALLL_nb_4285,0.7964321474760984
GLCTLVAML_nb_10522,0.625796477887455
GILGFVFTL_nb_9787,0.6718581816782021
GILGFVFTL_2539,0.844303254683292
LLDFVRFMGV_nb_3748,0.7090226414163852
LLFGYPVYV_nb_6113,0.7060548339860407
FLYALALLL_nb_4418,0.1902039942659679
ELAGIGILTV_nb_11607,0.725578658516457
LLFGYPVYV_nb_6321,0.6271612547676335
GLCTLVAML_nb_11863,0.5474859814930352
GILGFVFTL_595,0.3869243413687487
LLDFVRFMGV_nb_8192,0.19299393554035643
LLFGYPVYV_nb_1938,0.852569340668331
FLYALALLL_nb_9135,0.6893786024430257
LLDFVRFMGV_nb_11645,0.8402401017073051
LLFGYPVYV_nb_6745,0.2137665200924545
GLCTLVAML_3022,0.6445369308931506
ELAGIGILTV_nb_2588,0.5936694219775134
LLDFVRFMGV_nb_611,0.4782739847690538
FLYALALLL_nb_3857,0.4982320904152767
LLFGYPVYV_nb_10833,0.21635069771850624
FLYALALLL_nb_8483,0.6585083239610007
LLFGYPVYV_nb_1752,0.818122720233581
LLDFVRFMGV_nb_423,0.4769855776402261
GILGFVFTL_2961,0.8911664942744192
FLYALALLL_nb_815,0.6181903641994304
LLFGYPVYV_nb_6577,0.26760584784724195
GLCTLVAML_nb_5994,0.7097599449236311
GLCTLVAML_nb_1508,0.36965259560088815
GILGFVFTL_105,0.6153875524153961
GLCTLVAML_1781,0.5666494638777121
LLFGYPVYV_nb_11129,0.7170905399949121
GILGFVFTL_nb_9919,0.34236120797419717
FLYALALLL_nb_8477,0.18680948688197344
LLFGYPVYV_nb_11915,0.604914432869623
LLDFVRFMGV_nb_7778,0.41537854732033797
GILGFVFTL_2995,0.8903077982249812
GILGFVFTL_nb_9317,0.3042156041769001
FLYALALLL_nb_8645,0.7832809200578856
LLFGYPVYV_nb_6583,0.8495190647725308
GLCTLVAML_nb_5960,0.30245860503876676
FLYALALLL_nb_4088,0.8140095859808367
GILGFVFTL_337,0.8773245961404503
GILGFVFTL_nb_9773,0.6509794144215794
ELAGIGILTV_nb_7658,0.7323952980933284
LLDFVRFMGV_nb_8354,0.30162847048338937
GLCTLVAML_nb_5538,0.6264458205192887
GILGFVFTL_1348,0.9296424877214784
GILGFVFTL_nb_4850,0.2399415881418502
GILGFVFTL_753,0.4983909571003766
GILGFVFTL_561,0.5991278887853312
GLCTLVAML_nb_10179,0.4536693066030317
GILGFVFTL_nb_9541,0.30573718646700676
ELAGIGILTV_nb_2118,0.715419326743902
LLDFVRFMGV_nb_8166,0.5423062204314445
LLDFVRFMGV_nb_7912,0.8186354668086001
GILGFVFTL_1187,0.6526283971225038
LLFGYPVYV_nb_6328,0.8155577387327781
FLYALALLL_nb_4623,0.5994571724579536
GLCTLVAML_nb_1357,0.7141321348387693
GLCTLVAML_nb_10184,0.13029030366806155
LLDFVRFMGV_nb_3573,0.4373865542997243
LLFGYPVYV_nb_1931,0.6070108194794094
ELAGIGILTV_nb_7497,0.664700165826547
GLCTLVAML_1916,0.8540897977594055
LLDFVRFMGV_nb_3741,0.7731697126031811
ELAGIGILTV_nb_203,0.7589342588585385
GILGFVFTL_2530,0.8619666736136624
GILGFVFTL_nb_5143,0.6690926469469023
FLYALALLL_nb_4411,0.7860207983009802
LLFGYPVYV_nb_6926,0.7654846076837838
GILGFVFTL_2968,0.8046413764725182
LLDFVRFMGV_nb_7785,0.3940639384891383
GILGFVFTL_2154,0.91121056718395
LLDFVRFMGV_nb_3325,0.3480208860232993
ELAGIGILTV_3493,0.7216135765615956
GILGFVFTL_nb_1187,0.1608445782630378
FLYALALLL_nb_4075,0.8375967176059801
GLCTLVAML_nb_1501,0.6238501065292483
GLCTLVAML_nb_5393,0.7769161358301145
FLYALALLL_nb_4247,0.16445765769589155
ELAGIGILTV_nb_2581,0.639077247853045
LLDFVRFMGV_nb_618,0.44794967378196926
GILGFVFTL_2366,0.9214725692579363
LLDFVRFMGV_nb_3117,0.47556885836394963
LLFGYPVYV_nb_11312,0.6197835116777526
LLDFVRFMGV_nb_7771,0.8027357148074235
ELAGIGILTV_nb_2747,0.7808756680269658
ELAGIGILTV_nb_7235,0.21686626271624815
GILGFVFTL_3072,0.6166179772018212
ELAGIGILTV_3467,0.3390972664248386
GILGFVFTL_1725,0.7732593245396225
GLCTLVAML_nb_10726,0.7869941516058393
GILGFVFTL_nb_1173,0.4695104715121579
GLCTLVAML_nb_5969,0.21100400473850728
FLYALALLL_nb_4081,0.8590164275572669
GILGFVFTL_930,0.5129679868479582
GILGFVFTL_1517,0.44726065194121845
GLCTLVAML_nb_5367,0.8671083623311264
GLCTLVAML_nb_10514,0.788771673443351
LLFGYPVYV_nb_11120,0.5942547481636293
ELAGIGILTV_nb_2575,0.5825877524982996
GILGFVFTL_nb_9910,0.6557412590985742
ELAGIGILTV_nb_7007,0.6228549774266915
GILGFVFTL_2392,0.8874091455075847
GILGFVFTL_3240,0.9131957787202122
GILGFVFTL_1173,0.8121122149764388
GLCTLVAML_nb_5703,0.6899035131124762
GLCTLVAML_nb_10170,0.6446368771229622
GILGFVFTL_568,0.6587609332010815
ELAGIGILTV_nb_2111,0.3825222203296617
GILGFVFTL_nb_9548,0.6721721488150179
FLYALALLL_nb_8826,0.22936067740801142
LLFGYPVYV_nb_11544,0.7882472520535617
LLDFVRFMGV_nb_3587,0.4554126337620472
ELAGIGILTV_nb_7463,0.8634147866321686
ELAGIGILTV_nb_2323,0.850483407427547
ELAGIGILTV_nb_7651,0.7565183140299596
GLCTLVAML_nb_5531,0.5983716199967162
GILGFVFTL_nb_4859,0.5146852249651885
GLCTLVAML_nb_10342,0.23696676171338227
FLYALALLL_nb_3861,0.6746720885747352
LLDFVRFMGV_nb_627,0.515332821637014
GILGFVFTL_2359,0.5322957293534214
LLDFVRFMGV_nb_3128,0.7508545850057438
LLFGYPVYV_nb_10805,0.8857098121587513
LLFGYPVYV_nb_6773,0.8437386217755753
LLDFVRFMGV_nb_11673,0.6814671729381676
FLYALALLL_nb_4278,0.7217766303530102
LLFGYPVYV_nb_6541,0.8375989053172013
GLCTLVAML_3226,0.8557323910749879
GILGFVFTL_2957,0.5828453008042072
LLFGYPVYV_nb_1764,0.8603162817183704
LLDFVRFMGV_nb_415,0.6326591795639369
FLYALALLL_nb_8687,0.8110769415860213
FLYALALLL_nb_823,0.8319541962879742
LLFGYPVYV_nb_6125,0.7304673922999978
GILGFVFTL_nb_4892,0.20076660873912533
LLFGYPVYV_nb_6919,0.6765338472230398
GLCTLVAML_nb_10389,0.5489273464910536
LLDFVRFMGV_nb_8396,0.30993244544393195
GILGFVFTL_nb_9583,0.8988917560959591
FLYALALLL_nb_9103,0.167352655883795
GLCTLVAML_nb_11855,0.4947690801815579
LLFGYPVYV_nb_6317,0.2197001142840211
GLCTLVAML_nb_1368,0.26306974405519046
ELAGIGILTV_584,0.8940209049457023
GILGFVFTL_1984,0.9241687194521939
GILGFVFTL_nb_5188,0.4078547470252897
GILGFVFTL_nb_4866,0.5451397019492503
LLDFVRFMGV_472,0.7353230846168597
GILGFVFTL_nb_9745,0.7553095942171588
LLDFVRFMGV_nb_8362,0.4196057975105714
GILGFVFTL_nb_9577,0.5831785706109479
FLYALALLL_nb_8819,0.6921972509048189
LLDFVRFMGV_nb_8150,0.7895861879359827
ELAGIGILTV_nb_2912,0.8677319545038181
LLDFVRFMGV_nb_7924,0.233388602760542
ELAGIGILTV_570,0.21183257160671773
GILGFVFTL_1970,0.9333825221274279
GILGFVFTL_557,0.5761274616249472
FLYALALLL_nb_3895,0.7845722518485598
ELAGIGILTV_nb_7038,0.4980514387679519
LLFGYPVYV_nb_11923,0.5239630560549591
LLFGYPVYV_nb_6787,0.8208605274517959
ELAGIGILTV_928,0.8426834761652887
LLDFVRFMGV_nb_11687,0.8025379578895807
GILGFVFTL_1528,0.8945052768345001
GLCTLVAML_nb_5358,0.3729285667263871
GILGFVFTL_133,0.8946562336392824
ELAGIGILTV_114,0.8309395592026307
ELAGIGILTV_3458,0.7628105181995258
GLCTLVAML_nb_10719,0.7000562491500661
GLCTLVAML_nb_5956,0.7641479921315073
GILGFVFTL_nb_9321,0.3528425262953597
LLFGYPVYV_nb_1790,0.7950501632446292
GLCTLVAML_1585,0.8132836345212023
ELAGIGILTV_nb_2778,0.2988106080889359
FLYALALLL_nb_8673,0.5271752463389788
ELAGIGILTV_nb_2324,0.8654123581882551
ELAGIGILTV_nb_7656,0.16980252829712061
GILGFVFTL_1346,0.8946988856508287
GLCTLVAML_nb_5536,0.700772489152393
GLCTLVAML_nb_10345,0.2303554003236637
GLCTLVAML_nb_5704,0.8396322159095835
GILGFVFTL_1174,0.8308045630292962
GILGFVFTL_1948,0.4053975547995764
GLCTLVAML_nb_10177,0.4209000065166511
ELAGIGILTV_nb_2116,0.3670687765382174
FLYALALLL_nb_8821,0.82766694094064
LLFGYPVYV_nb_11543,0.4223368796998195
LLDFVRFMGV_nb_3580,0.5871381158582456
LLDFVRFMGV_nb_8168,0.59173835804828
ELAGIGILTV_nb_7464,0.5254562360587791
GILGFVFTL_937,0.8900552262233911
GLCTLVAML_nb_5360,0.6127782257136822
ELAGIGILTV_910,0.8912992875357881
GILGFVFTL_1510,0.24036956313100213
GLCTLVAML_nb_10513,0.44755360455769166
LLFGYPVYV_nb_11127,0.8154927176341755
ELAGIGILTV_nb_2572,0.2966944256056259
GILGFVFTL_2395,0.8916272429090359
GILGFVFTL_nb_9917,0.46349581345258284
ELAGIGILTV_nb_7000,0.5570593150578415
FLYALALLL_nb_8479,0.7938091271922706
GILGFVFTL_3247,0.9048236601719136
GILGFVFTL_nb_9319,0.5798010653868451
LLFGYPVYV_nb_11315,0.6720374885334699
ELAGIGILTV_nb_2740,0.2504983062282905
LLDFVRFMGV_nb_7776,0.8275837668811503
ELAGIGILTV_nb_7232,0.17994223185112937
GILGFVFTL_3075,0.42995802480325024
GILGFVFTL_1722,0.902258505849178
GILGFVFTL_339,0.8815714968739669
GLCTLVAML_nb_10721,0.3553016204876094
FLYALALLL_nb_4086,0.7728425907301331
GILGFVFTL_nb_1174,0.09676071342447141
GLCTLVAML_nb_5394,0.6177915938305324
FLYALALLL_nb_4240,0.2946608153894062
FLYALALLL_nb_3859,0.48100926721655324
ELAGIGILTV_nb_2586,0.6581353431490625
GILGFVFTL_2361,0.7160312414904181
LLDFVRFMGV_nb_3110,0.7620432307444592
LLDFVRFMGV_nb_7782,0.1897020974733871
GILGFVFTL_2153,0.8309210405969729
LLDFVRFMGV_nb_3322,0.3571409604032698
ELAGIGILTV_3494,0.3278131555079894
LLFGYPVYV_nb_6579,0.532177493743853
GLCTLVAML_nb_1506,0.7266257537412888
FLYALALLL_nb_4072,0.6454906848940161
GILGFVFTL_nb_1180,0.8152616547097673
GILGFVFTL_nb_9789,0.28366899110413357
LLDFVRFMGV_nb_3746,0.20487430118122468
GILGFVFTL_2537,0.8616954929789007
ELAGIGILTV_nb_204,0.24766044082091024
GILGFVFTL_nb_5144,0.5480572281740577
FLYALALLL_nb_4416,0.7792444250789472
LLFGYPVYV_nb_6921,0.5882026991317842
GILGFVFTL_1180,0.8903959121813272
ELAGIGILTV_nb_11609,0.5239275131022716
GLCTLVAML_nb_1350,0.23781944139927802
FLYALALLL_nb_4624,0.6502002345919387
GLCTLVAML_nb_10183,0.663094291576239
LLFGYPVYV_nb_1936,0.8737280444031079
LLDFVRFMGV_nb_3574,0.2500382739330751
ELAGIGILTV_nb_7490,0.20615228205618524
GILGFVFTL_306,0.8986052703129674
GLCTLVAML_nb_5951,0.5342733745867314
GILGFVFTL_nb_9326,0.31582555449103966
LLFGYPVYV_nb_1797,0.7565615293440585
LLDFVRFMGV_nb_7749,0.7166352679477769
FLYALALLL_nb_8674,0.7933885893073951
GILGFVFTL_2198,0.7960078009431488
LLFGYPVYV_nb_11118,0.4080452996214933
FLYALALLL_nb_3892,0.20534070729911313
GILGFVFTL_nb_9928,0.780338971341302
LLFGYPVYV_nb_11924,0.6063106684136889
GILGFVFTL_3278,0.6545370807870092
LLFGYPVYV_nb_6780,0.27071299237872165
LLDFVRFMGV_nb_11680,0.140375452329615
GILGFVFTL_134,0.9125629640908776
ELAGIGILTV_nb_2129,0.8595486637340695
GILGFVFTL_nb_9570,0.23231502455568315
LLDFVRFMGV_nb_7923,0.8258485059554468
LLDFVRFMGV_nb_8157,0.605219254300704
GILGFVFTL_1977,0.8939371240990572
GLCTLVAML_nb_10148,0.7267872668694142
GILGFVFTL_550,0.892013825389552
GILGFVFTL_1379,0.373536143085725
GLCTLVAML_nb_5509,0.30422732051054613
GILGFVFTL_nb_4861,0.36450564231542354
GILGFVFTL_nb_9742,0.5782603672655767
LLDFVRFMGV_475,0.7593359149984951
LLDFVRFMGV_nb_8365,0.5966288985076398
ELAGIGILTV_nb_7669,0.596270578500996
GILGFVFTL_nb_9584,0.3412953879917551
FLYALALLL_nb_9104,0.16265375347607705
LLFGYPVYV_nb_1909,0.48194585836067544
GLCTLVAML_nb_11852,0.6103841731012116
LLFGYPVYV_nb_6310,0.31763823864848184
GILGFVFTL_1983,0.919397414312713
LLFGYPVYV_nb_6122,0.5174600399772114
FLYALALLL_nb_4429,0.727779841816292
GILGFVFTL_796,0.9295800516983953
GILGFVFTL_nb_4895,0.278165215601786
LLDFVRFMGV_nb_3779,0.805727735276229
LLDFVRFMGV_nb_8391,0.3390681065832671
GILGFVFTL_2508,0.925862433684776
LLFGYPVYV_nb_6546,0.5602808251396816
GLCTLVAML_nb_1539,0.6650865135446037
GILGFVFTL_2950,0.8862871341135469
LLDFVRFMGV_nb_412,0.41737640874322335
GLCTLVAML_1576,0.8041833635565718
LLFGYPVYV_nb_1763,0.4538980083046901
FLYALALLL_nb_8680,0.8215723668022015
FLYALALLL_nb_824,0.17726393851188757
FLYALALLL_nb_3866,0.6724638977016817
LLDFVRFMGV_nb_620,0.6372781023753938
LLFGYPVYV_nb_10802,0.25438563847583473
LLFGYPVYV_nb_6774,0.7147680033260138
LLDFVRFMGV_nb_11674,0.2349689118048325
GLCTLVAML_nb_10578,0.2449582830809105
ELAGIGILTV_nb_2519,0.21434681657553928
LLDFVRFMGV_nb_680,0.8815761374335841
ELAGIGILTV_nb_6985,0.6320826635776805
FLYALALLL_nb_8620,0.8556081166521118
ELAGIGILTV_nb_7259,0.7268292959455024
FLYALALLL_nb_884,0.8583051407324574
GILGFVFTL_nb_9372,0.8051472403589754
GILGFVFTL_352,0.766937839303672
GLCTLVAML_nb_5905,0.31010875856046377
GLCTLVAML_nb_1599,0.6041391125929518
GILGFVFTL_1749,0.9124815659065445
LLDFVRFMGV_nb_8331,0.4209368860813751
GILGFVFTL_nb_9716,0.745600554323357
FLYALALLL_nb_4489,0.37372788837981935
ELAGIGILTV_711,0.8667330521830088
GILGFVFTL_nb_4835,0.7154566963195711
GILGFVFTL_736,0.8944250641203244
LLFGYPVYV_nb_6182,0.4317329556086335
GILGFVFTL_1923,0.6384512512675691
GILGFVFTL_504,0.8461718953028041
LLDFVRFMGV_nb_8103,0.16610252538704012
LLDFVRFMGV_nb_7977,0.547690592908269
LLFGYPVYV_nb_11528,0.6843809349464929
GILGFVFTL_nb_9524,0.23066071399977017
LLFGYPVYV_nb_6176,0.7668707893864
LLFGYPVYV_nb_6344,0.5893064592682337
FLYALALLL_nb_9150,0.20295320063859384
LLDFVRFMGV_nb_7983,0.5067872858513081
ELAGIGILTV_nb_2189,0.7417391801744877
GILGFVFTL_194,0.8955326360526397
LLFGYPVYV_nb_6720,0.7273110277006745
GILGFVFTL_nb_9988,0.6796319531656373
LLFGYPVYV_nb_10856,0.8158119257364103
FLYALALLL_nb_3832,0.7034446539960784
LLDFVRFMGV_nb_674,0.7282720923040467
ELAGIGILTV_nb_6971,0.5352922654126164
GILGFVFTL_2138,0.7725184345852992
FLYALALLL_nb_870,0.6176706172159652
LLDFVRFMGV_nb_3349,0.5875915643106694
GILGFVFTL_2904,0.9049718395263969
GILGFVFTL_nb_9386,0.5635936658661749
LLFGYPVYV_nb_1737,0.6006838273747327
LLDFVRFMGV_nb_446,0.6639655100322412
FLYALALLL_nb_4019,0.25831040407509487
ELAGIGILTV_381,0.8389975647735719
LLFGYPVYV_nb_6512,0.6674575146787984
LLDFVRFMGV_nb_7948,0.8675076001112261
LLFGYPVYV_nb_1996,0.34079462836646
ELAGIGILTV_nb_7430,0.7160505975170721
ELAGIGILTV_nb_2142,0.3378471386282493
LLFGYPVYV_nb_11517,0.42766657778113304
FLYALALLL_nb_8875,0.20751410642792462
FLYALALLL_nb_4684,0.483139628745558
GLCTLVAML_nb_10123,0.13561609749353987
GILGFVFTL_1120,0.9004639235277425
GLCTLVAML_nb_5750,0.6973485848522074
GLCTLVAML_2708,0.33180553967613285
GLCTLVAML_nb_10311,0.5468521346282786
GLCTLVAML_nb_5562,0.8676217374519183
GILGFVFTL_1312,0.5764575327525335
GILGFVFTL_3445,0.8691039053391492
GILGFVFTL_2597,0.897925379682897
ELAGIGILTV_nb_7602,0.26811459180713254
ELAGIGILTV_nb_2370,0.6383418169124828
GILGFVFTL_nb_11823,0.2621749558165005
GILGFVFTL_nb_9729,0.6488249553899872
GLCTLVAML_nb_10775,0.5172030511746524
GILGFVFTL_nb_1120,0.7416206468588386
GILGFVFTL_1776,0.7411926057211459
ELAGIGILTV_nb_7266,0.18990543099395196
LLDFVRFMGV_nb_3382,0.7539740031874507
LLFGYPVYV_nb_11341,0.8278861915816402
ELAGIGILTV_nb_2714,0.828222329321989
GILGFVFTL_nb_9943,0.7701660417757668
ELAGIGILTV_nb_7054,0.7012861918201383
GILGFVFTL_3213,0.8589971998557479
LLFGYPVYV_nb_11173,0.5001437439649233
ELAGIGILTV_nb_2526,0.8317592692564832
GLCTLVAML_nb_10547,0.22992607390168635
GILGFVFTL_963,0.8961013829423194
GILGFVFTL_1544,0.9329011956987826
GLCTLVAML_nb_5334,0.3137085743711254
GILGFVFTL_399,0.638774401000111
GLCTLVAML_nb_10781,0.7698881809389044
GLCTLVAML_nb_1552,0.6164215910059792
FLYALALLL_nb_4026,0.18271367467722113
GILGFVFTL_2107,0.9034222458558205
ELAGIGILTV_nb_7292,0.2299567605198746
LLDFVRFMGV_nb_3376,0.8372109274674526
LLFGYPVYV_nb_1708,0.6773988671498886
LLDFVRFMGV_nb_479,0.6467048826630182
GILGFVFTL_2335,0.5174665601146335
LLDFVRFMGV_nb_3144,0.7614929114116626
LLFGYPVYV_nb_10869,0.260222300557971
LLFGYPVYV_nb_11187,0.6046752850525443
FLYALALLL_nb_4214,0.6565304109614853
GILGFVFTL_997,0.9297480040265185
LLDFVRFMGV_nb_3520,0.7342007288420895
LLFGYPVYV_nb_1962,0.778182306261114
GILGFVFTL_2751,0.864238409407872
FLYALALLL_nb_8881,0.7055071793793481
GLCTLVAML_nb_1304,0.6896133785160452
FLYALALLL_nb_4670,0.3752861036153816
GLCTLVAML_nb_11839,0.7004253991699878
FLYALALLL_nb_4442,0.7021273188118589
GLCTLVAML_nb_5596,0.45969246613694775
GILGFVFTL_nb_5110,0.2871350657693377
LLFGYPVYV_nb_6149,0.7535184678178554
GLCTLVAML_1945,0.6312729410086295
LLDFVRFMGV_nb_3712,0.42608812114080674
FLYALALLL_1147,0.6006265287043656
GILGFVFTL_2563,0.8955690507061734
ELAGIGILTV_nb_250,0.2577690015362292
ELAGIGILTV_nb_2384,0.337574009667152
FLYALALLL_nb_877,0.7545388627536112
GILGFVFTL_nb_9381,0.22356545289278407
GILGFVFTL_2903,0.6713650062050722
LLDFVRFMGV_nb_441,0.8875369300500643
LLFGYPVYV_nb_1730,0.24109128011934366
LLFGYPVYV_nb_6515,0.6346762206798884
GILGFVFTL_193,0.9049829843334953
GLCTLVAML_3040,0.2789056663632412
LLFGYPVYV_nb_6727,0.2991859265940171
LLDFVRFMGV_nb_11627,0.3111338710934866
GILGFVFTL_1588,0.18270277881412517
ELAGIGILTV_nb_7098,0.8115869305208601
LLFGYPVYV_nb_10851,0.20426737413542914
FLYALALLL_nb_3835,0.8627884942562013
ELAGIGILTV_nb_6976,0.894686450722938
LLDFVRFMGV_nb_673,0.8405886505337052
FLYALALLL_nb_4648,0.41001932474151526
LLFGYPVYV_nb_6343,0.8039103894212026
LLDFVRFMGV_nb_7984,0.7862474977556309
FLYALALLL_nb_9157,0.8336847903426143
LLDFVRFMGV_nb_3518,0.5001335060646946
GILGFVFTL_2769,0.4335326553498313
ELAGIGILTV_nb_268,0.4256639805639789
GILGFVFTL_nb_5128,0.8045809984412187
LLFGYPVYV_nb_6171,0.5688401676660525
GILGFVFTL_1924,0.8791946970131334
GLCTLVAML_nb_5768,0.327402355634684
LLDFVRFMGV_nb_7970,0.22179699354667057
LLDFVRFMGV_nb_8104,0.6695600945553082
ELAGIGILTV_nb_7408,0.8481118029223337
GILGFVFTL_nb_9523,0.5705526642711949
LLDFVRFMGV_nb_8336,0.6829632626977148
GLCTLVAML_1989,0.9040316692888197
ELAGIGILTV_nb_2348,0.8069987738962574
GILGFVFTL_nb_9711,0.31125902717951726
GLCTLVAML_nb_10329,0.7401490454286398
GILGFVFTL_nb_4832,0.9025298015934389
LLFGYPVYV_nb_6185,0.5502139329665738
FLYALALLL_nb_8627,0.6306855722376243
GILGFVFTL_3019,0.2813776858811819
FLYALALLL_nb_883,0.6343678897576854
LLFGYPVYV_nb_11379,0.4695226446178062
GILGFVFTL_nb_9375,0.4036652186492576
GILGFVFTL_355,0.9023590875834415
GLCTLVAML_nb_5902,0.7850153893605416
GILGFVFTL_nb_1118,0.5555940053554324
GILGFVFTL_167,0.9034481508543967
LLDFVRFMGV_nb_3188,0.6266157065237419
ELAGIGILTV_nb_6982,0.7046222842174027
LLDFVRFMGV_nb_687,0.7462937746784538
FLYALALLL_nb_4445,0.4250521872998017
GILGFVFTL_nb_5117,0.18737565216518698
GLCTLVAML_nb_5591,0.6023333852880675
LLDFVRFMGV_nb_3715,0.8243278446516553
ELAGIGILTV_nb_257,0.8539751202987139
GILGFVFTL_2564,0.9214703629399743
ELAGIGILTV_nb_2383,0.6006331529235498
FLYALALLL_nb_9168,0.44708457291768333
LLFGYPVYV_nb_1965,0.7112362551565129
LLDFVRFMGV_nb_3527,0.33824725651215615
GILGFVFTL_2756,0.8454138355463785
FLYALALLL_nb_8886,0.3220502848718396
FLYALALLL_nb_4677,0.6657432502055345
GLCTLVAML_nb_1303,0.748959641252985
GILGFVFTL_2332,0.912057978087311
LLDFVRFMGV_nb_3143,0.7277240862588845
LLFGYPVYV_nb_11180,0.6035517703965282
FLYALALLL_nb_4213,0.7522564398473963
LLFGYPVYV_nb_6718,0.3539065355789801
GLCTLVAML_nb_10786,0.4957415418744163
FLYALALLL_nb_4021,0.8328946481496138
GLCTLVAML_nb_1555,0.8512278633953994
LLFGYPVYV_1002,0.6183578515167139
GILGFVFTL_1785,0.3537886130433935
ELAGIGILTV_nb_7295,0.27484482893940293
GILGFVFTL_2100,0.5288559965251467
LLDFVRFMGV_nb_3371,0.28070303772716326
FLYALALLL_nb_848,0.5775564107623518
LLFGYPVYV_nb_11948,0.19138761301295798
GILGFVFTL_nb_9944,0.24342927532510134
ELAGIGILTV_nb_7053,0.8712293966361823
GILGFVFTL_3214,0.9311254074471915
LLFGYPVYV_nb_11174,0.21949886872439606
ELAGIGILTV_nb_2521,0.8034587618128883
GLCTLVAML_nb_10540,0.2612305839245195
GILGFVFTL_158,0.9008134051128887
GLCTLVAML_nb_5333,0.5393342498244145
GLCTLVAML_nb_10772,0.6381308094955691
GILGFVFTL_nb_1127,0.7201302584135918
GILGFVFTL_1771,0.3640203995098185
FLYALALLL_nb_8618,0.7583244228087955
ELAGIGILTV_nb_7261,0.43918660619537814
LLDFVRFMGV_nb_3385,0.6635970792923058
LLFGYPVYV_nb_11346,0.5345749287095376
ELAGIGILTV_nb_2713,0.702025671972168
GLCTLVAML_nb_10316,0.21300065733114387
GILGFVFTL_1315,0.4735697666259661
GLCTLVAML_nb_5565,0.7148252826140898
LLDFVRFMGV_nb_8309,0.7536416690203892
ELAGIGILTV_nb_7605,0.5904489601720542
GILGFVFTL_2590,0.8998216336521001
ELAGIGILTV_nb_2377,0.7957025097754451
LLFGYPVYV_nb_1991,0.7657465473910265
ELAGIGILTV_nb_7437,0.3481201623220263
ELAGIGILTV_nb_2145,0.6613062927164106
LLFGYPVYV_nb_11510,0.7354448740535289
FLYALALLL_nb_8872,0.7061538456235383
FLYALALLL_nb_4683,0.8485575472418074
GLCTLVAML_nb_10124,0.80780602695591
GLCTLVAML_nb_5757,0.4623353176589719
GILGFVFTL_1127,0.9262642027349693
LLFGYPVYV_nb_6388,0.5372487819839515
FLYALALLL_nb_9161,0.2887408606354215
LLFGYPVYV_nb_6375,0.8735261874392698
GLCTLVAML_nb_11837,0.73961615905431
LLFGYPVYV_nb_6147,0.8618158612476491
GLCTLVAML_nb_5598,0.7832467672271681
ELAGIGILTV_63,0.8875621531671887
FLYALALLL_nb_4028,0.5525632251623649
GILGFVFTL_397,0.9228787223009731
LLFGYPVYV_nb_6523,0.9154557249552329
LLDFVRFMGV_nb_3378,0.4532576908952174
FLYALALLL_nb_841,0.5548965672057379
GILGFVFTL_2109,0.4482259389012547
LLDFVRFMGV_nb_477,0.8868480845034786
LLFGYPVYV_nb_1706,0.66980484843457
GILGFVFTL_2935,0.8584681427213795
LLFGYPVYV_nb_10867,0.361220816414601
LLDFVRFMGV_nb_645,0.6334575279998257
LLFGYPVYV_nb_11189,0.48868247544765786
LLFGYPVYV_nb_6711,0.7020467062104367
GILGFVFTL_999,0.8541413532541854
GLCTLVAML_nb_5934,0.7159033909185829
GILGFVFTL_363,0.9067105126910359
FLYALALLL_nb_8611,0.6738043843892111
ELAGIGILTV_nb_7268,0.38586926689827794
LLDFVRFMGV_nb_483,0.7283572353431431
GILGFVFTL_nb_9343,0.2642347180987378
LLFGYPVYV_nb_10893,0.8675586019415225
LLFGYPVYV_nb_11941,0.5843112147620305
ELAGIGILTV_nb_2528,0.841534203246648
GLCTLVAML_3082,0.598559565928745
GILGFVFTL_151,0.694548944866253
GLCTLVAML_2150,0.752932003210991
GLCTLVAML_nb_10549,0.724772787560358
LLDFVRFMGV_nb_7946,0.21161565787368597
LLFGYPVYV_nb_1998,0.6827939461417445
FLYALALLL_nb_9195,0.13947715365117178
LLDFVRFMGV_nb_8132,0.8548006653335811
LLFGYPVYV_nb_11519,0.316905167671408
GILGFVFTL_nb_9515,0.6476631375504991
GILGFVFTL_535,0.9365204808708466
GLCTLVAML_2534,0.5601393970114606
GILGFVFTL_1912,0.9355136723250456
LLFGYPVYV_nb_6381,0.7697695736124572
GILGFVFTL_707,0.8897955729377072
GLCTLVAML_2706,0.824152749107678
GILGFVFTL_nb_4804,0.7286700968634355
ELAGIGILTV_720,0.8593046627094345
GILGFVFTL_2599,0.921550142653212
LLDFVRFMGV_nb_8300,0.6868792848137403
GILGFVFTL_nb_9727,0.45543846643537944
FLYALALLL_nb_4225,0.8168055774241411
GLCTLVAML_nb_10582,0.18031396668573796
FLYALALLL_3077,0.7059701923597295
GILGFVFTL_1581,0.8110792882429618
LLFGYPVYV_nb_10858,0.6609862304074323
LLDFVRFMGV_nb_3175,0.7891443619187266
ELAGIGILTV_nb_7091,0.7357227748558917
GILGFVFTL_nb_9986,0.32316410461338135
LLDFVRFMGV_nb_3347,0.606803892285634
GILGFVFTL_2136,0.8719302317622208
LLDFVRFMGV_nb_448,0.48923625480278854
LLFGYPVYV_nb_1739,0.7352549020186444
GILGFVFTL_nb_9388,0.6207025742365332
LLFGYPVYV_nb_11384,0.640935391028145
FLYALALLL_nb_4017,0.7584905573529371
GLCTLVAML_nb_1563,0.6407578489646376
ELAGIGILTV_nb_261,0.6620803950300096
GILGFVFTL_2552,0.8274506219673335
LLDFVRFMGV_nb_3723,0.7663942298987728
LLFGYPVYV_nb_6944,0.7852697327869449
FLYALALLL_nb_4473,0.5901017838372747
FLYALALLL_nb_1101,0.7943265904404921
LLFGYPVYV_nb_6178,0.4464059069365922
GILGFVFTL_nb_5121,0.6973203375694008
FLYALALLL_nb_4641,0.2684417387338426
GLCTLVAML_nb_1335,0.5146004083671072
GLCTLVAML_nb_5795,0.8978514737078013
GILGFVFTL_2760,0.9218323577161006
LLFGYPVYV_nb_1953,0.5535298205500532
LLDFVRFMGV_nb_3511,0.8291154195951465
ELAGIGILTV_nb_2187,0.7963569759977827
ELAGIGILTV_nb_7633,0.2078616808402308
ELAGIGILTV_nb_295,0.7772115038788963
GILGFVFTL_3474,0.9282680153355592
GILGFVFTL_nb_9718,0.7964900665391599
GILGFVFTL_nb_11812,0.7006811757827074
ELAGIGILTV_nb_2341,0.542741332213798
GLCTLVAML_nb_10320,0.21696439975582082
FLYALALLL_nb_4487,0.20721627400200043
GILGFVFTL_1323,0.7785663404819632
GLCTLVAML_nb_5553,0.5386538431157601
GLCTLVAML_nb_10112,0.23313157566668719
GLCTLVAML_nb_5761,0.5753445630325347
ELAGIGILTV_nb_7401,0.8095673585766796
LLDFVRFMGV_nb_7979,0.7573613684029754
FLYALALLL_nb_8844,0.6473386498643591
LLFGYPVYV_nb_11526,0.2619487411307444
ELAGIGILTV_nb_2173,0.6644222972858982
GLCTLVAML_nb_10576,0.618978431976718
GLCTLVAML_nb_5305,0.6463137806381393
GILGFVFTL_1575,0.903529879544908
ELAGIGILTV_975,0.8864918931067841
GILGFVFTL_952,0.6081801708847714
LLDFVRFMGV_nb_3181,0.6804529655562699
ELAGIGILTV_1160,0.8289788992345082
GILGFVFTL_nb_9972,0.5545666739429259
ELAGIGILTV_nb_7065,0.5777515925539756
ELAGIGILTV_nb_2517,0.6169548386012493
LLFGYPVYV_nb_11142,0.1663601960918542
GILGFVFTL_3010,0.9109938544719816
ELAGIGILTV_nb_7257,0.48550506408724786
ELAGIGILTV_nb_2725,0.6447408079826655
LLFGYPVYV_nb_11370,0.43179254024754654
GLCTLVAML_nb_1597,0.2801563065773136
GILGFVFTL_nb_1111,0.5302113988880137
GLCTLVAML_nb_10744,0.7118312907850622
GILGFVFTL_1747,0.9341863601432494
ELAGIGILTV_3405,0.8508212976886271
GILGFVFTL_nb_4803,0.7153407712378319
GLCTLVAML_nb_10318,0.5844328891605922
GILGFVFTL_700,0.34910805726537925
LLDFVRFMGV_nb_8307,0.5560609259405973
GILGFVFTL_nb_9720,0.6815037210832916
ELAGIGILTV_nb_2379,0.31385669240416225
ELAGIGILTV_nb_7439,0.47735836302499823
LLDFVRFMGV_nb_8135,0.617352599343634
FLYALALLL_nb_9192,0.727245152588871
LLDFVRFMGV_nb_7941,0.5872020697856684
GILGFVFTL_nb_9512,0.4184699376238167
GILGFVFTL_532,0.5097451250856396
GILGFVFTL_1915,0.9216365804260291
LLFGYPVYV_nb_6386,0.8098073673829002
GILGFVFTL_1129,0.9279370789945183
GLCTLVAML_nb_5759,0.7183206223490717
LLFGYPVYV_nb_10894,0.649797738488808
LLFGYPVYV_nb_11946,0.1549955214342686
GILGFVFTL_156,0.9276520871120679
GILGFVFTL_nb_1129,0.7831320639226211
GLCTLVAML_nb_5933,0.23329101454355738
GILGFVFTL_364,0.39552519910463235
GILGFVFTL_3028,0.9195667886373613
FLYALALLL_nb_8616,0.5065674636519619
LLDFVRFMGV_nb_484,0.8317787668769141
LLFGYPVYV_nb_11348,0.2547800509245857
GILGFVFTL_nb_9344,0.15800831533093007
LLFGYPVYV_nb_10860,0.5670677571557932
LLDFVRFMGV_nb_642,0.5756237454801567
FLYALALLL_nb_3804,0.7062512907027917
LLFGYPVYV_nb_6716,0.20509125764268774
GLCTLVAML_nb_10788,0.5765831057991923
LLFGYPVYV_nb_6524,0.5328800742919174
FLYALALLL_nb_846,0.784634720039229
LLFGYPVYV_nb_1701,0.7214374353829921
LLDFVRFMGV_nb_470,0.5876469172173575
GILGFVFTL_2932,0.5925938526281381
LLFGYPVYV_nb_6140,0.3508242001108207
GILGFVFTL_nb_5119,0.6172759408698772
ELAGIGILTV_nb_259,0.69873875221034
LLDFVRFMGV_nb_3529,0.7631964360011116
FLYALALLL_nb_9166,0.6735215101439002
FLYALALLL_nb_8888,0.21677818774976132
GLCTLVAML_1342,0.7454297580021834
FLYALALLL_nb_4679,0.7609162699205975
LLFGYPVYV_nb_6372,0.608502612857816
GLCTLVAML_nb_11830,0.20509458158716037
GILGFVFTL_3017,0.13318841211733676
FLYALALLL_nb_8629,0.24908160633769963
ELAGIGILTV_nb_7250,0.8528104728325172
ELAGIGILTV_nb_2722,0.8403084274527335
LLFGYPVYV_nb_11377,0.5001164061575722
GLCTLVAML_3288,0.4327264481776087
GILGFVFTL_nb_1116,0.7624423563392335
GLCTLVAML_nb_1590,0.8093885179752418
GLCTLVAML_nb_10743,0.32847610476940736
GILGFVFTL_1740,0.5437927594288211
GLCTLVAML_nb_10571,0.31057480568506113
GILGFVFTL_1572,0.8712607577534033
GLCTLVAML_nb_5302,0.238137922458878
LLDFVRFMGV_nb_3186,0.7484962237873138
GILGFVFTL_3225,0.9224803324241593
GILGFVFTL_nb_9975,0.45274385966137504
ELAGIGILTV_nb_7062,0.2058621289198217
ELAGIGILTV_nb_2510,0.8032029876160762
LLDFVRFMGV_nb_689,0.8634852663012339
LLFGYPVYV_nb_11145,0.5635624963059245
GLCTLVAML_nb_10115,0.3463484092524804
GLCTLVAML_450,0.7590588393358817
GILGFVFTL_1116,0.5798355340708785
GLCTLVAML_nb_5766,0.3480549109628504
ELAGIGILTV_nb_7406,0.45103712374686367
FLYALALLL_nb_8843,0.6054983547751558
LLFGYPVYV_nb_11521,0.6639323262589982
ELAGIGILTV_nb_2174,0.2373227557728742
ELAGIGILTV_nb_292,0.6925476918399359
ELAGIGILTV_nb_7634,0.4976397048362878
LLDFVRFMGV_nb_8338,0.19246729697607357
GILGFVFTL_3473,0.875398756288704
GILGFVFTL_nb_11815,0.22753516678041438
ELAGIGILTV_nb_2346,0.7659542334304026
GLCTLVAML_nb_10327,0.739009728468289
FLYALALLL_nb_4480,0.5702379099604724
GLCTLVAML_nb_5554,0.8032291105390353
GILGFVFTL_1324,0.7960078009431488
GLCTLVAML_nb_1332,0.7009941061026235
FLYALALLL_nb_4646,0.7475978126206013
GLCTLVAML_nb_5792,0.692759516656643
GILGFVFTL_2767,0.9317776572905123
LLDFVRFMGV_nb_3516,0.7274588965839102
LLFGYPVYV_nb_1954,0.8435144714131184
FLYALALLL_nb_9159,0.7971973576451901
ELAGIGILTV_nb_2180,0.20513793354460552
GILGFVFTL_2555,0.9311254074471915
ELAGIGILTV_nb_266,0.6655641051489529
LLDFVRFMGV_nb_3724,0.20271677381615566
LLFGYPVYV_nb_6943,0.2518407806384337
FLYALALLL_nb_4474,0.7665410855054211
GILGFVFTL_nb_5126,0.5890525553911367
FLYALALLL_nb_879,0.3563057046764859
LLDFVRFMGV_nb_3340,0.8147985122276918
GILGFVFTL_2131,0.9355136723250456
LLFGYPVYV_nb_11383,0.3815904662915124
GLCTLVAML_nb_1564,0.5172406764044047
FLYALALLL_nb_4010,0.6022537750368993
FLYALALLL_nb_4222,0.5863622254800622
GLCTLVAML_nb_10585,0.6291379084645277
LLDFVRFMGV_nb_11629,0.648315861925278
LLFGYPVYV_nb_6729,0.6064852773822328
LLDFVRFMGV_nb_3172,0.5554177312505805
ELAGIGILTV_nb_7096,0.15943085550422792
GILGFVFTL_nb_9981,0.36579295098483045
ELAGIGILTV_nb_6978,0.7518382094012632
LLDFVRFMGV_nb_3232,0.2212526111109884
GILGFVFTL_3191,0.9050912452905111
GILGFVFTL_2043,0.7296977336058468
LLFGYPVYV_nb_6469,0.7199848309645598
GLCTLVAML_nb_1416,0.234254562456046
FLYALALLL_nb_4162,0.7955320177464674
GLCTLVAML_nb_5284,0.1704623935624409
GLCTLVAML_nb_1624,0.3416884601615497
FLYALALLL_nb_4350,0.6640667978627384
ELAGIGILTV_nb_2496,0.6794289478772599
FLYALALLL_nb_3949,0.7958967839808914
LLDFVRFMGV_nb_3000,0.34216138993206613
GILGFVFTL_2271,0.9358336291120775
GILGFVFTL_1090,0.7090438685975511
GLCTLVAML_nb_10093,0.2853685916107556
FLYALALLL_nb_761,0.6598552556539362
GILGFVFTL_2615,0.9266305827099613
ELAGIGILTV_nb_126,0.6966450081028902
ELAGIGILTV_1485,0.502801341534622
ELAGIGILTV_nb_7580,0.79020003327176
LLFGYPVYV_nb_1826,0.4371871591744561
LLDFVRFMGV_nb_3464,0.3401690555642349
GILGFVFTL_nb_9699,0.4629086250666253
ELAGIGILTV_nb_314,0.6167914198182989
LLDFVRFMGV_nb_3656,0.8510693533976499
FLYALALLL_nb_9219,0.5826103358943876
FLYALALLL_nb_1074,0.8328113615387576
GILGFVFTL_nb_5054,0.6405066161535848
LLFGYPVYV_nb_6831,0.516165899393685
FLYALALLL_nb_4506,0.8194187194779199
GLCTLVAML_nb_5614,0.29231524607837434
GILGFVFTL_1064,0.9222270874262095
GLCTLVAML_nb_10067,0.37794713869537094
GILGFVFTL_1858,0.9355136723250456
LLFGYPVYV_nb_11453,0.5631112424564586
FLYALALLL_nb_8931,0.23256325476099654
FLYALALLL_nb_795,0.8603585128606488
ELAGIGILTV_nb_7574,0.6613538761651014
LLDFVRFMGV_nb_3490,0.7961905817190159
LLDFVRFMGV_nb_8078,0.20320612787130873
ELAGIGILTV_nb_2234,0.47949369335692565
FLYALALLL_nb_1080,0.8618488210393657
GILGFVFTL_1256,0.28393959335308316
GLCTLVAML_nb_5426,0.20524976298940395
GLCTLVAML_nb_10255,0.6932743937122068
ELAGIGILTV_nb_2650,0.6334054197457669
LLFGYPVYV_nb_11205,0.724304151559785
LLFGYPVYV_149,0.8816177257949364
ELAGIGILTV_nb_7322,0.20236811903465682
FLYALALLL_nb_4196,0.6479903947411131
GILGFVFTL_229,0.8458590431371342
GLCTLVAML_nb_10631,0.6984505624628632
GLCTLVAML_nb_5270,0.8771617248111417
GILGFVFTL_1400,0.3075526388071206
GILGFVFTL_nb_4724,0.58629483336437
GILGFVFTL_827,0.8968750710996779
GILGFVFTL_nb_1256,0.7299033027182674
GLCTLVAML_nb_10403,0.660795738271806
ELAGIGILTV_nb_2462,0.7612768618848386
LLFGYPVYV_nb_11037,0.347927615604754
GILGFVFTL_2285,0.2736379172922099
ELAGIGILTV_nb_7110,0.5780784007445807
GILGFVFTL_nb_9807,0.5760991331510467
FLYALALLL_nb_8569,0.30094258309443533
GILGFVFTL_686,0.1925753682907584
GILGFVFTL_nb_4985,0.5368690534001769
FLYALALLL_nb_4539,0.19505143882019677
LLDFVRFMGV_nb_3669,0.8002779552389871
GILGFVFTL_40,0.9192031908431959
LLDFVRFMGV_nb_8281,0.5322863599830517
FLYALALLL_nb_9226,0.7616926182111765
LLFGYPVYV_nb_11498,0.7512526640682501
GILGFVFTL_nb_9494,0.5647875840003709
ELAGIGILTV_nb_119,0.5409715129235255
FLYALALLL_nb_9014,0.7763605123694448
LLFGYPVYV_nb_1819,0.7335700951685798
LLFGYPVYV_nb_6200,0.6122554464621772
GILGFVFTL_1893,0.8536266125878282
ELAGIGILTV_493,0.7912751102095831
LLDFVRFMGV_nb_730,0.2984561615711536
LLDFVRFMGV_nb_3803,0.2873495026964057
FLYALALLL_nb_3976,0.4087958941167673
LLFGYPVYV_nb_10912,0.7716500314046904
LLFGYPVYV_nb_6664,0.667796338326074
LLFGYPVYV_nb_6456,0.20776252159685787
GLCTLVAML_nb_1429,0.7264890686160406
LLDFVRFMGV_nb_502,0.41457645850203306
LLFGYPVYV_nb_1673,0.3102521819721291
GILGFVFTL_2840,0.9140171947449771
FLYALALLL_nb_934,0.19999057234798384
FLYALALLL_nb_8790,0.5248560402556918
LLDFVRFMGV_nb_2925,0.6859205785189557
FLYALALLL_nb_3982,0.7432089564268268
LLFGYPVYV_nb_11008,0.8032901904776079
GILGFVFTL_3368,0.9038226802665605
LLDFVRFMGV_nb_8423,0.1935081443402437
GILGFVFTL_nb_9838,0.8394268283954902
FLYALALLL_nb_8556,0.19966209154485462
LLFGYPVYV_nb_6690,0.7376774145422279
GILGFVFTL_818,0.7088909427009868
GILGFVFTL_nb_1269,0.772875608549652
GLCTLVAML_2025,0.7343414919255623
GLCTLVAML_nb_5841,0.4842017549745508
LLFGYPVYV_nb_2002,0.21106071126511167
GILGFVFTL_216,0.9004685424146597
LLFGYPVYV_nb_1687,0.27691847628498223
FLYALALLL_nb_8764,0.7426676052825795
GILGFVFTL_1269,0.9111047657857944
ELAGIGILTV_nb_30,0.8389861849920504
GLCTLVAML_nb_5419,0.6896679479874923
GILGFVFTL_672,0.8666191315066264
GILGFVFTL_nb_4971,0.7327461024683826
GILGFVFTL_nb_9652,0.19469400269560583
LLDFVRFMGV_nb_8275,0.31034894583976014
GILGFVFTL_nb_9460,0.875782888986783
ELAGIGILTV_nb_2039,0.830919485223607
LLDFVRFMGV_nb_7833,0.6022898901350077
ELAGIGILTV_nb_2805,0.7758401635037708
LLDFVRFMGV_nb_8047,0.6313632062487504
GLCTLVAML_nb_10058,0.2393752426385981
GILGFVFTL_1867,0.6164599581285515
GILGFVFTL_1407,0.901755657728611
GLCTLVAML_nb_5277,0.867417418406272
GILGFVFTL_820,0.8805951327407993
GILGFVFTL_nb_4723,0.5348835101361538
GILGFVFTL_nb_1251,0.7409356945644899
GLCTLVAML_nb_10404,0.24497200531584268
ELAGIGILTV_nb_2465,0.3257208604288083
LLFGYPVYV_nb_11030,0.6588399829259335
GILGFVFTL_3350,0.9006414630579878
ELAGIGILTV_nb_7117,0.4387708194858254
GILGFVFTL_nb_9800,0.4179174068543694
GILGFVFTL_2282,0.8969749974982173
ELAGIGILTV_nb_2657,0.6934980238126575
LLFGYPVYV_nb_11202,0.7045639945725413
GILGFVFTL_3162,0.6074204893963966
ELAGIGILTV_nb_7325,0.7240949984846984
ELAGIGILTV_1220,0.849495560827217
GILGFVFTL_1635,0.9064141423134353
GLCTLVAML_nb_5879,0.5861843780021642
FLYALALLL_nb_4191,0.6478883384589831
GLCTLVAML_nb_10636,0.3094818897056573
ELAGIGILTV_nb_2233,0.7465543375743094
FLYALALLL_nb_1087,0.40626485367049153
GLCTLVAML_nb_5421,0.7654193677194484
GILGFVFTL_1251,0.9218323577161006
GILGFVFTL_nb_4949,0.7790544351160515
GLCTLVAML_nb_10252,0.40396578988787046
ELAGIGILTV_3321,0.8622869120947099
GLCTLVAML_nb_5613,0.43274141872331706
GLCTLVAML_nb_10060,0.19291338390541915
GILGFVFTL_nb_9458,0.12168983212366985
LLFGYPVYV_nb_11454,0.7018172169747979
FLYALALLL_nb_8936,0.6503256319339787
LLDFVRFMGV_nb_398,0.6174610603471828
FLYALALLL_nb_792,0.46491782491555744
ELAGIGILTV_nb_7573,0.650860339055188
LLDFVRFMGV_nb_3497,0.8630637996620887
ELAGIGILTV_nb_313,0.7131694165908505
GILGFVFTL_78,0.7285440705685927
LLDFVRFMGV_nb_3651,0.8283566279979205
FLYALALLL_nb_1073,0.8751091950321894
GILGFVFTL_nb_5053,0.2842471061465831
LLFGYPVYV_nb_6836,0.870466688276586
FLYALALLL_nb_4501,0.8203519061956355
LLFGYPVYV_nb_6238,0.7981190725186823
GLCTLVAML_nb_10094,0.3301597366885129
FLYALALLL_nb_766,0.2586604104728308
ELAGIGILTV_nb_7587,0.7711092340974106
ELAGIGILTV_nb_121,0.7650398323007782
GILGFVFTL_2612,0.8844642616616392
LLDFVRFMGV_nb_3463,0.7114944696051919
LLFGYPVYV_nb_1821,0.2136454576582367
GLCTLVAML_nb_5283,0.8333008695721612
FLYALALLL_nb_4357,0.5681530689451049
GLCTLVAML_nb_1623,0.28463773254435076
ELAGIGILTV_nb_2491,0.8010059997414517
LLDFVRFMGV_nb_708,0.7158845929346255
LLFGYPVYV_3423,0.8231702840712635
LLDFVRFMGV_nb_3007,0.6867058847718457
GILGFVFTL_2276,0.648776992096205
GILGFVFTL_2878,0.9240337253389449
GILGFVFTL_3196,0.9329011956987826
LLDFVRFMGV_nb_3235,0.8617279601270982
GILGFVFTL_2044,0.920837263848261
FLYALALLL_nb_4165,0.6179284083521337
GLCTLVAML_nb_1411,0.7069261567243816
GILGFVFTL_nb_9467,0.6703207315867348
FLYALALLL_nb_8909,0.5623524265533069
LLDFVRFMGV_nb_8040,0.38517327777190535
ELAGIGILTV_nb_2802,0.5002175880580683
LLDFVRFMGV_nb_7834,0.8497283793930754
LLDFVRFMGV_1062,0.436901428801982
GILGFVFTL_447,0.867417052263454
ELAGIGILTV_nb_37,0.8815861293680085
GILGFVFTL_nb_5098,0.7375604264705207
GILGFVFTL_nb_4976,0.6941768583429984
GILGFVFTL_nb_9655,0.8881768252644553
LLDFVRFMGV_nb_8272,0.21113530557079607
GLCTLVAML_nb_5846,0.532883900470392
GILGFVFTL_211,0.8662608527174279
LLFGYPVYV_nb_2005,0.6279424945587206
GLCTLVAML_nb_10609,0.20076988423511355
LLFGYPVYV_nb_1680,0.7080256680158421
ELAGIGILTV_nb_2668,0.5367717448503532
FLYALALLL_nb_8763,0.7568035579462624
FLYALALLL_nb_3985,0.5951083056195569
LLDFVRFMGV_nb_2922,0.5374625328057152
LLDFVRFMGV_nb_8424,0.531503443156678
ELAGIGILTV_nb_7128,0.7428189134267635
FLYALALLL_nb_8551,0.6586207936332029
GILGFVFTL_1438,0.15051217041310438
GLCTLVAML_nb_5248,0.7533405615140554
LLFGYPVYV_nb_6697,0.2293879846925821
LLFGYPVYV_nb_6451,0.7576092970033469
LLFGYPVYV_nb_1674,0.5911328163000155
LLDFVRFMGV_nb_505,0.5003157138341483
FLYALALLL_nb_933,0.2636815739028282
FLYALALLL_nb_8797,0.24076197992859907
LLDFVRFMGV_nb_737,0.708086758689524
GLCTLVAML_1653,0.699615251020138
FLYALALLL_nb_3971,0.3769559423577356
LLDFVRFMGV_nb_3038,0.6668913646397195
LLFGYPVYV_nb_10915,0.6430563910588112
GILGFVFTL_2249,0.6295192340676697
LLFGYPVYV_nb_6663,0.6610709333549271
FLYALALLL_nb_4368,0.7869426576132411
GILGFVFTL_8,0.8849986078409675
GILGFVFTL_nb_9493,0.6806677437603798
FLYALALLL_nb_759,0.7068993724402857
FLYALALLL_nb_9013,0.8518279985956058
LLFGYPVYV_nb_6207,0.2535643643836941
ELAGIGILTV_2238,0.8442597250745036
GLCTLVAML_nb_1278,0.7445978260150905
GILGFVFTL_1894,0.9266305827099613
GILGFVFTL_nb_4982,0.81152649936974
LLFGYPVYV_nb_6809,0.35850956640575743
GILGFVFTL_681,0.9218323577161006
GLCTLVAML_nb_10299,0.46981870810227977
GLCTLVAML_1839,0.459237861745345
FLYALALLL_nb_9221,0.7048944907066406
LLDFVRFMGV_nb_8286,0.15192275764111204
GILGFVFTL_47,0.862934019154097
GLCTLVAML_nb_5417,0.8905466330904781
GILGFVFTL_1267,0.8524250308852306
GILGFVFTL_nb_5091,0.7579036423998677
GLCTLVAML_nb_10264,0.7320790201627313
ELAGIGILTV_nb_2205,0.752262013797318
LLDFVRFMGV_nb_3693,0.341472287699957
ELAGIGILTV_nb_2037,0.5703318456992673
FLYALALLL_nb_8900,0.6395382401466065
LLFGYPVYV_nb_11462,0.8496189552190625
LLDFVRFMGV_nb_8049,0.7940807891101508
ELAGIGILTV_nb_7545,0.4302662591124981
GILGFVFTL_1055,0.9234193591355887
GLCTLVAML_nb_5625,0.7079009470110955
GLCTLVAML_nb_1285,0.6701590297044162
GLCTLVAML_nb_10056,0.411671526385225
LLFGYPVYV_nb_11006,0.5800486974623733
ELAGIGILTV_nb_2453,0.27371107722711524
ELAGIGILTV_nb_7121,0.7645162688656026
GILGFVFTL_nb_9836,0.7314739145120528
FLYALALLL_nb_8558,0.597543173492191
GILGFVFTL_3366,0.9140386880537346
GILGFVFTL_816,0.5723969494846163
GILGFVFTL_nb_4715,0.14344798528935354
GILGFVFTL_1431,0.8961927045115857
GLCTLVAML_nb_5241,0.7395033798129256
GLCTLVAML_nb_10432,0.7377678001923621
FLYALALLL_nb_4395,0.8627884942562013
GILGFVFTL_nb_1267,0.22860906283743349
GILGFVFTL_1603,0.4556135738021396
GLCTLVAML_nb_10600,0.4104358546135638
GILGFVFTL_218,0.8947845671700043
FLYALALLL_nb_11757,0.25340881879288213
LLFGYPVYV_nb_11234,0.3143732697935752
LLFGYPVYV_nb_1689,0.38325070038260883
ELAGIGILTV_nb_2661,0.808503013492997
GILGFVFTL_2086,0.8800174025796574
ELAGIGILTV_nb_7313,0.7624870902917418
GILGFVFTL_3154,0.9185530732062419
FLYALALLL_nb_3978,0.5481385123956868
GILGFVFTL_2240,0.28493306520193223
GILGFVFTL_3392,0.8719198908294056
LLDFVRFMGV_nb_3031,0.866583974064843
GILGFVFTL_1,0.8681358022835995
FLYALALLL_nb_4361,0.854253593530819
GLCTLVAML_nb_1615,0.21059050599092805
LLFGYPVYV_nb_6458,0.8086876420950526
FLYALALLL_nb_4153,0.757356716171439
GLCTLVAML_nb_1427,0.773280775379966
ELAGIGILTV_nb_2695,0.6000926349213126
GILGFVFTL_2072,0.906790803931966
LLDFVRFMGV_nb_3203,0.4769855776402261
GILGFVFTL_1293,0.9201334881547983
GILGFVFTL_nb_5065,0.8078544820630564
FLYALALLL_nb_1045,0.6327568133021919
FLYALALLL_nb_4537,0.5333691038251751
LLFGYPVYV_nb_6800,0.45200552203936395
GLCTLVAML_2689,0.7259287789631803
GLCTLVAML_nb_10290,0.7304123327459158
GILGFVFTL_688,0.8974548830082277
FLYALALLL_nb_9228,0.6435382739752618
LLDFVRFMGV_nb_3667,0.2440907504085015
ELAGIGILTV_nb_325,0.8244605694512563
GILGFVFTL_2416,0.9232346159582754
FLYALALLL_nb_750,0.5975839463886558
LLFGYPVYV_nb_11496,0.694409338848773
LLDFVRFMGV_nb_3455,0.8436241833343202
LLFGYPVYV_nb_1817,0.5673290954300008
GLCTLVAML_nb_6054,0.14310816174771798
ELAGIGILTV_nb_117,0.6575473063553172
GILGFVFTL_2624,0.9029620506929055
GILGFVFTL_2885,0.8814498258179828
FLYALALLL_nb_8755,0.7746462433647339
LLFGYPVYV_nb_6493,0.36715816782567834
GLCTLVAML_nb_5870,0.8035554317775813
FLYALALLL_nb_4198,0.6360785883549294
GILGFVFTL_829,0.2492863808148679
GLCTLVAML_2014,0.8968422522776768
GILGFVFTL_nb_1258,0.6688368096199577
LLFGYPVYV_nb_11039,0.6828708938562643
LLDFVRFMGV_nb_2914,0.6698876236261855
GILGFVFTL_nb_9809,0.6134086534765937
FLYALALLL_nb_8567,0.42618448378939083
LLDFVRFMGV_nb_8412,0.7442605680737406
GILGFVFTL_1856,0.9112506811098819
GLCTLVAML_nb_10069,0.5848559518748834
LLDFVRFMGV_nb_391,0.8136924595781017
GILGFVFTL_nb_9451,0.8487369780368923
LLDFVRFMGV_nb_8076,0.2855305397046541
ELAGIGILTV_nb_2834,0.2191355952191463
LLDFVRFMGV_nb_7802,0.5746895836060224
GILGFVFTL_nb_9663,0.44851016439167113
LLDFVRFMGV_nb_8244,0.5237001979900799
GILGFVFTL_85,0.902258505849178
GLCTLVAML_nb_5428,0.7610248985972736
GILGFVFTL_1258,0.9226279113170358
GILGFVFTL_nb_4940,0.7076582458618695
GILGFVFTL_643,0.8450657715425988
GLCTLVAML_2642,0.8119965718737889
LLFGYPVYV_nb_6231,0.7850071484665069
LLDFVRFMGV_nb_8082,0.7837595694530973
LLFGYPVYV_nb_1828,0.6076911132480878
FLYALALLL_nb_9025,0.25917561918544946
ELAGIGILTV_nb_128,0.5875169050032056
GILGFVFTL_nb_9697,0.17688122706133358
FLYALALLL_nb_9217,0.6605673003099505
LLDFVRFMGV_nb_3658,0.6573452197845722
GILGFVFTL_71,0.9233947903533083
GILGFVFTL_2429,0.8872818277787716
FLYALALLL_nb_4508,0.8537552021977648
GILGFVFTL_2871,0.8605579805928002
LLFGYPVYV_nb_1642,0.3168173108609569
LLDFVRFMGV_nb_533,0.6387868662057327
FLYALALLL_nb_905,0.587420153746136
LLFGYPVYV_nb_6467,0.4879941763925892
GLCTLVAML_nb_5884,0.722370476280825
GLCTLVAML_nb_1418,0.27662033716320067
LLFGYPVYV_nb_6655,0.6542044682131378
GLCTLVAML_980,0.7722446960717544
FLYALALLL_nb_3947,0.3100531178277843
ELAGIGILTV_nb_2498,0.850483407427547
LLDFVRFMGV_nb_701,0.849042584663176
GLCTLVAML_1665,0.7437532762708966
FLYALALLL_nb_8593,0.7696216080778109
LLFGYPVYV_nb_10923,0.8190156697162851
FLYALALLL_nb_757,0.8465118480289988
LLFGYPVYV_nb_11491,0.173391591570967
LLFGYPVYV_nb_1810,0.837436828304063
LLDFVRFMGV_nb_3452,0.7859731115379257
GILGFVFTL_2623,0.9095430370510585
ELAGIGILTV_nb_110,0.8288956557013281
GLCTLVAML_nb_6053,0.8478639264137506
LLFGYPVYV_nb_6209,0.5809413606332499
GILGFVFTL_1294,0.18270277881412517
GILGFVFTL_nb_5062,0.5302130056156195
FLYALALLL_nb_1042,0.8451211527725415
FLYALALLL_nb_4530,0.8530565591264909
GLCTLVAML_nb_10297,0.17977649232692772
LLFGYPVYV_nb_6807,0.6328929252390565
LLDFVRFMGV_nb_8288,0.20804171957157047
LLDFVRFMGV_nb_3660,0.6242108154389499
GILGFVFTL_2411,0.9006137831655451
ELAGIGILTV_nb_322,0.21716862155059924
GLCTLVAML_nb_1420,0.7352162022050257
FLYALALLL_nb_4154,0.5517247520765413
ELAGIGILTV_nb_2692,0.7407559712398639
FLYALALLL_nb_8799,0.7934321694484099
GILGFVFTL_2075,0.5593740629259928
LLDFVRFMGV_nb_3204,0.8074609592916244
LLDFVRFMGV_nb_739,0.7350959912339861
GILGFVFTL_2247,0.9111295833938139
LLDFVRFMGV_nb_3036,0.3771979279685115
GILGFVFTL_3395,0.9186283677488029
GILGFVFTL_6,0.8655918634299808
GLCTLVAML_nb_1612,0.7398346838736269
FLYALALLL_nb_4366,0.7236236610988448
GILGFVFTL_1604,0.25569806840227266
GLCTLVAML_nb_10607,0.861423683499368
GLCTLVAML_nb_5848,0.3244177671972975
LLFGYPVYV_nb_11233,0.7751931030504111
FLYALALLL_nb_11750,0.6394079343056167
ELAGIGILTV_nb_2666,0.2352332156223794
ELAGIGILTV_nb_7314,0.35912080617171593
GILGFVFTL_2081,0.18075134482007651
GILGFVFTL_3153,0.917697529895607
LLFGYPVYV_nb_11001,0.40489796913299364
ELAGIGILTV_nb_2454,0.6471406294304624
ELAGIGILTV_nb_7126,0.5258953946274757
GILGFVFTL_nb_9831,0.6562035399965236
GILGFVFTL_3361,0.9242029306260824
GILGFVFTL_nb_4712,0.37987520287474236
LLFGYPVYV_nb_6699,0.683819174471239
GILGFVFTL_811,0.9067101906998067
GLCTLVAML_nb_5246,0.4558382131253893
GILGFVFTL_1436,0.5422429897809099
GLCTLVAML_nb_10435,0.09795070610572981
GILGFVFTL_nb_1260,0.23484219514837967
FLYALALLL_nb_4392,0.7181198855099212
ELAGIGILTV_nb_2030,0.24800612344816844
GILGFVFTL_nb_9469,0.3095126149509547
FLYALALLL_nb_8907,0.29556093871090255
LLFGYPVYV_nb_11465,0.2608281730994473
ELAGIGILTV_nb_7542,0.7502429698248066
GLCTLVAML_nb_5622,0.6220813754360612
GILGFVFTL_1052,0.9162982402170369
GLCTLVAML_nb_1282,0.8512278633953994
GLCTLVAML_nb_10051,0.3648493059674367
ELAGIGILTV_nb_39,0.4805340745689006
GILGFVFTL_1260,0.9060728360256777
GILGFVFTL_nb_5096,0.2019674182225521
GLCTLVAML_nb_5410,0.5464916247881006
GLCTLVAML_nb_10263,0.4692313436653094
GILGFVFTL_nb_4978,0.6596557711490674
ELAGIGILTV_nb_2202,0.3405027607925396
LLDFVRFMGV_nb_3694,0.18831341555821463
LLFGYPVYV_nb_6652,0.7704878303962831
FLYALALLL_nb_4359,0.5705733368334548
FLYALALLL_nb_3940,0.4241508384005857
LLDFVRFMGV_nb_706,0.8157701711476277
GILGFVFTL_2278,0.906777397302051
FLYALALLL_nb_8594,0.4500082800389916
LLFGYPVYV_nb_10924,0.23787064403613783
LLDFVRFMGV_nb_3009,0.6788167053943389
GILGFVFTL_2876,0.844303254683292
LLDFVRFMGV_nb_534,0.47029880360963466
GLCTLVAML_1450,0.4680585615648979
LLFGYPVYV_nb_1645,0.6542044682131378
GILGFVFTL_3198,0.818371301562288
FLYALALLL_nb_902,0.7965430998506882
LLFGYPVYV_nb_6460,0.29674326867344986
GLCTLVAML_nb_5883,0.8035922094202481
GILGFVFTL_nb_9690,0.49291522364682705
FLYALALLL_nb_9210,0.7210922038993574
LLFGYPVYV_nb_6838,0.6954490965066839
GILGFVFTL_1099,0.8720251709234457
LLFGYPVYV_nb_6236,0.6086754327512416
FLYALALLL_nb_768,0.8663532783917806
FLYALALLL_nb_9022,0.11101853815379412
LLDFVRFMGV_nb_8085,0.7312104538482499
ELAGIGILTV_nb_7589,0.24162213746166936
GILGFVFTL_nb_9664,0.48737661421771455
GILGFVFTL_82,0.8418453524537698
LLDFVRFMGV_nb_8243,0.44752717279884596
FLYALALLL_nb_1089,0.7106516546927977
ELAGIGILTV_663,0.6962017006213196
GILGFVFTL_nb_4947,0.8591844933667695
GILGFVFTL_1851,0.9097859445852462
ELAGIGILTV_451,0.857927303639245
LLDFVRFMGV_nb_396,0.20655742600257315
GILGFVFTL_nb_9456,0.5953478826037895
FLYALALLL_nb_8938,0.2210333477687321
LLDFVRFMGV_nb_7805,0.5924107190497956
ELAGIGILTV_nb_2833,0.6403854570553682
LLDFVRFMGV_nb_8071,0.31503090409415796
LLDFVRFMGV_nb_3499,0.26760356432673293
GLCTLVAML_nb_5279,0.7654193677194484
GILGFVFTL_1409,0.9223728425431035
GLCTLVAML_2013,0.8415158497778881
GLCTLVAML_1696,0.22072166857674294
ELAGIGILTV_nb_7119,0.1380173594471168
FLYALALLL_nb_8560,0.7618087182827695
LLDFVRFMGV_nb_8415,0.6739448007429685
GILGFVFTL_2882,0.9240337253389449
ELAGIGILTV_nb_2659,0.5669935581717916
FLYALALLL_nb_8752,0.6009765740514785
LLFGYPVYV_nb_6494,0.21123437365513026
GLCTLVAML_nb_10638,0.35589731649370343
GILGFVFTL_220,0.5666128027849563
GLCTLVAML_nb_5877,0.6946271903563621
GLCTLVAML_nb_10698,0.21061483749784005
LLFGYPVYV_nb_6434,0.6560278206558887
FLYALALLL_nb_956,0.8350215320422871
GILGFVFTL_2822,0.4556135738021396
LLDFVRFMGV_nb_560,0.5979277690863516
LLFGYPVYV_nb_10970,0.4232340549441851
FLYALALLL_nb_3914,0.4992077403376491
LLFGYPVYV_nb_6606,0.6118218408800309
ELAGIGILTV_nb_2893,0.9013181507113057
LLDFVRFMGV_nb_3439,0.8191320158502216
FLYALALLL_nb_9076,0.7030001181402079
GLCTLVAML_nb_6038,0.35828136126512267
GILGFVFTL_2648,0.8895207021762339
FLYALALLL_nb_8998,0.831059545392262
LLFGYPVYV_nb_6262,0.4888721066788122
GILGFVFTL_nb_5009,0.2876428840184784
ELAGIGILTV_nb_11576,0.8382690090440956
FLYALALLL_nb_1029,0.5309189344365853
GILGFVFTL_22,0.8900552262233911
ELAGIGILTV_nb_349,0.6825011994569561
ELAGIGILTV_nb_2867,0.7706342746931343
LLDFVRFMGV_nb_8025,0.8373164311394947
FLYALALLL_nb_9082,0.5536658312612107
LLDFVRFMGV_nb_7851,0.665650419426692
ELAGIGILTV_nb_7529,0.7651228129461043
GILGFVFTL_nb_9402,0.21380933030071989
GILGFVFTL_1805,0.8944495288310027
ELAGIGILTV_405,0.825207334086002
GILGFVFTL_422,0.8897750235268428
GILGFVFTL_1039,0.895815610522854
GLCTLVAML_nb_5649,0.3494874688183081
LLFGYPVYV_nb_6296,0.778051138829133
LLFGYPVYV_nb_6898,0.8601906579813894
GILGFVFTL_nb_4913,0.6154272231869395
GLCTLVAML_2611,0.771459526445049
GLCTLVAML_nb_10208,0.4983375729233404
GILGFVFTL_610,0.9218323577161006
ELAGIGILTV_nb_52,0.22983938862193232
ELAGIGILTV_nb_11582,0.6562373951440017
LLDFVRFMGV_nb_8217,0.5967886286869057
ELAGIGILTV_nb_2269,0.14628743944213796
GILGFVFTL_nb_9630,0.7948467830468287
GILGFVFTL_274,0.9279370789945183
GLCTLVAML_nb_5823,0.7689898079889114
ELAGIGILTV_253,0.21456018622423556
GLCTLVAML_329,0.36861050523866323
FLYALALLL_nb_8706,0.6282154714422462
GILGFVFTL_3138,0.8600917663068686
LLFGYPVYV_nb_11258,0.24547641084162813
GILGFVFTL_nb_9254,0.2686329840210162
LLDFVRFMGV_nb_594,0.4868069015392535
FLYALALLL_nb_8534,0.3244198143468242
ELAGIGILTV_1048,0.878771822657261
LLDFVRFMGV_nb_8441,0.7324646999575943
LLFGYPVYV_nb_10984,0.5438022510881374
LLDFVRFMGV_nb_2947,0.3415903036351865
GILGFVFTL_nb_4779,0.6380163446598452
LLDFVRFMGV_nb_3634,0.8750720892621302
GILGFVFTL_2445,0.6799499801001515
FLYALALLL_nb_4564,0.7009236601291515
LLFGYPVYV_nb_6853,0.5839189870747842
ELAGIGILTV_nb_99,0.8315487484922561
GILGFVFTL_nb_5036,0.756247840190414
FLYALALLL_nb_1016,0.5151085245746937
GLCTLVAML_nb_5682,0.5343309660602771
LLDFVRFMGV_nb_3406,0.7285912692163374
LLFGYPVYV_nb_1844,0.2248526301372228
FLYALALLL_nb_9049,0.6533268796988865
GLCTLVAML_nb_6007,0.6840120249277832
GILGFVFTL_2677,0.8764438165094982
ELAGIGILTV_nb_144,0.17862800308370996
ELAGIGILTV_nb_2090,0.6291724250165487
GLCTLVAML_nb_10495,0.6608579505338639
FLYALALLL_nb_4332,0.8634171450753511
LLFGYPVYV_nb_6639,0.6827939461417445
GILGFVFTL_1496,0.44694122571646266
GILGFVFTL_nb_9891,0.4887384249560116
ELAGIGILTV_nb_7186,0.8531785704138595
LLDFVRFMGV_nb_3062,0.7237385576896218
GILGFVFTL_2021,0.8450657715425988
FLYALALLL_nb_969,0.8663765141114501
LLDFVRFMGV_nb_3250,0.24013030017981807
LLFGYPVYV_nb_11293,0.38280984162912435
ELAGIGILTV_298,0.8899229588793126
GLCTLVAML_nb_1474,0.23275885087186998
FLYALALLL_nb_4100,0.5965539676239612
ELAGIGILTV_2434,0.8387086328265817
GLCTLVAML_nb_10461,0.4216514226397694
GILGFVFTL_nb_1234,0.5965738061240884
GILGFVFTL_845,0.8893909084893993
GILGFVFTL_nb_4746,0.7794141311382705
GILGFVFTL_1462,0.6709250444537898
GLCTLVAML_nb_5212,0.6650813076510057
ELAGIGILTV_nb_7172,0.7056322558558661
GILGFVFTL_nb_9865,0.6388674575530605
LLDFVRFMGV_nb_3096,0.6758203145349077
GILGFVFTL_3335,0.23151644156444579
LLFGYPVYV_nb_11055,0.7396578391064288
LLDFVRFMGV_nb_2978,0.18619546728503128
ELAGIGILTV_nb_2400,0.7983324382331682
FLYALALLL_nb_8739,0.734030409260965
ELAGIGILTV_nb_7340,0.8028135873346924
GILGFVFTL_3107,0.9204694445314769
LLFGYPVYV_nb_11267,0.5517090052385875
FLYALALLL_nb_11704,0.69664490629224
ELAGIGILTV_nb_2632,0.26019771333002606
GLCTLVAML_nb_10653,0.8508957866818954
GLCTLVAML_nb_1480,0.1970628317360961
ELAGIGILTV_3512,0.7475003139447396
GILGFVFTL_1650,0.8018418278850177
GLCTLVAML_1897,0.7936747666600026
LLDFVRFMGV_nb_8228,0.5082282567580714
ELAGIGILTV_nb_7724,0.5885082799356403
ELAGIGILTV_nb_2256,0.49248083074991444
FLYALALLL_nb_4590,0.7067234328431937
GLCTLVAML_nb_10237,0.23677121401157217
GLCTLVAML_nb_5444,0.6184958754214865
GILGFVFTL_1234,0.9341863601432494
GILGFVFTL_1006,0.46398920624163653
GLCTLVAML_nb_5676,0.26320765028108395
ELAGIGILTV_nb_2858,0.6796050684755353
ELAGIGILTV_nb_7516,0.47612125160451424
GILGFVFTL_2683,0.9307515349475939
ELAGIGILTV_nb_2064,0.3920083021817601
LLFGYPVYV_nb_11431,0.3991071096096165
FLYALALLL_nb_8953,0.4414038957508609
FLYALALLL_nb_8533,0.7752807944129791
LLFGYPVYV_nb_10983,0.8300279063083331
LLDFVRFMGV_nb_8446,0.5590457359132666
LLDFVRFMGV_nb_2940,0.5182946091931256
ELAGIGILTV_nb_2438,0.7925172583158978
GLCTLVAML_nb_10459,0.25984051822241205
GLCTLVAML_3192,0.4830295473784767
GILGFVFTL_273,0.5530012555705707
ELAGIGILTV_254,0.8514505545895822
GLCTLVAML_nb_5824,0.8621348053864568
FLYALALLL_nb_8701,0.7163061032471278
ELAGIGILTV_nb_7378,0.21039215988677737
GILGFVFTL_nb_9253,0.43834653300473414
LLDFVRFMGV_nb_593,0.7006246535032845
ELAGIGILTV_630,0.7427404229775303
GILGFVFTL_nb_4914,0.7382337548354772
ELAGIGILTV_nb_55,0.5170593397834536
ELAGIGILTV_nb_11585,0.8212803993922195
LLDFVRFMGV_nb_8210,0.2232691547862924
GILGFVFTL_2489,0.9075455936325099
GILGFVFTL_nb_9637,0.4542025584044138
LLDFVRFMGV_nb_7856,0.7122222194171293
LLFGYPVYV_nb_1888,0.3986582618646256
FLYALALLL_nb_9085,0.4110017662817467
LLDFVRFMGV_nb_8022,0.7310157847647152
ELAGIGILTV_nb_2860,0.25395097393970556
ELAGIGILTV_nb_188,0.6206503901031645
LLFGYPVYV_nb_11409,0.5102063283488285
GILGFVFTL_nb_9405,0.48559999411288074
ELAGIGILTV_402,0.5350336060430614
GILGFVFTL_1802,0.3983221559474438
GILGFVFTL_425,0.915029480295359
LLFGYPVYV_nb_6291,0.7576092970033469
GLCTLVAML_nb_5488,0.8064110499414523
ELAGIGILTV_nb_11571,0.394940649051296
LLFGYPVYV_nb_6057,0.7579736640199655
GILGFVFTL_25,0.8692766156316937
GLCTLVAML_1067,0.46493281756781196
FLYALALLL_nb_9071,0.7038160912201894
ELAGIGILTV_nb_2894,0.4046311330775028
LLFGYPVYV_nb_6265,0.68224212697118
LLFGYPVYV_nb_10977,0.7838112509655883
FLYALALLL_nb_3913,0.24445565508755024
LLFGYPVYV_nb_11099,0.8331986810354368
GLCTLVAML_3166,0.6214776042740586
LLFGYPVYV_nb_6601,0.8792328909756927
GILGFVFTL_287,0.5596995761757112
FLYALALLL_nb_4138,0.717613576227901
LLFGYPVYV_nb_6433,0.5773191951579966
GILGFVFTL_2019,0.7808300921743504
LLDFVRFMGV_nb_3268,0.22715876618871222
FLYALALLL_nb_951,0.8418501104181912
GILGFVFTL_2825,0.32772882068441445
LLDFVRFMGV_nb_567,0.21132021204093454
GLCTLVAML_nb_5671,0.3060382822046911
LLDFVRFMGV_nb_7869,0.5895922664023624
GILGFVFTL_2684,0.8563419873299201
ELAGIGILTV_nb_7511,0.2959194859506617
ELAGIGILTV_nb_2063,0.4472833138351269
LLFGYPVYV_nb_11436,0.5997045661076932
FLYALALLL_nb_8954,0.7838213307732933
ELAGIGILTV_nb_7723,0.7320711850734695
ELAGIGILTV_nb_2251,0.7139450775522626
GILGFVFTL_nb_9608,0.5253285713589358
FLYALALLL_nb_4597,0.5469613996299025
GLCTLVAML_nb_10230,0.21975761461608967
GILGFVFTL_628,0.6646532358538921
GILGFVFTL_1233,0.9049718395263969
GLCTLVAML_nb_5443,0.33068076869573826
ELAGIGILTV_nb_7347,0.8208311093048947
ELAGIGILTV_1242,0.6274732200392696
LLDFVRFMGV_967,0.5978387692726597
GILGFVFTL_3100,0.8691735648775155
FLYALALLL_nb_11703,0.6315857635269839
LLFGYPVYV_nb_11260,0.8267596316278589
ELAGIGILTV_nb_2635,0.19656317240847476
GLCTLVAML_nb_10654,0.769125715787158
GLCTLVAML_nb_1487,0.7130079314731202
GILGFVFTL_1657,0.6202813506115727
GLCTLVAML_nb_10466,0.19735452555376684
GILGFVFTL_nb_1233,0.8252897687884044
GILGFVFTL_nb_4741,0.39618093394488924
GILGFVFTL_842,0.7529231521313862
GLCTLVAML_nb_5215,0.7915868834424882
GILGFVFTL_nb_11768,0.6052494773903213
ELAGIGILTV_nb_7175,0.6660712729592861
GILGFVFTL_nb_9862,0.4696732974800686
GILGFVFTL_3332,0.8745434687419151
LLDFVRFMGV_nb_3091,0.3507157195370949
LLFGYPVYV_nb_11052,0.6674174123424698
ELAGIGILTV_nb_2407,0.6109205804659272
GILGFVFTL_2026,0.5033207280457177
LLDFVRFMGV_nb_3257,0.8182453183320701
GILGFVFTL_nb_9298,0.6209873992792423
LLFGYPVYV_nb_11294,0.6258444898380174
LLDFVRFMGV_nb_558,0.7550237382315735
FLYALALLL_nb_4107,0.7792444250789472
GLCTLVAML_nb_1473,0.20500481245871127
FLYALALLL_3355,0.48125109735241645
ELAGIGILTV_2433,0.9026841313740311
GLCTLVAML_nb_10492,0.5530733638093762
FLYALALLL_nb_4335,0.7291765594222761
GILGFVFTL_1491,0.25417062019282666
GILGFVFTL_nb_9896,0.6643563985013908
ELAGIGILTV_nb_7181,0.69178668876675
LLFGYPVYV_nb_10948,0.5508984022485985
LLDFVRFMGV_nb_3065,0.21476745981940223
FLYALALLL_808,0.8588694544872612
GLCTLVAML_nb_5685,0.7103250931434617
LLFGYPVYV_nb_1843,0.6147155584787148
LLDFVRFMGV_nb_3401,0.5511844827837339
ELAGIGILTV_nb_143,0.499685559821172
GILGFVFTL_2670,0.8958414574936278
GLCTLVAML_nb_6000,0.7692820095104314
ELAGIGILTV_nb_2097,0.3244998196067176
LLDFVRFMGV_nb_3633,0.7418356659774845
ELAGIGILTV_nb_371,0.7013089456963486
GILGFVFTL_2442,0.8965705843985965
FLYALALLL_nb_4563,0.7081018427317736
LLFGYPVYV_nb_6854,0.24639666142244865
GILGFVFTL_nb_5031,0.3015074182316636
FLYALALLL_nb_1011,0.581893964521224
LLFGYPVYV_nb_6068,0.6827939461417445
LLDFVRFMGV_nb_8226,0.29806843633714236
GILGFVFTL_nb_9601,0.256578500847007
GLCTLVAML_2620,0.7598272605776542
GLCTLVAML_nb_10239,0.5128992817844235
GILGFVFTL_nb_4922,0.2454376726739692
LLFGYPVYV_nb_6095,0.3183330002588828
ELAGIGILTV_nb_63,0.8655447397905858
GLCTLVAML_2412,0.13345628968231568
GILGFVFTL_1834,0.4635490662492758
GLCTLVAML_nb_5678,0.40139717735418384
GILGFVFTL_1008,0.4206586915013581
ELAGIGILTV_nb_7518,0.7966184985969427
LLDFVRFMGV_nb_7860,0.29165899947508656
LLDFVRFMGV_nb_8014,0.7640865736483924
ELAGIGILTV_nb_2856,0.2248471599149945
GILGFVFTL_nb_9433,0.7217328637389131
GILGFVFTL_nb_4748,0.489391117738911
LLDFVRFMGV_nb_3098,0.6714670411496872
GILGFVFTL_nb_11761,0.4651427241568881
FLYALALLL_nb_8505,0.15870964187780318
LLDFVRFMGV_nb_2976,0.8070273659306461
FLYALALLL_nb_993,0.8559743200207486
FLYALALLL_nb_8737,0.7142139392177185
LLFGYPVYV_nb_11269,0.5767536956176671
GILGFVFTL_nb_9265,0.2388920998625153
GLCTLVAML_nb_5812,0.4349284564142123
GILGFVFTL_245,0.12243962914049879
GLCTLVAML_2244,0.8497365438299322
GILGFVFTL_1498,0.5832194730711386
LLFGYPVYV_nb_6637,0.20531049773840232
LLFGYPVYV_nb_10941,0.6801626092182542
GILGFVFTL_nb_11795,0.268930248862499
ELAGIGILTV_nb_7188,0.7972206818010458
LLFGYPVYV_nb_11893,0.7225028105821951
GLCTLVAML_1607,0.20681087088184474
LLDFVRFMGV_nb_2982,0.849042584663176
FLYALALLL_nb_3925,0.31218260643440837
FLYALALLL_nb_967,0.7764604602130416
LLDFVRFMGV_nb_551,0.3837942404090083
GILGFVFTL_nb_9291,0.5756013814808058
GILGFVFTL_2813,0.8601873185444397
ELAGIGILTV_296,0.37520631228216406
LLFGYPVYV_nb_6405,0.36925728940397623
GILGFVFTL_13,0.1839777209831715
GILGFVFTL_nb_10011,0.4956062110413718
FLYALALLL_nb_1018,0.3034555713963536
LLFGYPVYV_nb_6061,0.6397401469340999
ELAGIGILTV_nb_97,0.8784072191629371
GILGFVFTL_nb_5038,0.5950726179824956
LLFGYPVYV_nb_6253,0.65131866361998
GILGFVFTL_2679,0.5724652074353769
GLCTLVAML_nb_6009,0.6614527736174973
LLDFVRFMGV_nb_7894,0.22753088229951943
FLYALALLL_nb_9047,0.25754875101008445
LLDFVRFMGV_nb_3408,0.6059742425298484
GLCTLVAML_nb_10662,0.6300077014017478
GILGFVFTL_1661,0.7539099495478772
GLCTLVAML_327,0.310172666853055
GILGFVFTL_3136,0.5333020461371849
LLDFVRFMGV_nb_3295,0.6567092583743402
FLYALALLL_nb_8708,0.48974098365826724
ELAGIGILTV_nb_7371,0.690065577662105
ELAGIGILTV_nb_2603,0.5890115650843486
FLYALALLL_nb_11735,0.20154056661538572
LLFGYPVYV_nb_11256,0.2363605566946745
GILGFVFTL_3304,0.8955937967255458
ELAGIGILTV_nb_7143,0.24957247069262475
GILGFVFTL_nb_9854,0.6429010420623169
LLFGYPVYV_3483,0.2630433334420814
ELAGIGILTV_nb_2431,0.28738119051700683
LLDFVRFMGV_nb_2949,0.4437714048973163
LLFGYPVYV_nb_11064,0.6912786420955931
GILGFVFTL_nb_1205,0.6288346722773253
GLCTLVAML_nb_10450,0.5978792726733613
GLCTLVAML_nb_5223,0.7861979079839723
GILGFVFTL_1453,0.9126448085216252
GILGFVFTL_nb_4777,0.2655266799956567
ELAGIGILTV_nb_181,0.39638301025662825
ELAGIGILTV_nb_7527,0.3651866029559725
LLFGYPVYV_nb_1881,0.5186178888815065
ELAGIGILTV_nb_2869,0.6810848766812341
FLYALALLL_nb_8962,0.7079574029376559
LLFGYPVYV_nb_11400,0.7470738505435699
ELAGIGILTV_nb_2055,0.17394696155529793
GLCTLVAML_nb_10034,0.29783618629925823
LLFGYPVYV_nb_6298,0.791123943627597
GLCTLVAML_nb_5647,0.31430744010737577
GILGFVFTL_1037,0.18334279582905397
GLCTLVAML_nb_10206,0.7275161610324368
LLFGYPVYV_nb_6896,0.6255153161807843
ELAGIGILTV_639,0.8428842935404529
GLCTLVAML_743,0.8847325238763863
GILGFVFTL_1205,0.9295505704211329
GLCTLVAML_nb_5475,0.38605070829556465
ELAGIGILTV_nb_7715,0.6775795799764587
GILGFVFTL_2480,0.8955690507061734
LLDFVRFMGV_nb_8219,0.43145319433413987
ELAGIGILTV_nb_2267,0.24215321363096903
ELAGIGILTV_nb_175,0.30871302338351536
GILGFVFTL_2646,0.9360141343676107
GLCTLVAML_nb_6036,0.2243523847528109
FLYALALLL_nb_9078,0.764175657832368
LLFGYPVYV_nb_1875,0.3215696204984896
LLDFVRFMGV_nb_3437,0.394445990267998
FLYALALLL_nb_8996,0.7218737917220434
LLFGYPVYV_nb_6862,0.6439976630752147
FLYALALLL_nb_4555,0.23566313622819757
FLYALALLL_nb_1027,0.6583106489060271
ELAGIGILTV_nb_11578,0.8069075728292915
GILGFVFTL_nb_5007,0.29364062132316754
GLCTLVAML_nb_5481,0.33328385643079
ELAGIGILTV_nb_347,0.542459414835786
GILGFVFTL_2474,0.9267670786079634
LLDFVRFMGV_nb_3605,0.33078380354293735
ELAGIGILTV_nb_2293,0.8018023998691785
FLYALALLL_nb_4131,0.7897157520426352
GLCTLVAML_nb_1445,0.8354846727469072
GLCTLVAML_nb_10696,0.22199631272256537
LLDFVRFMGV_nb_3261,0.5873911304024079
FLYALALLL_nb_958,0.6418322769082787
ELAGIGILTV_nb_7385,0.6080884784204568
GILGFVFTL_2010,0.8730809505192443
LLDFVRFMGV_nb_3053,0.4486056279884862
GILGFVFTL_2222,0.6164052916472761
LLFGYPVYV_nb_11090,0.8196413977002615
FLYALALLL_nb_4303,0.1928855356079988
LLFGYPVYV_nb_6608,0.7595720580874816
GILGFVFTL_nb_4783,0.7162084482457478
GILGFVFTL_880,0.9022569406753579
LLFGYPVYV_nb_6254,0.6017473318856651
FLYALALLL_nb_9040,0.19986361906688316
LLDFVRFMGV_nb_7893,0.3011162760067868
ELAGIGILTV_nb_2099,0.8045622078572502
GILGFVFTL_nb_10016,0.44407746958212124
GILGFVFTL_14,0.6462879632370425
LLFGYPVYV_nb_6066,0.7096299494628191
ELAGIGILTV_nb_90,0.8004270390039088
FLYALALLL_nb_960,0.7339096822678318
LLDFVRFMGV_nb_3259,0.8630637996620887
GILGFVFTL_2028,0.9062167736739588
LLDFVRFMGV_nb_556,0.49157635195222144
GILGFVFTL_2814,0.7676223591746523
GILGFVFTL_nb_9296,0.6892932268665868
FLYALALLL_nb_4109,0.5644152388056931
LLFGYPVYV_nb_6402,0.6210479859380387
LLFGYPVYV_nb_6630,0.6262543347761529
LLFGYPVYV_nb_10946,0.5423585708977393
GILGFVFTL_nb_9898,0.49003259316560044
LLFGYPVYV_nb_11894,0.715231701772681
GILGFVFTL_nb_11792,0.24663773335433545
FLYALALLL_nb_3922,0.4588763017809373
LLDFVRFMGV_nb_2985,0.7141498813127798
FLYALALLL_nb_994,0.6887949881365815
FLYALALLL_nb_8730,0.1950045660350322
ELAGIGILTV_nb_7349,0.39955131897355545
GILGFVFTL_nb_9262,0.7224246977912634
GLCTLVAML_nb_5815,0.7898235144020669
GLCTLVAML_nb_1489,0.635805260849166
GLCTLVAML_2243,0.8119965718737889
GILGFVFTL_1659,0.8742302649403781
GLCTLVAML_nb_10468,0.3532848544261095
FLYALALLL_nb_8502,0.1988084074497366
GILGFVFTL_nb_11766,0.23811629421182748
ELAGIGILTV_nb_2409,0.25832883361347714
LLDFVRFMGV_nb_2971,0.7192685290008238
GLCTLVAML_2415,0.25719316672927184
GILGFVFTL_1833,0.9218323577161006
ELAGIGILTV_nb_2851,0.830103402972451
LLDFVRFMGV_nb_8013,0.6839025470641612
LLDFVRFMGV_nb_7867,0.7859792580316363
LLFGYPVYV_nb_11438,0.6540169598848965
GILGFVFTL_nb_9434,0.6581487472377696
LLDFVRFMGV_nb_8221,0.2664095982768987
GILGFVFTL_nb_9606,0.6321595988690171
GILGFVFTL_nb_4925,0.40810380486967585
FLYALALLL_nb_4599,0.7583459249478706
ELAGIGILTV_601,0.8130413908279552
LLFGYPVYV_nb_6092,0.4575006482652373
ELAGIGILTV_nb_64,0.6225036330741143
LLDFVRFMGV_nb_3054,0.7834243199914891
LLFGYPVYV_nb_10979,0.6571959288820537
GILGFVFTL_2225,0.9241687194521939
LLFGYPVYV_nb_11097,0.45025987234836495
FLYALALLL_nb_4304,0.3474920265190665
GLCTLVAML_3168,0.8119965718737889
GILGFVFTL_nb_4784,0.40944547405859594
GLCTLVAML_nb_1442,0.3977397648535299
FLYALALLL_nb_4136,0.8094713681161068
GILGFVFTL_289,0.933479302725271
GLCTLVAML_nb_10691,0.69117940286726
LLDFVRFMGV_nb_3266,0.4087647533077636
GILGFVFTL_2017,0.876700196270247
ELAGIGILTV_nb_7382,0.6590570302108295
LLDFVRFMGV_nb_569,0.8324134038813316
LLFGYPVYV_nb_6865,0.7135570001603071
FLYALALLL_nb_4552,0.43096136880805747
LLFGYPVYV_nb_6059,0.6349938798497801
FLYALALLL_nb_1020,0.8537552021977648
GLCTLVAML_nb_5486,0.8512278633953994
GILGFVFTL_nb_5000,0.6301005086552802
ELAGIGILTV_nb_340,0.857650418612866
LLDFVRFMGV_nb_3602,0.5102595450369777
ELAGIGILTV_nb_2294,0.47438036761253227
GLCTLVAML_nb_6031,0.6117604480412521
GILGFVFTL_2641,0.9053884949154642
ELAGIGILTV_nb_172,0.7263818316955732
LLDFVRFMGV_nb_3430,0.2262742026736979
LLFGYPVYV_nb_1872,0.511876866650819
FLYALALLL_nb_8991,0.6762355335447986
LLFGYPVYV_nb_6891,0.6610430607988496
GILGFVFTL_619,0.9255560352199033
GLCTLVAML_nb_10201,0.6915879504655311
GLCTLVAML_nb_5472,0.513602349751185
GILGFVFTL_1202,0.6724792991557946
GILGFVFTL_2487,0.9122611816746053
ELAGIGILTV_nb_7712,0.7361467826765049
GILGFVFTL_nb_9639,0.7735739498132801
ELAGIGILTV_nb_2260,0.8508474242866828
ELAGIGILTV_nb_7520,0.7860299489586371
ELAGIGILTV_nb_186,0.5403709682078707
LLDFVRFMGV_nb_7858,0.3944298456166373
LLFGYPVYV_nb_1886,0.6560278206558887
FLYALALLL_nb_8965,0.626065136230485
LLFGYPVYV_nb_11407,0.6711060477008352
ELAGIGILTV_nb_2052,0.3867156857922003
GLCTLVAML_nb_10033,0.6662842511319218
GLCTLVAML_nb_5640,0.4689509445882699
LLDFVRFMGV_nb_8448,0.4702613742133865
GILGFVFTL_3303,0.5400596075849323
ELAGIGILTV_nb_7144,0.8055831584806604
GILGFVFTL_nb_9853,0.716920901820685
GILGFVFTL_nb_11759,0.4740660691832627
ELAGIGILTV_nb_2436,0.8152584520964943
LLFGYPVYV_3484,0.5140095216253864
LLFGYPVYV_nb_11063,0.3963212432287821
GILGFVFTL_nb_1202,0.7819364215548116
GLCTLVAML_nb_10457,0.6092990737668575
ELAGIGILTV_854,0.7832864345096445
GILGFVFTL_1454,0.18270277881412517
GLCTLVAML_nb_5224,0.7961720678750877
GILGFVFTL_nb_4770,0.6527173450984942
GLCTLVAML_nb_10665,0.23816451933650196
LLDFVRFMGV_nb_3292,0.731442157807251
GILGFVFTL_3131,0.7382532692069546
ELAGIGILTV_nb_7376,0.7453926136226854
ELAGIGILTV_nb_2604,0.5771104051574836
LLFGYPVYV_nb_11251,0.6677817447112224
FLYALALLL_nb_11732,0.7832080308308045
ELAGIGILTV_nb_7127,0.361283326767705
GILGFVFTL_nb_9830,0.5305388123208847
GILGFVFTL_3360,0.19747438525140265
LLFGYPVYV_nb_11000,0.34214584346252697
ELAGIGILTV_nb_2455,0.7749998767830762
GLCTLVAML_nb_10434,0.49122986841377925
FLYALALLL_nb_4393,0.7538898955809119
GILGFVFTL_nb_1261,0.391735006333506
GILGFVFTL_810,0.9101705616893271
GILGFVFTL_nb_4713,0.18795761681847659
LLFGYPVYV_nb_6698,0.6533910179534789
GILGFVFTL_1437,0.19545378948872943
GLCTLVAML_nb_5247,0.17865152159381392
GLCTLVAML_nb_10606,0.39184905222410255
GLCTLVAML_nb_5849,0.2876390579679473
GILGFVFTL_2080,0.17337555457073306
ELAGIGILTV_nb_7315,0.3309342356228299
GILGFVFTL_3152,0.7840985876977048
LLDFVRFMGV_109,0.838856504421254
LLFGYPVYV_nb_11232,0.2899981872535333
FLYALALLL_nb_11751,0.23682622641806475
ELAGIGILTV_nb_2667,0.7648503535269684
GILGFVFTL_nb_4979,0.6507502163184453
GLCTLVAML_nb_10262,0.39268836281852787
GLCTLVAML_nb_5411,0.48960222466845316
ELAGIGILTV_nb_38,0.3873647037821035
GILGFVFTL_nb_5097,0.5271806833326356
GILGFVFTL_1261,0.4478142426836646
LLDFVRFMGV_nb_3695,0.8091177230961236
ELAGIGILTV_nb_2203,0.6280285013390623
ELAGIGILTV_nb_7543,0.6955321713131695
ELAGIGILTV_nb_2031,0.2190711605982548
LLFGYPVYV_nb_11464,0.39439211256136064
FLYALALLL_nb_8906,0.37605444453308323
GILGFVFTL_nb_9468,0.30886619819777
GLCTLVAML_nb_1283,0.3392413309620438
GLCTLVAML_nb_10050,0.23752436336233188
GILGFVFTL_1053,0.7459787016005219
GLCTLVAML_nb_5623,0.6913385939610737
FLYALALLL_nb_4531,0.785249663682292
LLFGYPVYV_nb_6806,0.39011309105555636
GLCTLVAML_nb_10296,0.4771923891300515
GILGFVFTL_nb_5063,0.315443579544175
GILGFVFTL_1295,0.909130943467211
FLYALALLL_nb_1043,0.7628573125228723
GILGFVFTL_48,0.7430886825466493
LLDFVRFMGV_nb_3661,0.6817681387492287
LLDFVRFMGV_nb_8289,0.49656070800017105
GILGFVFTL_2410,0.802562609735366
ELAGIGILTV_nb_323,0.7827122738074889
LLDFVRFMGV_599,0.4830111469778626
LLDFVRFMGV_nb_3453,0.8469919652869508
LLFGYPVYV_nb_1811,0.7548003492763325
GLCTLVAML_nb_6052,0.20449807647538912
ELAGIGILTV_nb_111,0.8088938455406898
FLYALALLL_nb_756,0.22988558027209166
LLFGYPVYV_nb_11490,0.18822664833523634
LLFGYPVYV_nb_6208,0.5072442590964896
GILGFVFTL_2246,0.8554224994067308
LLDFVRFMGV_nb_3037,0.3343871871715781
GILGFVFTL_3394,0.9089912421638677
LLDFVRFMGV_nb_738,0.8405886505337052
GLCTLVAML_nb_1613,0.45758955411891034
FLYALALLL_nb_4367,0.18452228482565625
GLCTLVAML_nb_1421,0.6380355821577838
FLYALALLL_nb_4155,0.17757486022818275
GILGFVFTL_2074,0.6402896046339288
FLYALALLL_nb_8798,0.817787844309352
LLDFVRFMGV_nb_3205,0.4543264098429408
GILGFVFTL_2848,0.9285015387649334
ELAGIGILTV_nb_2693,0.5720705643839129
GILGFVFTL_1850,0.9064988490286058
ELAGIGILTV_nb_2832,0.33666607977063523
LLDFVRFMGV_nb_3498,0.6753351223740758
LLDFVRFMGV_nb_8070,0.7477772354686083
LLDFVRFMGV_nb_7804,0.3818141579336214
LLDFVRFMGV_nb_397,0.7607511554493298
FLYALALLL_nb_8939,0.5085546670793636
GILGFVFTL_nb_9457,0.6926573889860375
LLDFVRFMGV_nb_8242,0.7601409902278484
GILGFVFTL_83,0.8671076751431849
GILGFVFTL_nb_9665,0.21322857796333017
ELAGIGILTV_662,0.9063867719072836
GILGFVFTL_nb_4946,0.19333393563277002
GLCTLVAML_2644,0.763890404824807
FLYALALLL_nb_1088,0.5306967081881592
FLYALALLL_nb_8753,0.8280003603365953
GILGFVFTL_2883,0.6726442435220918
ELAGIGILTV_nb_2658,0.8568120817938136
GLCTLVAML_nb_10639,0.6294200853949101
GILGFVFTL_221,0.9029672034986773
GLCTLVAML_nb_5876,0.5294039154529511
LLFGYPVYV_nb_6495,0.8216579811478886
GILGFVFTL_1408,0.6428267109319972
GLCTLVAML_nb_5278,0.1786538837440219
FLYALALLL_nb_8561,0.2347434349825195
ELAGIGILTV_nb_7118,0.6788223578893111
LLDFVRFMGV_nb_8414,0.47370020526529055
FLYALALLL_nb_903,0.6985693753779728
GILGFVFTL_3199,0.6497223985545202
GILGFVFTL_2877,0.8479143314442759
LLFGYPVYV_nb_1644,0.8663235173826669
GLCTLVAML_1451,0.41366859401048117
LLDFVRFMGV_nb_535,0.8060445669026024
GLCTLVAML_nb_5882,0.6759504567552848
LLFGYPVYV_nb_6461,0.7777803577662492
FLYALALLL_nb_4358,0.4486827213060047
LLFGYPVYV_nb_6653,0.7930868866793511
FLYALALLL_nb_8595,0.7933774514384034
GILGFVFTL_2279,0.8892388737551152
LLDFVRFMGV_nb_3008,0.7568738155845018
LLFGYPVYV_nb_10925,0.7356611426786697
FLYALALLL_nb_3941,0.6027739723609153
LLDFVRFMGV_nb_707,0.805243173669797
GILGFVFTL_1098,0.8821202046190005
LLFGYPVYV_nb_6237,0.6502680475405609
LLDFVRFMGV_nb_8084,0.2088088907975798
FLYALALLL_nb_9023,0.5354180701757135
ELAGIGILTV_nb_7588,0.271875139513289
FLYALALLL_nb_769,0.8685002253971055
FLYALALLL_nb_9211,0.2942258212667827
GILGFVFTL_77,0.7505073843412569
GILGFVFTL_nb_9691,0.5959064859246526
LLFGYPVYV_nb_6839,0.7664636304302768
FLYALALLL_nb_4152,0.6307330590154693
GLCTLVAML_nb_1426,0.8141056598378917
LLFGYPVYV_nb_6459,0.5551831169484083
LLDFVRFMGV_nb_3202,0.6390180860358761
ELAGIGILTV_nb_2694,0.5521235521293144
GILGFVFTL_2241,0.27464604242261825
GILGFVFTL_3393,0.9019842248267824
LLDFVRFMGV_nb_3030,0.8843697534898793
FLYALALLL_nb_3979,0.8166061642507385
FLYALALLL_nb_4360,0.6966737325491468
GLCTLVAML_nb_1614,0.8517732168811643
LLFGYPVYV_nb_1816,0.5342784862810672
LLDFVRFMGV_nb_3454,0.541687386465579
ELAGIGILTV_nb_116,0.24513912863935397
GILGFVFTL_2625,0.8951516885763181
FLYALALLL_nb_751,0.5731107890352337
LLFGYPVYV_nb_11497,0.5848188782802909
FLYALALLL_nb_4536,0.8606566552937995
GLCTLVAML_nb_10291,0.21905047062946043
GILGFVFTL_689,0.1304179713770572
LLFGYPVYV_nb_6801,0.33139031871424846
GILGFVFTL_nb_5064,0.22104538321586978
GILGFVFTL_1292,0.9322183983173319
FLYALALLL_nb_1044,0.8433978080934007
LLDFVRFMGV_nb_3666,0.6141169836323412
FLYALALLL_nb_9229,0.46821809869009545
ELAGIGILTV_nb_324,0.5892239743992412
LLDFVRFMGV_nb_8048,0.2321494755654121
ELAGIGILTV_nb_7544,0.15530699255401959
ELAGIGILTV_nb_2036,0.26745971785625716
LLFGYPVYV_nb_11463,0.8068358273306333
FLYALALLL_nb_8901,0.37892467191497703
GILGFVFTL_1868,0.9115993616590611
GLCTLVAML_nb_1284,0.8456915957139649
GLCTLVAML_nb_10057,0.2980921427566502
GLCTLVAML_nb_5624,0.5288835506916227
GILGFVFTL_1054,0.9218323577161006
GLCTLVAML_nb_10265,0.7915934598216281
GILGFVFTL_nb_5090,0.6926680805599298
GILGFVFTL_1266,0.9146264062503504
GLCTLVAML_nb_5416,0.4939919717921535
LLDFVRFMGV_nb_3692,0.5080676890076911
ELAGIGILTV_nb_2204,0.7042608435635684
GLCTLVAML_nb_10601,0.2594583851970914
GILGFVFTL_219,0.8489944609566221
GILGFVFTL_1602,0.8969900235453327
ELAGIGILTV_nb_7312,0.2233464619321348
GILGFVFTL_2087,0.9263682560455803
GILGFVFTL_3155,0.919397414312713
FLYALALLL_nb_11756,0.6123638085430761
LLFGYPVYV_nb_11235,0.49258696514165595
ELAGIGILTV_nb_2660,0.37402785854391774
LLFGYPVYV_nb_1688,0.5823209482533284
FLYALALLL_nb_8559,0.22356372558013857
ELAGIGILTV_nb_7120,0.82105246650324
GILGFVFTL_nb_9837,0.8673176030174412
GILGFVFTL_3367,0.36351705831106607
LLFGYPVYV_nb_11007,0.6658087535283365
ELAGIGILTV_nb_2452,0.7867554134030104
GLCTLVAML_nb_10433,0.4251514309667368
GILGFVFTL_nb_1266,0.2080386092470742
FLYALALLL_nb_4394,0.5761147754391062
GILGFVFTL_nb_4714,0.21526904563341323
GILGFVFTL_817,0.8720251709234457
GLCTLVAML_nb_5240,0.8226829905554027
GILGFVFTL_1430,0.8058182767032966
LLDFVRFMGV_nb_3659,0.8245548872137266
GILGFVFTL_70,0.6584522210457258
FLYALALLL_nb_9216,0.7072323001605448
GILGFVFTL_2428,0.9111839917119624
GILGFVFTL_nb_9696,0.2980386219642772
FLYALALLL_nb_4509,0.703482894918253
LLFGYPVYV_nb_6230,0.45339958283909787
LLFGYPVYV_nb_1829,0.5633024252929049
FLYALALLL_nb_9024,0.7240655431288645
LLDFVRFMGV_nb_8083,0.613655042904473
ELAGIGILTV_nb_129,0.3742027872607163
GLCTLVAML_981,0.6400536066617337
LLFGYPVYV_nb_6654,0.25879480771178964
FLYALALLL_nb_8592,0.7576618484318212
LLFGYPVYV_nb_10922,0.8247802039497191
FLYALALLL_nb_3946,0.6104345907917685
LLDFVRFMGV_nb_700,0.6421468452065449
ELAGIGILTV_nb_2499,0.6772713295617917
FLYALALLL_nb_904,0.5739331498554913
GILGFVFTL_2870,0.9244002349303865
LLDFVRFMGV_nb_532,0.46808426487491894
LLFGYPVYV_nb_1643,0.6652130323391099
GLCTLVAML_nb_1419,0.10127906311250377
GLCTLVAML_nb_5885,0.5693904517537801
LLFGYPVYV_nb_6466,0.44183831736137386
GILGFVFTL_nb_1259,0.2456085718420029
GILGFVFTL_828,0.8668843828983914
GLCTLVAML_2829,0.6540523058725732
FLYALALLL_nb_8566,0.324150716405576
GILGFVFTL_nb_9808,0.7313654523290961
LLDFVRFMGV_nb_8413,0.6483933944109921
LLDFVRFMGV_nb_2915,0.6618120798869337
LLFGYPVYV_nb_11038,0.5297492911490609
FLYALALLL_nb_8754,0.6279218896654712
GILGFVFTL_2884,0.8460019561531884
GILGFVFTL_226,0.8848339889577927
FLYALALLL_nb_4199,0.697539567910481
GLCTLVAML_nb_5871,0.20546767276132177
LLFGYPVYV_nb_6492,0.5269540687701701
GILGFVFTL_84,0.7592975213012402
LLDFVRFMGV_nb_8245,0.2160932184720496
GILGFVFTL_nb_9662,0.6776853284873372
GILGFVFTL_642,0.4508034965317565
GLCTLVAML_2643,0.831209881920597
GILGFVFTL_nb_4941,0.5862420689190372
GILGFVFTL_1259,0.9294925719480844
GLCTLVAML_nb_5429,0.2486850332746931
GILGFVFTL_1857,0.8742834912574227
GLCTLVAML_nb_10068,0.27956899005682256
LLDFVRFMGV_nb_7803,0.8657537717112587
LLDFVRFMGV_nb_8077,0.3086486404157991
ELAGIGILTV_nb_2835,0.7735776637468529
LLDFVRFMGV_nb_390,0.7614381538793449
GILGFVFTL_nb_9450,0.45049585962097355
GLCTLVAML_nb_10095,0.5989702087665731
LLFGYPVYV_nb_6239,0.21547165910051294
GILGFVFTL_1096,0.9169684644874943
ELAGIGILTV_nb_120,0.697204431697892
GILGFVFTL_2613,0.9138811466702319
ELAGIGILTV_nb_7586,0.6493470047403903
LLFGYPVYV_nb_1820,0.23738377007863307
LLDFVRFMGV_nb_3462,0.628838839957853
FLYALALLL_nb_767,0.8309213408277762
ELAGIGILTV_nb_312,0.7131694165908505
GILGFVFTL_2421,0.9218323577161006
LLDFVRFMGV_nb_3650,0.5103450328547102
LLFGYPVYV_nb_6837,0.7726376226561325
FLYALALLL_nb_4500,0.8740733290643777
FLYALALLL_nb_1072,0.8500816660764293
GILGFVFTL_nb_5052,0.6663434475150076
LLDFVRFMGV_nb_3234,0.6256632262613474
GILGFVFTL_2045,0.9123837130558325
GILGFVFTL_2879,0.17424767463631727
FLYALALLL_nb_4164,0.48838972140134207
GLCTLVAML_nb_1410,0.7473122833502424
FLYALALLL_nb_4356,0.46513378697210794
GLCTLVAML_nb_1622,0.46397048977944666
GLCTLVAML_988,0.8968422522776768
GLCTLVAML_nb_5282,0.6696171088469902
LLDFVRFMGV_nb_3006,0.5977098690988006
LLDFVRFMGV_nb_709,0.7132224305304543
ELAGIGILTV_nb_2490,0.7042608435635684
GILGFVFTL_3163,0.8873562433893487
ELAGIGILTV_nb_7324,0.19636710147859393
ELAGIGILTV_nb_2656,0.25405653149120944
LLFGYPVYV_nb_11203,0.7286419984191271
FLYALALLL_nb_4190,0.5419431597929014
GLCTLVAML_nb_5878,0.8021535977060268
GLCTLVAML_nb_10637,0.654173281179658
GILGFVFTL_1634,0.9172274848286167
GILGFVFTL_nb_1250,0.6090471084455785
GLCTLVAML_nb_10405,0.7435983463176485
GLCTLVAML_nb_5276,0.8634229522707417
GILGFVFTL_1406,0.6112163504397592
GILGFVFTL_nb_4722,0.18788340292547062
GILGFVFTL_821,0.8981157089822889
GILGFVFTL_3351,0.6725291547911408
ELAGIGILTV_nb_7116,0.482028059476044
GILGFVFTL_nb_9801,0.5991786350041054
ELAGIGILTV_nb_2464,0.6870116383834348
LLFGYPVYV_nb_11031,0.7384882481952953
GLCTLVAML_nb_10061,0.8327154362202616
GILGFVFTL_479,0.8978989366656756
GLCTLVAML_nb_5612,0.8634034388453699
ELAGIGILTV_nb_7572,0.5852877281149418
LLDFVRFMGV_nb_3496,0.7832064568584216
LLFGYPVYV_719,0.6333742213923266
FLYALALLL_nb_8937,0.22683792449713475
LLFGYPVYV_nb_11455,0.6678250964633868
GILGFVFTL_nb_9459,0.6820649743980731
FLYALALLL_nb_793,0.7315200740311106
LLDFVRFMGV_nb_399,0.6255200522181409
ELAGIGILTV_nb_2232,0.6077599279675806
GLCTLVAML_nb_10253,0.8246295379146855
GILGFVFTL_nb_4948,0.6267897655950233
FLYALALLL_nb_1086,0.7576839191802853
GLCTLVAML_nb_5420,0.7675149710880061
LLFGYPVYV_nb_10914,0.8488554026896318
LLDFVRFMGV_nb_3039,0.6532054838037523
GLCTLVAML_1652,0.824152749107678
LLDFVRFMGV_nb_736,0.5161262578066039
FLYALALLL_nb_3970,0.8214628248183757
FLYALALLL_nb_4369,0.6666335665883375
GILGFVFTL_9,0.9144291035228888
LLFGYPVYV_nb_6662,0.7154198615635318
LLFGYPVYV_nb_6450,0.6015805793488791
FLYALALLL_nb_932,0.6613130573042156
FLYALALLL_nb_8796,0.739776695807739
LLDFVRFMGV_nb_504,0.708598616081296
LLFGYPVYV_nb_1675,0.7990429136065399
GILGFVFTL_2846,0.9030726005944278
GILGFVFTL_680,0.9062269651221095
GLCTLVAML_nb_10298,0.4801205711311488
GILGFVFTL_nb_4983,0.7469641997936163
LLFGYPVYV_nb_6808,0.8551656067234268
GILGFVFTL_46,0.873688782918207
LLDFVRFMGV_nb_8287,0.3563939974308663
FLYALALLL_nb_9220,0.1541016213711437
FLYALALLL_nb_9012,0.22217862429055096
GILGFVFTL_nb_9492,0.44188962528904185
FLYALALLL_nb_758,0.703409711798028
GLCTLVAML_nb_1279,0.3449021140884777
LLFGYPVYV_nb_6206,0.4425396711345757
ELAGIGILTV_2239,0.645418460711591
GILGFVFTL_674,0.8932431100064921
GILGFVFTL_nb_4977,0.16391957739594715
ELAGIGILTV_nb_36,0.5276203314845224
GILGFVFTL_nb_5099,0.6410183360628523
LLDFVRFMGV_nb_8273,0.5483570085506609
GILGFVFTL_nb_9654,0.660405643367642
LLDFVRFMGV_nb_7835,0.24656960629589697
LLDFVRFMGV_nb_8041,0.35705174862317685
ELAGIGILTV_nb_2803,0.8584094881559619
FLYALALLL_nb_8908,0.7140824397027166
GILGFVFTL_nb_9466,0.6565627554322362
GILGFVFTL_446,0.9218323577161006
LLDFVRFMGV_1063,0.5510904703954967
LLDFVRFMGV_nb_8425,0.7111645572689604
FLYALALLL_nb_8550,0.3971495834401062
ELAGIGILTV_nb_7129,0.2399116730485306
LLDFVRFMGV_nb_2923,0.37937354530063416
FLYALALLL_nb_3984,0.7300345119111715
GLCTLVAML_nb_5249,0.44898252083547036
LLFGYPVYV_nb_6696,0.6177536982065654
GLCTLVAML_nb_5847,0.21902967302359377
GLCTLVAML_nb_10608,0.22711397907308062
LLFGYPVYV_nb_2004,0.563769546893985
FLYALALLL_nb_8762,0.7316873489477153
ELAGIGILTV_nb_2669,0.6849831548247012
LLFGYPVYV_nb_1681,0.852569340668331
ELAGIGILTV_nb_2235,0.7033274858467182
GLCTLVAML_nb_10254,0.7880690482141429
FLYALALLL_nb_1081,0.2121642133670524
GLCTLVAML_nb_5427,0.12727648615933268
GILGFVFTL_1257,0.9175758317179327
GLCTLVAML_nb_10066,0.6182256058398627
GILGFVFTL_1859,0.9218323577161006
GILGFVFTL_1065,0.48192871527213965
GLCTLVAML_nb_5615,0.23026222533377658
ELAGIGILTV_nb_7575,0.6937337402911193
LLDFVRFMGV_nb_8079,0.6298797053822173
LLDFVRFMGV_nb_3491,0.8776893125875209
FLYALALLL_nb_8930,0.4627284909171254
LLFGYPVYV_nb_11452,0.23041198038750327
FLYALALLL_nb_794,0.694764733908491
GILGFVFTL_nb_1257,0.5915147853769356
GLCTLVAML_nb_10402,0.8045653107510093
GILGFVFTL_1401,0.91409615008498
GLCTLVAML_nb_5271,0.8512669069606732
GILGFVFTL_826,0.3279443094481173
GLCTLVAML_2827,0.7598470905222371
GILGFVFTL_nb_4725,0.6070215082036625
FLYALALLL_nb_8568,0.7567299354874399
ELAGIGILTV_nb_7111,0.15497662765383696
GILGFVFTL_nb_9806,0.6870382828323722
GILGFVFTL_2284,0.8710512685567178
ELAGIGILTV_nb_2463,0.7993079141145939
LLFGYPVYV_nb_11036,0.4987294826570068
ELAGIGILTV_nb_7323,0.7615966360419126
ELAGIGILTV_nb_2651,0.4656267150107423
LLFGYPVYV_nb_11204,0.7175811232141944
FLYALALLL_nb_4197,0.7432582065779387
GILGFVFTL_228,0.6863495260176036
GLCTLVAML_nb_10630,0.523940190846725
GILGFVFTL_1633,0.7103344996450254
GLCTLVAML_nb_1625,0.7848402983512593
FLYALALLL_nb_4351,0.7960568120613811
GLCTLVAML_nb_5285,0.6288743127573395
LLDFVRFMGV_nb_3001,0.6710968926980021
GILGFVFTL_2270,0.7250949410697737
ELAGIGILTV_nb_2497,0.8286626153434493
LLFGYPVYV_3425,0.4490976511715421
FLYALALLL_nb_3948,0.7403127569609205
LLDFVRFMGV_nb_3233,0.6795214180324148
GILGFVFTL_3190,0.921944477206602
GILGFVFTL_2042,0.9140231183113412
GLCTLVAML_nb_1417,0.259228485036309
FLYALALLL_nb_4163,0.5131943472227956
LLFGYPVYV_nb_6468,0.46393284819352015
ELAGIGILTV_nb_315,0.7087172958270965
FLYALALLL_nb_9218,0.7398725109301327
LLDFVRFMGV_nb_3657,0.6860474030861416
GILGFVFTL_nb_9698,0.7508104399001265
LLFGYPVYV_nb_6830,0.7952047973923542
FLYALALLL_nb_4507,0.8422230651954804
FLYALALLL_nb_1075,0.4854107070254233
GILGFVFTL_nb_5055,0.34501822218089107
GLCTLVAML_nb_10092,0.7361965494422329
GILGFVFTL_1091,0.6230736990492781
ELAGIGILTV_nb_7581,0.45596415537661444
GILGFVFTL_2614,0.5390232343893541
ELAGIGILTV_nb_127,0.5651537394066606
LLDFVRFMGV_nb_3465,0.4297359009965073
LLFGYPVYV_nb_1827,0.8009892351619834
FLYALALLL_nb_760,0.12015288614244109
GLCTLVAML_nb_5840,0.4749372642541354
GLCTLVAML_2216,0.8618400143742585
LLFGYPVYV_nb_2003,0.3305376975401238
GILGFVFTL_217,0.882862554294054
GILGFVFTL_2089,0.8611610051991199
FLYALALLL_nb_8765,0.48903467041226567
LLFGYPVYV_nb_1686,0.1983737963585369
GILGFVFTL_3369,0.9030469087849515
LLDFVRFMGV_nb_8422,0.818182932973765
FLYALALLL_nb_8557,0.7984454921521974
GILGFVFTL_nb_9839,0.4313342558982228
LLFGYPVYV_nb_11009,0.1202452963300964
FLYALALLL_nb_3983,0.8459071964366349
LLDFVRFMGV_nb_2924,0.849042584663176
GILGFVFTL_nb_1268,0.5175175187237429
GILGFVFTL_819,0.8534231116080473
LLFGYPVYV_nb_6691,0.298117291974638
ELAGIGILTV_nb_2804,0.7042608435635684
LLDFVRFMGV_nb_8046,0.6724211253544767
LLDFVRFMGV_nb_7832,0.20254904583598998
GILGFVFTL_nb_9461,0.25208640128774834
ELAGIGILTV_nb_2038,0.7366662809335582
GLCTLVAML_nb_10059,0.6573944108794314
GILGFVFTL_1866,0.9352226212677801
GILGFVFTL_nb_4970,0.6285826257548539
GILGFVFTL_673,0.887110739741744
GLCTLVAML_nb_5418,0.205495757153275
ELAGIGILTV_nb_31,0.9039196914272394
LLDFVRFMGV_3501,0.843827204597131
LLDFVRFMGV_nb_8274,0.5948623416926354
GILGFVFTL_nb_9653,0.5781856655568389
ELAGIGILTV_nb_118,0.8459557771237499
FLYALALLL_nb_9015,0.1974469059333202
LLFGYPVYV_nb_1818,0.8489610855092347
GILGFVFTL_nb_9495,0.8814653451014179
LLFGYPVYV_nb_11499,0.24804410147868294
GILGFVFTL_1892,0.8242626674775946
LLFGYPVYV_nb_6201,0.8302331058628061
GILGFVFTL_nb_4984,0.3479238541799967
GILGFVFTL_687,0.20857966922736237
FLYALALLL_nb_4538,0.8490516533478079
FLYALALLL_nb_9227,0.7050419676498488
LLDFVRFMGV_nb_8280,0.20011807871223303
LLDFVRFMGV_nb_3668,0.7018140627640078
GILGFVFTL_41,0.4000978710932325
GLCTLVAML_nb_1428,0.3449187964491529
LLFGYPVYV_nb_6457,0.16982927204014364
FLYALALLL_nb_935,0.8419441864158569
FLYALALLL_nb_8791,0.7046026009989124
LLFGYPVYV_nb_1672,0.6057341517904999
LLDFVRFMGV_nb_503,0.40289416828670166
GILGFVFTL_2841,0.7016718959814306
LLFGYPVYV_nb_10913,0.5842363619835982
LLDFVRFMGV_nb_731,0.38400894040724615
LLDFVRFMGV_nb_3802,0.8510693533976499
FLYALALLL_nb_3977,0.6447979734717
LLFGYPVYV_nb_6665,0.6648911992328413
GLCTLVAML_nb_10469,0.12318657550841182
GLCTLVAML_2070,0.35008951026335744
ELAGIGILTV_nb_2408,0.48026626367910963
LLDFVRFMGV_nb_2970,0.7267686890545859
GILGFVFTL_nb_11767,0.7819465149233615
FLYALALLL_nb_8503,0.5186267980548405
GILGFVFTL_nb_9263,0.8330934444622483
FLYALALLL_nb_995,0.17254294749085078
ELAGIGILTV_nb_7348,0.7986373032865345
FLYALALLL_nb_8731,0.6711989167245881
GILGFVFTL_1658,0.5290330548410487
GLCTLVAML_nb_1488,0.6567301021246708
GLCTLVAML_nb_5814,0.6649482128600209
GILGFVFTL_243,0.18871083693004145
GILGFVFTL_nb_9607,0.25778504700154564
LLDFVRFMGV_nb_8220,0.3708351444061756
LLFGYPVYV_nb_6093,0.6931902258117685
ELAGIGILTV_nb_65,0.11917397571394504
GILGFVFTL_627,0.8850503292195737
GILGFVFTL_nb_4924,0.20912165962354065
FLYALALLL_nb_4598,0.5770712909981168
GILGFVFTL_415,0.9033517159004195
GILGFVFTL_1832,0.9281045976909663
GILGFVFTL_nb_9435,0.8252549893204955
LLFGYPVYV_nb_11439,0.34450509787621375
LLDFVRFMGV_nb_7866,0.7296195240013192
ELAGIGILTV_nb_2850,0.6447444065988142
LLDFVRFMGV_nb_8012,0.7953482975666656
GILGFVFTL_15,0.10693240464744735
LLFGYPVYV_nb_6067,0.5884402604244853
ELAGIGILTV_nb_91,0.5653257137079913
LLFGYPVYV_nb_6255,0.7538387645280431
ELAGIGILTV_nb_2098,0.5182631158598396
FLYALALLL_nb_9041,0.5817322661329204
LLDFVRFMGV_nb_7892,0.5546217125989732
LLFGYPVYV_nb_6631,0.39609815862903924
LLDFVRFMGV_nb_2984,0.7009306468092777
FLYALALLL_nb_3923,0.7763011846182075
LLFGYPVYV_nb_10947,0.5563031910560287
GILGFVFTL_nb_11793,0.7144561948852357
LLFGYPVYV_nb_11895,0.8001721939499035
GILGFVFTL_nb_9899,0.5647799715031022
LLDFVRFMGV_nb_557,0.30038816503775845
GILGFVFTL_nb_9297,0.19322561432210922
GILGFVFTL_2815,0.8774327332547074
LLDFVRFMGV_nb_3258,0.20278153728214657
FLYALALLL_nb_961,0.7507331001929025
GILGFVFTL_2029,0.9325354117702387
LLFGYPVYV_nb_6403,0.8416050921226943
FLYALALLL_nb_4108,0.3932690626675765
LLFGYPVYV_nb_11406,0.316905167671408
FLYALALLL_nb_8964,0.7068559278504756
ELAGIGILTV_nb_2053,0.6121634618505027
ELAGIGILTV_nb_187,0.36010074673482706
ELAGIGILTV_nb_7521,0.3256020579950854
LLFGYPVYV_nb_1887,0.7123252615480924
LLDFVRFMGV_nb_7859,0.2260147576542531
GLCTLVAML_nb_5641,0.5923879086188616
GILGFVFTL_1031,0.9278429150090437
GLCTLVAML_nb_10032,0.756126483160084
GILGFVFTL_1203,0.4529828592874276
GLCTLVAML_nb_5473,0.23005656179341152
GILGFVFTL_618,0.8392893315178978
GLCTLVAML_nb_10200,0.5854789995668634
GLCTLVAML_2619,0.7233922427541475
LLFGYPVYV_nb_6890,0.24445473133706921
GILGFVFTL_nb_9638,0.3789998987490708
ELAGIGILTV_nb_2261,0.48045311741350855
ELAGIGILTV_nb_7713,0.551587636557929
GILGFVFTL_2486,0.8964528841472807
GLCTLVAML_nb_10664,0.22620920350849577
ELAGIGILTV_nb_2605,0.5703318456992673
LLFGYPVYV_nb_11250,0.2819610373534521
FLYALALLL_nb_11733,0.19149294364479885
LLDFVRFMGV_nb_3293,0.8444243233010421
GILGFVFTL_3130,0.852687330472984
ELAGIGILTV_nb_7377,0.3060423211670721
ELAGIGILTV_nb_2437,0.20240445532015816
LLFGYPVYV_nb_11062,0.6753154797171477
LLDFVRFMGV_nb_8449,0.20481104830084298
GILGFVFTL_3302,0.8412844989220478
GILGFVFTL_nb_11758,0.4796393112635326
ELAGIGILTV_nb_7145,0.4027778252136254
GILGFVFTL_nb_9852,0.19892638597432447
GLCTLVAML_nb_5225,0.4623353176589719
GILGFVFTL_1455,0.8630116477388587
GILGFVFTL_nb_4771,0.8360339415324859
GILGFVFTL_872,0.9146140466438251
GILGFVFTL_nb_1203,0.6359850698926302
GLCTLVAML_nb_10456,0.6914010513515978
GILGFVFTL_1693,0.8619666736136624
GLCTLVAML_nb_1443,0.6948342732459115
FLYALALLL_nb_4137,0.8552570594859854
GLCTLVAML_nb_10690,0.5653379067242941
LLDFVRFMGV_nb_568,0.6087578672791366
LLDFVRFMGV_nb_3267,0.7156340300660186
ELAGIGILTV_nb_7383,0.8738940630628513
GILGFVFTL_2016,0.6152461539805816
LLFGYPVYV_nb_11096,0.7055653579484208
LLFGYPVYV_nb_10978,0.610342172668706
LLDFVRFMGV_nb_3055,0.3085535982141012
GILGFVFTL_2224,0.6609860490712485
GILGFVFTL_nb_4785,0.49803864876680415
GILGFVFTL_886,0.9019842248267824
GLCTLVAML_3169,0.8290757353535733
FLYALALLL_nb_4305,0.7405202028851537
FLYALALLL_nb_8990,0.612640302713175
GILGFVFTL_2640,0.925648394666873
ELAGIGILTV_nb_173,0.7282913712695438
GLCTLVAML_nb_6030,0.553870316979455
LLFGYPVYV_nb_1873,0.7128633125306238
LLDFVRFMGV_nb_3431,0.43817995486704797
FLYALALLL_nb_1021,0.7609244322878779
LLFGYPVYV_nb_6058,0.540732291250568
GILGFVFTL_nb_5001,0.47908444144173823
GLCTLVAML_nb_5487,0.5611550824922598
LLFGYPVYV_nb_6864,0.6862129326603434
FLYALALLL_nb_4553,0.7063274678618238
ELAGIGILTV_nb_2295,0.6605769411291776
GLCTLVAML_1068,0.679941464152464
GILGFVFTL_2472,0.9006414630579878
ELAGIGILTV_nb_341,0.5796507449671955
LLDFVRFMGV_nb_3603,0.7063105281658866
LLDFVRFMGV_nb_550,0.8373834854237374
GILGFVFTL_2812,0.32070849037123195
GILGFVFTL_nb_9290,0.8314357673871164
FLYALALLL_nb_966,0.7397399468636046
LLFGYPVYV_nb_6404,0.21129296620357318
ELAGIGILTV_899,0.8623542750682708
GILGFVFTL_1499,0.9355136723250456
LLFGYPVYV_nb_6636,0.6542044682131378
GLCTLVAML_1606,0.6587302771312991
FLYALALLL_nb_3924,0.7750239192083312
LLDFVRFMGV_nb_2983,0.6167496236806755
LLFGYPVYV_nb_10940,0.24757576397438646
LLFGYPVYV_nb_11892,0.5304376017557557
ELAGIGILTV_nb_7189,0.8224507551011335
GILGFVFTL_nb_11794,0.6091904281536554
LLFGYPVYV_nb_6252,0.8155769099833375
GLCTLVAML_nb_6008,0.6453995940133517
GILGFVFTL_2678,0.9123546515340314
LLDFVRFMGV_nb_3409,0.6665916232335456
LLDFVRFMGV_nb_7895,0.8391900902858556
FLYALALLL_nb_9046,0.1299402379416283
GILGFVFTL_12,0.8134173491844838
GILGFVFTL_nb_10010,0.7240299351879302
LLFGYPVYV_nb_6060,0.18594832256162075
FLYALALLL_nb_1019,0.7876682814050134
ELAGIGILTV_nb_96,0.8314291313251865
GILGFVFTL_nb_5039,0.6449083537896656
GILGFVFTL_1009,0.9000750006976558
GLCTLVAML_nb_5679,0.6127782257136822
GILGFVFTL_412,0.9322997075677504
GLCTLVAML_2413,0.3069399468162401
GILGFVFTL_1835,0.9109524437508153
GILGFVFTL_nb_9432,0.7190621930074949
ELAGIGILTV_nb_7519,0.226220694917455
LLDFVRFMGV_nb_8015,0.7260471889465073
ELAGIGILTV_nb_2857,0.42951774727136127
LLDFVRFMGV_nb_7861,0.2215687704597106
GILGFVFTL_nb_9600,0.5105883200649501
ELAGIGILTV_nb_2259,0.8091944010026264
GLCTLVAML_1898,0.8355492107009819
LLDFVRFMGV_nb_8227,0.4902679631227246
LLFGYPVYV_nb_6094,0.6399692375544022
ELAGIGILTV_nb_62,0.5967374841106955
GILGFVFTL_nb_4923,0.5157486321668541
GILGFVFTL_620,0.8709126723045663
GLCTLVAML_nb_10238,0.7295964192705792
GLCTLVAML_2621,0.771459526445049
GILGFVFTL_nb_9264,0.4272968812983965
LLFGYPVYV_nb_11268,0.7553314348608339
FLYALALLL_nb_992,0.8418501104181912
GILGFVFTL_3108,0.891820016944969
FLYALALLL_nb_8736,0.6928674013790492
GLCTLVAML_nb_5813,0.7589713240025111
GILGFVFTL_244,0.9117884247539622
GILGFVFTL_nb_4749,0.827818550086247
LLDFVRFMGV_nb_2977,0.5239692712809201
LLDFVRFMGV_nb_3099,0.20248191492364834
FLYALALLL_nb_8504,0.3850309252535232
GILGFVFTL_nb_11760,0.6840633204167531
ELAGIGILTV_nb_11579,0.5681341530480266
FLYALALLL_nb_1026,0.6545638228819428
GLCTLVAML_nb_5480,0.5906956145059803
GILGFVFTL_nb_5006,0.7067102518288022
LLFGYPVYV_nb_6863,0.8576659414680254
FLYALALLL_nb_4554,0.6428734661164864
ELAGIGILTV_nb_2292,0.7773624002524363
ELAGIGILTV_nb_346,0.5600463482105318
GILGFVFTL_2475,0.9150366643895808
LLDFVRFMGV_nb_3604,0.6198218963471833
FLYALALLL_nb_8997,0.6382779613250427
GLCTLVAML_nb_6037,0.6268853498757482
ELAGIGILTV_nb_174,0.7645142319552948
GILGFVFTL_2647,0.8512221221120233
LLDFVRFMGV_nb_3436,0.209850751911274
FLYALALLL_nb_9079,0.7284471649684111
LLFGYPVYV_nb_1874,0.5956687831565118
LLFGYPVYV_3476,0.5331875940795945
LLFGYPVYV_nb_11091,0.718909294163546
LLDFVRFMGV_nb_3052,0.6594564104987952
GILGFVFTL_2223,0.8918304165363236
GILGFVFTL_881,0.7702521836365824
LLFGYPVYV_nb_6609,0.6233519195549762
GILGFVFTL_nb_4782,0.5657396393100644
FLYALALLL_nb_4302,0.7979599230712446
GILGFVFTL_1694,0.8578447367956012
FLYALALLL_nb_4130,0.7714729497894939
GLCTLVAML_nb_1444,0.27937537334169
GLCTLVAML_nb_10697,0.23866191670691497
FLYALALLL_nb_959,0.7614867794047725
LLDFVRFMGV_nb_3260,0.48071227092150726
GILGFVFTL_2011,0.9125430804228973
ELAGIGILTV_nb_7384,0.571656833240284
ELAGIGILTV_nb_2430,0.6693953990583965
LLFGYPVYV_3482,0.7612508396220218
LLFGYPVYV_nb_11065,0.7485318259191315
LLDFVRFMGV_nb_2948,0.19131255070407233
GILGFVFTL_3305,0.5724315041760415
ELAGIGILTV_nb_7142,0.24725311764722274
GILGFVFTL_nb_9855,0.6460160855551929
GILGFVFTL_1452,0.8955690507061734
ELAGIGILTV_852,0.8453003330789686
GLCTLVAML_nb_5222,0.6890504279415433
GILGFVFTL_nb_4776,0.6886764811726661
GILGFVFTL_nb_1204,0.4193560180212772
GLCTLVAML_nb_10451,0.2792688637981801
GILGFVFTL_1660,0.935026703323362
GLCTLVAML_326,0.668489600734379
GLCTLVAML_nb_10663,0.3446096755657827
ELAGIGILTV_nb_2602,0.7476164935633595
FLYALALLL_nb_11734,0.5836463464925592
LLFGYPVYV_nb_11257,0.6839617989758005
GILGFVFTL_3137,0.8565912583695164
LLDFVRFMGV_nb_3294,0.337362320014249
ELAGIGILTV_nb_7370,0.19711649675649384
FLYALALLL_nb_8709,0.32995164946986144
GLCTLVAML_nb_5474,0.5390029850010226
GILGFVFTL_1204,0.42811051639380826
LLFGYPVYV_nb_6897,0.20697323196315126
GLCTLVAML_nb_10207,0.2744860276459468
ELAGIGILTV_nb_2266,0.21385684220073123
ELAGIGILTV_nb_7714,0.21319068378970263
LLDFVRFMGV_nb_8218,0.5138785895139325
LLFGYPVYV_nb_11401,0.5220456212791761
FLYALALLL_nb_8963,0.6806570257235526
ELAGIGILTV_nb_2054,0.3487026418326708
ELAGIGILTV_nb_7526,0.21275895338758197
ELAGIGILTV_nb_180,0.8206172406574501
ELAGIGILTV_nb_2868,0.2773649275156906
LLFGYPVYV_nb_1880,0.3859636500891272
LLFGYPVYV_nb_6299,0.21990989202642733
GILGFVFTL_1036,0.9288693943490935
GLCTLVAML_nb_5646,0.6199513289770165
GLCTLVAML_nb_10035,0.5623362292473594
ELAGIGILTV_nb_2895,0.44032360532276554
FLYALALLL_nb_9070,0.7153343510627704
LLFGYPVYV_nb_6264,0.734802768620461
GLCTLVAML_nb_5489,0.5904102819749367
ELAGIGILTV_nb_11570,0.6809141565076373
LLFGYPVYV_nb_6056,0.7871313094676302
GILGFVFTL_24,0.866086182094344
LLFGYPVYV_nb_6432,0.5827681329667641
FLYALALLL_nb_4139,0.6672133563071384
GILGFVFTL_2824,0.9218323577161006
LLDFVRFMGV_nb_566,0.6477753866780169
GILGFVFTL_2018,0.5389069223587455
FLYALALLL_nb_950,0.642253149573934
LLDFVRFMGV_nb_3269,0.7458923016331258
LLFGYPVYV_nb_11098,0.24792913263386657
FLYALALLL_nb_3912,0.6970865647259996
LLFGYPVYV_nb_10976,0.8174787308371412
GILGFVFTL_888,0.6276013449548895
LLFGYPVYV_nb_6600,0.6725088050085313
GLCTLVAML_3167,0.6771123721127786
GILGFVFTL_272,0.9251214214874924
GLCTLVAML_nb_5825,0.4871393785513831
ELAGIGILTV_255,0.850168249436857
GILGFVFTL_nb_9252,0.6698039792150194
LLDFVRFMGV_nb_592,0.53868135038477
ELAGIGILTV_nb_7379,0.6351581311418721
FLYALALLL_nb_8700,0.8539700791497482
LLDFVRFMGV_nb_2941,0.7745085135478906
ELAGIGILTV_nb_2439,0.8125436669474142
FLYALALLL_nb_8532,0.7032852046332058
LLDFVRFMGV_nb_8447,0.592886534615733
LLFGYPVYV_nb_10982,0.29957964818983196
GLCTLVAML_nb_10458,0.48461961923205654
GILGFVFTL_nb_9404,0.525353957663466
LLFGYPVYV_nb_11408,0.63557540846671
LLDFVRFMGV_nb_8023,0.3896361783765665
ELAGIGILTV_nb_2861,0.2556721505231309
LLFGYPVYV_nb_1889,0.754370431065382
LLDFVRFMGV_nb_7857,0.5711499964186366
FLYALALLL_nb_9084,0.7063156853949865
ELAGIGILTV_nb_189,0.8389380583196091
LLFGYPVYV_nb_6290,0.7462840156079373
GILGFVFTL_1803,0.8789250664145041
GILGFVFTL_424,0.926394658064898
ELAGIGILTV_nb_54,0.5696504668141545
ELAGIGILTV_nb_11584,0.8739355538560774
GILGFVFTL_nb_4915,0.7283814817123936
GILGFVFTL_nb_9636,0.6166435757315804
LLDFVRFMGV_nb_8211,0.8307348860915534
GILGFVFTL_2488,0.9295800516983953
GILGFVFTL_1490,0.9188051488178275
ELAGIGILTV_890,0.8811121375473467
GLCTLVAML_nb_10493,0.72400227358686
FLYALALLL_nb_4334,0.504426854693988
GLCTLVAML_nb_1640,0.5503670162879428
GILGFVFTL_nb_9897,0.47150784583115424
ELAGIGILTV_nb_7180,0.2309279029969343
LLDFVRFMGV_nb_3064,0.27625495349010143
LLFGYPVYV_nb_10949,0.6764800103525968
LLFGYPVYV_nb_11295,0.27124480657302913
GILGFVFTL_nb_9299,0.8340111797007543
LLDFVRFMGV_nb_559,0.6697298855805516
GILGFVFTL_2027,0.8199445999054795
LLDFVRFMGV_nb_3256,0.5590796606219453
FLYALALLL_nb_4106,0.5659497299538243
GLCTLVAML_nb_1472,0.761975603088551
LLDFVRFMGV_nb_3632,0.2321227782136692
ELAGIGILTV_nb_370,0.27765090785635704
GILGFVFTL_2443,0.8761671131417246
GILGFVFTL_nb_5030,0.41568219269474005
LLFGYPVYV_nb_6069,0.5911778039405009
FLYALALLL_nb_1010,0.47513407734345053
FLYALALLL_nb_4562,0.21179585898820263
LLFGYPVYV_nb_6855,0.5393330000410368
GLCTLVAML_nb_5684,0.25005194433090183
ELAGIGILTV_nb_2096,0.6109205804659272
LLDFVRFMGV_nb_3400,0.7529650653267137
LLFGYPVYV_nb_1842,0.23559657147967422
GLCTLVAML_nb_6001,0.3257826191235291
ELAGIGILTV_nb_142,0.6831147855059742
GILGFVFTL_2671,0.9122611816746053
ELAGIGILTV_nb_2250,0.6995233455982841
GILGFVFTL_nb_9609,0.8028338380797535
ELAGIGILTV_nb_7722,0.20435767509928326
GLCTLVAML_nb_5442,0.8367750540169497
FLYALALLL_nb_4596,0.721450358748739
GLCTLVAML_nb_10231,0.4058627865471786
GILGFVFTL_629,0.6607566622599345
GLCTLVAML_nb_5670,0.6923669547895401
ELAGIGILTV_nb_2062,0.23893561322749074
FLYALALLL_nb_8955,0.5011227742891844
LLFGYPVYV_nb_11437,0.6450286447980657
LLDFVRFMGV_nb_7868,0.4662543393792732
ELAGIGILTV_nb_7510,0.20259306493976934
GILGFVFTL_2685,0.7868374587102344
GILGFVFTL_843,0.9076827694649787
GILGFVFTL_nb_4740,0.19043639995056805
GILGFVFTL_1464,0.8859356663376454
GLCTLVAML_nb_5214,0.3346757876986655
GLCTLVAML_nb_10467,0.5571729650909061
GILGFVFTL_nb_1232,0.6048920511936405
LLFGYPVYV_nb_11053,0.6161556013984149
ELAGIGILTV_nb_2406,0.4916494066519219
ELAGIGILTV_nb_7174,0.2825497445327736
GILGFVFTL_nb_9863,0.6798603315495648
GILGFVFTL_nb_11769,0.3864127042915392
GILGFVFTL_3333,0.7725184345852992
LLDFVRFMGV_nb_3090,0.795360721056888
FLYALALLL_nb_11702,0.5774379307640678
LLFGYPVYV_nb_11261,0.7756071090287867
ELAGIGILTV_nb_2634,0.7858998412781737
LLDFVRFMGV_966,0.2759712952387018
ELAGIGILTV_nb_7346,0.7105053687976526
GILGFVFTL_3101,0.6403181091659789
GILGFVFTL_1656,0.8955690507061734
GLCTLVAML_nb_10655,0.7405747316740657
GLCTLVAML_nb_1486,0.16337274999611925
ELAGIGILTV_nb_53,0.661458981374122
ELAGIGILTV_nb_11583,0.4276498161585815
GLCTLVAML_nb_10209,0.5939279237771231
GLCTLVAML_2610,0.7233922427541475
GILGFVFTL_611,0.921944477206602
LLFGYPVYV_nb_6899,0.7716985779686991
GILGFVFTL_nb_4912,0.6315008370361088
ELAGIGILTV_nb_2268,0.7441271564364846
GILGFVFTL_nb_9631,0.6039566572331017
LLDFVRFMGV_nb_8216,0.6175634126918554
GILGFVFTL_nb_9403,0.4479546896820104
FLYALALLL_nb_9083,0.4184278769487425
LLDFVRFMGV_nb_7850,0.702212228236132
ELAGIGILTV_nb_2866,0.7935975535502109
LLDFVRFMGV_nb_8024,0.2645224494230184
ELAGIGILTV_nb_7528,0.2970583074814903
GLCTLVAML_nb_5648,0.5342733745867314
GILGFVFTL_1038,0.9142604548611377
LLFGYPVYV_nb_6297,0.14491651875800976
GILGFVFTL_1804,0.8510508376004259
LLDFVRFMGV_nb_2946,0.8098974716864515
FLYALALLL_nb_8535,0.6391908292709714
LLFGYPVYV_nb_10985,0.4035465128939921
LLDFVRFMGV_nb_8440,0.7898972730471827
GILGFVFTL_nb_4778,0.4541264993863472
GLCTLVAML_328,0.6195405927902993
ELAGIGILTV_252,0.39926510966552714
GLCTLVAML_nb_5822,0.7025296813855522
GILGFVFTL_nb_9255,0.731704799863157
LLFGYPVYV_nb_11259,0.5286182812792614
LLDFVRFMGV_nb_595,0.6420425433523664
FLYALALLL_nb_8707,0.7223150133704432
GILGFVFTL_3139,0.9138811466702319
FLYALALLL_nb_3915,0.8058072968339188
LLFGYPVYV_nb_10971,0.285314783833056
LLFGYPVYV_nb_6607,0.7098651082994949
LLFGYPVYV_nb_6435,0.623895246009766
GLCTLVAML_nb_10699,0.666662178112637
GILGFVFTL_281,0.9218323577161006
GILGFVFTL_2823,0.32665902968138605
LLDFVRFMGV_nb_561,0.5861451482778038
FLYALALLL_nb_957,0.141345376092065
GILGFVFTL_nb_5008,0.7421797529457635
FLYALALLL_nb_1028,0.64139005239676
ELAGIGILTV_nb_11577,0.31491078551623264
GILGFVFTL_23,0.6284433962738368
ELAGIGILTV_nb_348,0.27866286563347775
FLYALALLL_nb_8999,0.40247603575366364
FLYALALLL_nb_9077,0.7276784191777307
ELAGIGILTV_nb_2892,0.6781576312127406
LLDFVRFMGV_nb_3438,0.8221918246815264
GILGFVFTL_2649,0.8578511810353434
GLCTLVAML_nb_6039,0.7654193677194484
LLFGYPVYV_nb_6263,0.5398678962361982
LLFGYPVYV_nb_11266,0.736949211982306
FLYALALLL_nb_11705,0.09218606667490618
ELAGIGILTV_nb_2633,0.19449272742941803
ELAGIGILTV_1244,0.8751146196858444
ELAGIGILTV_nb_7341,0.6621293085418545
FLYALALLL_nb_8738,0.3566782579189127
GILGFVFTL_3106,0.9042091902123237
ELAGIGILTV_3513,0.8466205025528484
GILGFVFTL_1651,0.8718232076804262
GLCTLVAML_nb_10652,0.5931570904912409
GLCTLVAML_nb_1481,0.8156030338476463
GILGFVFTL_nb_4747,0.6774983515911346
GLCTLVAML_nb_5213,0.8122678581569951
GILGFVFTL_1463,0.9195105401440689
GLCTLVAML_919,0.8226663698740249
GLCTLVAML_nb_10460,0.25978496823753144
GILGFVFTL_nb_1235,0.8263920273923856
LLDFVRFMGV_nb_2979,0.7359073789108851
LLFGYPVYV_nb_11054,0.6091566680941143
ELAGIGILTV_nb_2401,0.8692336009848013
ELAGIGILTV_nb_7173,0.8120959870223853
GILGFVFTL_nb_9864,0.6294135767929144
LLDFVRFMGV_nb_3097,0.4556853639212246
GILGFVFTL_3334,0.89394828057479
GLCTLVAML_nb_5677,0.7349056273152283
GILGFVFTL_1007,0.7667766049019736
ELAGIGILTV_nb_2065,0.8365348846848553
FLYALALLL_nb_8952,0.5601083855634272
LLFGYPVYV_nb_11430,0.681253239870609
ELAGIGILTV_nb_2859,0.2858505182994172
GILGFVFTL_2682,0.8911732132001169
ELAGIGILTV_nb_7517,0.6365023656808365
ELAGIGILTV_nb_2257,0.6101757795793972
LLDFVRFMGV_nb_8229,0.7972164661841171
GLCTLVAML_1896,0.6342134584878388
ELAGIGILTV_nb_7725,0.22009742137258737
GILGFVFTL_1235,0.5071415353943558
GLCTLVAML_nb_5445,0.21632849537028534
FLYALALLL_nb_4591,0.7881016409169361
GLCTLVAML_nb_10236,0.8004969597700724
GLCTLVAML_nb_5683,0.700772489152393
ELAGIGILTV_nb_2091,0.18892132897700264
LLFGYPVYV_nb_1845,0.4877766945598841
FLYALALLL_nb_9048,0.5013366238965572
LLDFVRFMGV_nb_3407,0.8280495241632826
GILGFVFTL_2676,0.3945311309026455
ELAGIGILTV_nb_145,0.8110633103044178
GLCTLVAML_nb_6006,0.4930088883337116
LLDFVRFMGV_nb_3635,0.760860263947546
GLCTLVAML_1862,0.8108094819840832
GILGFVFTL_2444,0.8680777126690574
ELAGIGILTV_nb_98,0.7972375674832011
GILGFVFTL_nb_5037,0.6595559538293989
FLYALALLL_nb_1017,0.659655766630729
FLYALALLL_nb_4565,0.5770857972312453
LLFGYPVYV_nb_6852,0.7130418195549053
LLFGYPVYV_nb_11292,0.6487264233362108
GILGFVFTL_2020,0.9195105401440689
LLDFVRFMGV_nb_3251,0.6878193491021591
FLYALALLL_1404,0.47277799735015064
FLYALALLL_nb_968,0.8634171450753511
GLCTLVAML_nb_1475,0.3845321773426874
FLYALALLL_nb_4101,0.8146610029359731
LLFGYPVYV_nb_6638,0.6539320626328182
GILGFVFTL_1497,0.8950718568272793
GLCTLVAML_nb_10494,0.7365850815307594
FLYALALLL_nb_4333,0.8331428989721422
GLCTLVAML_1608,0.20636041851598075
GILGFVFTL_2212,0.9355136723250456
GILGFVFTL_nb_9890,0.262531472776943
ELAGIGILTV_nb_7187,0.2563172155170055
LLDFVRFMGV_nb_3063,0.8014903168507413
