id,cdr3pep_pae
ELAGIGILTV_1000,3.9844
ELAGIGILTV_1005,3.8184
ELAGIGILTV_1019,2.5586
ELAGIGILTV_1021,4.7969
ELAGIGILTV_1027,4.0781
ELAGIGILTV_1028,5.5625
ELAGIGILTV_1029,4.8242
ELAGIGILTV_1030,3.6406
ELAGIGILTV_1033,4.125
ELAGIGILTV_1034,3.4453
ELAGIGILTV_1048,3.6133
ELAGIGILTV_1072,11.1797
ELAGIGILTV_1075,2.875
ELAGIGILTV_1088,3.0859
ELAGIGILTV_1094,5.3359
ELAGIGILTV_1097,4.0156
ELAGIGILTV_1108,5.3477
ELAGIGILTV_1109,3.0215
ELAGIGILTV_1111,4.125
ELAGIGILTV_1117,5.0586
ELAGIGILTV_1118,6.6406
ELAGIGILTV_1125,5.293
ELAGIGILTV_114,4.2891
ELAGIGILTV_1141,7.7383
ELAGIGILTV_1142,5.9375
ELAGIGILTV_1143,4.6602
ELAGIGILTV_1159,5.0664
ELAGIGILTV_116,4.7812
ELAGIGILTV_1160,4.2539
ELAGIGILTV_1166,3.5352
ELAGIGILTV_1170,3.9844
ELAGIGILTV_1179,4.3672
ELAGIGILTV_1186,4.5859
ELAGIGILTV_1191,3.998
ELAGIGILTV_1192,5.4844
ELAGIGILTV_1200,3.9805
ELAGIGILTV_1208,3.1211
ELAGIGILTV_1213,4.7773
ELAGIGILTV_1220,4.9922
ELAGIGILTV_1224,6.2031
ELAGIGILTV_1232,13.8125
ELAGIGILTV_1242,9.75
ELAGIGILTV_1244,4.7266
ELAGIGILTV_1250,4.75
ELAGIGILTV_1253,6.2656
ELAGIGILTV_1254,4.3945
ELAGIGILTV_1255,4.5
ELAGIGILTV_1262,9.9922
ELAGIGILTV_127,3.6367
ELAGIGILTV_131,2.9688
ELAGIGILTV_141,5.582
ELAGIGILTV_144,4.457
ELAGIGILTV_1466,2.957
ELAGIGILTV_1467,4.8672
ELAGIGILTV_1485,8.7969
ELAGIGILTV_1486,5.6523
ELAGIGILTV_157,4.6953
ELAGIGILTV_163,3.4609
ELAGIGILTV_165,3.2109
ELAGIGILTV_1692,4.9531
ELAGIGILTV_17,4.2148
ELAGIGILTV_1730,5.3594
ELAGIGILTV_174,3.5234
ELAGIGILTV_175,3.6055
ELAGIGILTV_177,3.6602
ELAGIGILTV_181,4.4062
ELAGIGILTV_1865,3.8398
ELAGIGILTV_195,4.5547
ELAGIGILTV_197,6.9688
ELAGIGILTV_1976,4.3672
ELAGIGILTV_20,5.3008
ELAGIGILTV_202,5.5391
ELAGIGILTV_2073,4.457
ELAGIGILTV_2088,4.9648
ELAGIGILTV_2097,4.5898
ELAGIGILTV_210,5.4453
ELAGIGILTV_2134,5.6719
ELAGIGILTV_2137,2.8477
ELAGIGILTV_2238,4.0391
ELAGIGILTV_2239,7.0
ELAGIGILTV_227,3.6074
ELAGIGILTV_2277,3.9609
ELAGIGILTV_2283,4.0703
ELAGIGILTV_2318,3.3105
ELAGIGILTV_232,3.8555
ELAGIGILTV_2320,5.7188
ELAGIGILTV_2337,4.8945
ELAGIGILTV_241,5.8203
ELAGIGILTV_2433,2.9961
ELAGIGILTV_2434,5.3398
ELAGIGILTV_247,5.0625
ELAGIGILTV_248,6.6133
ELAGIGILTV_249,6.2773
ELAGIGILTV_251,6.5078
ELAGIGILTV_254,5.1094
ELAGIGILTV_255,5.9336
ELAGIGILTV_260,4.5391
ELAGIGILTV_261,5.3438
ELAGIGILTV_2735,4.7305
ELAGIGILTV_2736,8.2266
ELAGIGILTV_2739,3.2402
ELAGIGILTV_275,4.9688
ELAGIGILTV_278,4.3828
ELAGIGILTV_280,2.8594
ELAGIGILTV_2849,3.9961
ELAGIGILTV_286,3.6133
ELAGIGILTV_2866,3.8594
ELAGIGILTV_2868,3.7617
ELAGIGILTV_2901,4.6016
ELAGIGILTV_2905,3.9414
ELAGIGILTV_2907,6.5312
ELAGIGILTV_293,2.8145
ELAGIGILTV_294,4.7227
ELAGIGILTV_295,3.9648
ELAGIGILTV_298,3.5469
ELAGIGILTV_2993,5.7969
ELAGIGILTV_2994,8.9375
ELAGIGILTV_301,5.2812
ELAGIGILTV_302,6.5547
ELAGIGILTV_303,4.1328
ELAGIGILTV_305,6.3359
ELAGIGILTV_3052,6.0312
ELAGIGILTV_3053,4.0859
ELAGIGILTV_3088,3.6816
ELAGIGILTV_309,4.1914
ELAGIGILTV_31,3.6328
ELAGIGILTV_315,3.5488
ELAGIGILTV_3208,3.3594
ELAGIGILTV_322,5.0625
ELAGIGILTV_323,7.7891
ELAGIGILTV_3313,2.8867
ELAGIGILTV_3321,3.375
ELAGIGILTV_336,5.125
ELAGIGILTV_3405,3.2227
ELAGIGILTV_3406,7.4219
ELAGIGILTV_3407,3.1641
ELAGIGILTV_3408,4.3203
ELAGIGILTV_3409,3.3398
ELAGIGILTV_3410,7.3047
ELAGIGILTV_3411,9.375
ELAGIGILTV_3412,4.375
ELAGIGILTV_3413,3.5391
ELAGIGILTV_3414,4.5703
ELAGIGILTV_3415,6.6523
ELAGIGILTV_3418,3.9766
ELAGIGILTV_3420,4.3164
ELAGIGILTV_3421,5.5469
ELAGIGILTV_3422,2.9648
ELAGIGILTV_3426,6.2188
ELAGIGILTV_3427,4.6094
ELAGIGILTV_3428,3.7109
ELAGIGILTV_3429,5.75
ELAGIGILTV_3430,4.6758
ELAGIGILTV_3431,6.7109
ELAGIGILTV_3436,8.7812
ELAGIGILTV_3437,4.3047
ELAGIGILTV_3438,5.2695
ELAGIGILTV_3440,5.1836
ELAGIGILTV_3441,4.7812
ELAGIGILTV_3442,5.1641
ELAGIGILTV_3443,5.4531
ELAGIGILTV_3444,4.0234
ELAGIGILTV_3446,2.2969
ELAGIGILTV_3447,2.1484
ELAGIGILTV_3448,10.1719
ELAGIGILTV_3449,3.9551
ELAGIGILTV_3453,5.8906
ELAGIGILTV_3454,3.3867
ELAGIGILTV_3455,3.5078
ELAGIGILTV_3457,2.7676
ELAGIGILTV_3458,4.8789
ELAGIGILTV_3462,4.2617
ELAGIGILTV_3465,5.6211
ELAGIGILTV_3468,5.875
ELAGIGILTV_3469,5.4805
ELAGIGILTV_3475,3.4766
ELAGIGILTV_3477,4.5078
ELAGIGILTV_3478,4.1133
ELAGIGILTV_3479,3.9844
ELAGIGILTV_348,5.3789
ELAGIGILTV_3480,3.9336
ELAGIGILTV_3485,4.0039
ELAGIGILTV_3486,2.7031
ELAGIGILTV_3487,3.3086
ELAGIGILTV_3488,3.9043
ELAGIGILTV_3493,5.3398
ELAGIGILTV_3495,5.0
ELAGIGILTV_3497,4.8047
ELAGIGILTV_350,5.7422
ELAGIGILTV_3500,3.793
ELAGIGILTV_3502,7.5664
ELAGIGILTV_3505,4.793
ELAGIGILTV_3507,3.1367
ELAGIGILTV_3509,3.7578
ELAGIGILTV_3510,5.9531
ELAGIGILTV_3511,3.709
ELAGIGILTV_3512,4.2734
ELAGIGILTV_3513,3.2383
ELAGIGILTV_356,3.1289
ELAGIGILTV_359,5.6719
ELAGIGILTV_366,4.5
ELAGIGILTV_377,4.1172
ELAGIGILTV_378,6.9297
ELAGIGILTV_380,4.5273
ELAGIGILTV_381,5.2227
ELAGIGILTV_385,3.082
ELAGIGILTV_390,4.7969
ELAGIGILTV_392,5.1875
ELAGIGILTV_398,3.4668
ELAGIGILTV_400,7.3828
ELAGIGILTV_401,9.0078
ELAGIGILTV_402,9.4844
ELAGIGILTV_405,4.3633
ELAGIGILTV_413,11.2344
ELAGIGILTV_414,6.4922
ELAGIGILTV_423,4.1211
ELAGIGILTV_428,4.5586
ELAGIGILTV_439,6.1602
ELAGIGILTV_440,3.9473
ELAGIGILTV_441,2.5039
ELAGIGILTV_442,5.1133
ELAGIGILTV_45,4.2773
ELAGIGILTV_451,3.9766
ELAGIGILTV_463,5.2812
ELAGIGILTV_478,3.6387
ELAGIGILTV_482,4.1992
ELAGIGILTV_483,7.1875
ELAGIGILTV_484,10.2578
ELAGIGILTV_488,4.5508
ELAGIGILTV_49,3.9004
ELAGIGILTV_493,5.6094
ELAGIGILTV_496,3.5059
ELAGIGILTV_50,5.6562
ELAGIGILTV_502,3.1758
ELAGIGILTV_505,2.8789
ELAGIGILTV_51,2.3359
ELAGIGILTV_517,4.375
ELAGIGILTV_526,8.5781
ELAGIGILTV_527,3.043
ELAGIGILTV_545,4.1328
ELAGIGILTV_572,2.9453
ELAGIGILTV_576,7.1992
ELAGIGILTV_584,4.4062
ELAGIGILTV_585,6.3203
ELAGIGILTV_591,4.8633
ELAGIGILTV_601,7.4062
ELAGIGILTV_604,4.2227
ELAGIGILTV_615,3.5859
ELAGIGILTV_616,5.0234
ELAGIGILTV_617,5.8828
ELAGIGILTV_621,4.2656
ELAGIGILTV_623,6.25
ELAGIGILTV_624,4.3984
ELAGIGILTV_625,6.6328
ELAGIGILTV_626,6.0547
ELAGIGILTV_63,5.0469
ELAGIGILTV_630,6.6875
ELAGIGILTV_633,4.4883
ELAGIGILTV_639,2.916
ELAGIGILTV_644,6.9453
ELAGIGILTV_645,7.0977
ELAGIGILTV_646,4.4883
ELAGIGILTV_658,2.9375
ELAGIGILTV_662,2.293
ELAGIGILTV_663,8.6094
ELAGIGILTV_675,4.9258
ELAGIGILTV_677,4.1602
ELAGIGILTV_678,7.0
ELAGIGILTV_68,3.3672
ELAGIGILTV_683,6.8828
ELAGIGILTV_684,6.4219
ELAGIGILTV_685,8.5469
ELAGIGILTV_695,6.6328
ELAGIGILTV_7,5.9844
ELAGIGILTV_711,3.6211
ELAGIGILTV_720,3.5156
ELAGIGILTV_721,4.4922
ELAGIGILTV_722,4.3516
ELAGIGILTV_723,5.4375
ELAGIGILTV_726,4.457
ELAGIGILTV_730,4.8359
ELAGIGILTV_731,4.0781
ELAGIGILTV_738,3.7305
ELAGIGILTV_740,5.1484
ELAGIGILTV_748,4.7891
ELAGIGILTV_75,4.2891
ELAGIGILTV_754,4.8359
ELAGIGILTV_755,3.3945
ELAGIGILTV_759,3.3359
ELAGIGILTV_76,2.8652
ELAGIGILTV_762,4.3125
ELAGIGILTV_765,6.4688
ELAGIGILTV_767,4.9766
ELAGIGILTV_769,5.6094
ELAGIGILTV_770,4.4531
ELAGIGILTV_782,4.2812
ELAGIGILTV_785,3.5
ELAGIGILTV_790,3.8555
ELAGIGILTV_791,7.5508
ELAGIGILTV_81,5.5156
ELAGIGILTV_812,5.3008
ELAGIGILTV_813,4.5391
ELAGIGILTV_814,9.6719
ELAGIGILTV_815,8.0625
ELAGIGILTV_824,5.875
ELAGIGILTV_833,5.6094
ELAGIGILTV_834,5.0469
ELAGIGILTV_844,5.7344
ELAGIGILTV_847,3.2109
ELAGIGILTV_852,5.2891
ELAGIGILTV_854,3.8359
ELAGIGILTV_856,4.6328
ELAGIGILTV_866,3.5352
ELAGIGILTV_873,6.0586
ELAGIGILTV_889,3.3203
ELAGIGILTV_890,3.7012
ELAGIGILTV_899,2.8066
ELAGIGILTV_902,4.5508
ELAGIGILTV_903,4.7344
ELAGIGILTV_908,4.7188
ELAGIGILTV_91,8.3281
ELAGIGILTV_910,3.1797
ELAGIGILTV_912,2.9531
ELAGIGILTV_913,6.3984
ELAGIGILTV_926,5.1953
ELAGIGILTV_928,6.0391
ELAGIGILTV_929,4.8906
ELAGIGILTV_93,2.9512
ELAGIGILTV_94,3.9141
ELAGIGILTV_946,2.8633
ELAGIGILTV_947,4.5273
ELAGIGILTV_948,4.9922
ELAGIGILTV_955,4.5977
ELAGIGILTV_974,3.3789
ELAGIGILTV_975,3.0508
ELAGIGILTV_982,5.3281
ELAGIGILTV_nb_1,5.2266
ELAGIGILTV_nb_10,4.8906
ELAGIGILTV_nb_101,3.0938
ELAGIGILTV_nb_102,7.9609
ELAGIGILTV_nb_103,6.7852
ELAGIGILTV_nb_104,6.0547
ELAGIGILTV_nb_105,4.875
ELAGIGILTV_nb_106,3.3906
ELAGIGILTV_nb_109,7.8516
ELAGIGILTV_nb_11,7.9219
ELAGIGILTV_nb_110,4.5078
ELAGIGILTV_nb_111,4.8672
ELAGIGILTV_nb_112,9.4844
ELAGIGILTV_nb_113,7.0508
ELAGIGILTV_nb_114,4.7266
ELAGIGILTV_nb_11561,9.0078
ELAGIGILTV_nb_11562,5.7422
ELAGIGILTV_nb_11563,7.8203
ELAGIGILTV_nb_11564,6.6016
ELAGIGILTV_nb_11565,4.6211
ELAGIGILTV_nb_11567,8.0312
ELAGIGILTV_nb_11568,11.6172
ELAGIGILTV_nb_11569,6.6641
ELAGIGILTV_nb_11570,6.75
ELAGIGILTV_nb_11572,7.4609
ELAGIGILTV_nb_11573,5.0625
ELAGIGILTV_nb_11575,7.4062
ELAGIGILTV_nb_11576,6.3672
ELAGIGILTV_nb_11578,4.4258
ELAGIGILTV_nb_11579,8.2109
ELAGIGILTV_nb_11582,7.5156
ELAGIGILTV_nb_11584,4.957
ELAGIGILTV_nb_11585,4.5156
ELAGIGILTV_nb_11587,6.0195
ELAGIGILTV_nb_11588,7.8359
ELAGIGILTV_nb_11589,6.5547
ELAGIGILTV_nb_11591,7.3281
ELAGIGILTV_nb_11594,6.0625
ELAGIGILTV_nb_11596,5.1992
ELAGIGILTV_nb_11597,5.418
ELAGIGILTV_nb_11599,6.3125
ELAGIGILTV_nb_11600,10.7969
ELAGIGILTV_nb_11601,3.6172
ELAGIGILTV_nb_11603,8.4062
ELAGIGILTV_nb_11606,4.8203
ELAGIGILTV_nb_11607,5.1328
ELAGIGILTV_nb_11608,9.2969
ELAGIGILTV_nb_11609,9.875
ELAGIGILTV_nb_11611,8.2188
ELAGIGILTV_nb_11612,6.4023
ELAGIGILTV_nb_11617,8.4688
ELAGIGILTV_nb_11618,10.1562
ELAGIGILTV_nb_11619,6.9062
ELAGIGILTV_nb_11623,4.9609
ELAGIGILTV_nb_11625,6.6328
ELAGIGILTV_nb_117,6.0156
ELAGIGILTV_nb_118,5.9219
ELAGIGILTV_nb_119,9.4688
ELAGIGILTV_nb_120,6.0898
ELAGIGILTV_nb_121,6.9844
ELAGIGILTV_nb_122,5.3594
ELAGIGILTV_nb_126,5.5234
ELAGIGILTV_nb_127,8.75
ELAGIGILTV_nb_128,10.9844
ELAGIGILTV_nb_13,7.7344
ELAGIGILTV_nb_130,5.9219
ELAGIGILTV_nb_131,5.0234
ELAGIGILTV_nb_133,5.6875
ELAGIGILTV_nb_134,6.25
ELAGIGILTV_nb_135,6.4141
ELAGIGILTV_nb_136,6.0
ELAGIGILTV_nb_137,7.1328
ELAGIGILTV_nb_138,5.875
ELAGIGILTV_nb_139,5.5391
ELAGIGILTV_nb_14,9.1094
ELAGIGILTV_nb_142,6.9141
ELAGIGILTV_nb_145,7.6328
ELAGIGILTV_nb_146,4.7266
ELAGIGILTV_nb_147,5.0391
ELAGIGILTV_nb_149,6.1797
ELAGIGILTV_nb_15,4.0039
ELAGIGILTV_nb_150,4.4844
ELAGIGILTV_nb_151,4.6758
ELAGIGILTV_nb_153,6.4141
ELAGIGILTV_nb_154,6.0664
ELAGIGILTV_nb_155,4.4531
ELAGIGILTV_nb_157,8.7422
ELAGIGILTV_nb_158,8.1172
ELAGIGILTV_nb_16,2.6445
ELAGIGILTV_nb_161,2.8047
ELAGIGILTV_nb_162,2.7227
ELAGIGILTV_nb_165,4.9609
ELAGIGILTV_nb_166,8.2969
ELAGIGILTV_nb_167,9.5312
ELAGIGILTV_nb_168,11.3203
ELAGIGILTV_nb_169,7.0703
ELAGIGILTV_nb_17,6.3438
ELAGIGILTV_nb_170,10.6328
ELAGIGILTV_nb_171,3.7754
ELAGIGILTV_nb_172,6.6172
ELAGIGILTV_nb_173,4.4609
ELAGIGILTV_nb_174,6.5469
ELAGIGILTV_nb_176,4.2422
ELAGIGILTV_nb_177,9.1875
ELAGIGILTV_nb_178,9.2656
ELAGIGILTV_nb_179,4.2422
ELAGIGILTV_nb_18,3.6777
ELAGIGILTV_nb_180,4.4141
ELAGIGILTV_nb_183,6.582
ELAGIGILTV_nb_184,6.5312
ELAGIGILTV_nb_185,8.3047
ELAGIGILTV_nb_186,11.625
ELAGIGILTV_nb_188,7.4258
ELAGIGILTV_nb_189,3.0645
ELAGIGILTV_nb_192,4.1406
ELAGIGILTV_nb_193,3.0938
ELAGIGILTV_nb_195,3.0938
ELAGIGILTV_nb_196,8.7969
ELAGIGILTV_nb_199,4.8047
ELAGIGILTV_nb_20,4.1992
ELAGIGILTV_nb_2012,7.3281
ELAGIGILTV_nb_2013,9.7969
ELAGIGILTV_nb_2016,8.5312
ELAGIGILTV_nb_2018,12.4375
ELAGIGILTV_nb_2022,3.0938
ELAGIGILTV_nb_2024,9.25
ELAGIGILTV_nb_2025,3.6289
ELAGIGILTV_nb_2028,4.0859
ELAGIGILTV_nb_203,5.8984
ELAGIGILTV_nb_2032,4.0586
ELAGIGILTV_nb_2033,13.3125
ELAGIGILTV_nb_2035,4.2812
ELAGIGILTV_nb_2037,8.9219
ELAGIGILTV_nb_2038,5.2617
ELAGIGILTV_nb_2039,4.7148
ELAGIGILTV_nb_2042,3.0332
ELAGIGILTV_nb_2043,3.0332
ELAGIGILTV_nb_2044,5.9844
ELAGIGILTV_nb_2048,5.7188
ELAGIGILTV_nb_205,8.5391
ELAGIGILTV_nb_2050,2.8203
ELAGIGILTV_nb_2051,8.1406
ELAGIGILTV_nb_2053,7.9297
ELAGIGILTV_nb_2056,10.25
ELAGIGILTV_nb_2057,3.0859
ELAGIGILTV_nb_2058,9.5938
ELAGIGILTV_nb_2061,9.3125
ELAGIGILTV_nb_2065,5.4453
ELAGIGILTV_nb_2066,7.1602
ELAGIGILTV_nb_2067,8.3125
ELAGIGILTV_nb_2068,4.4766
ELAGIGILTV_nb_2069,6.2578
ELAGIGILTV_nb_2070,6.1602
ELAGIGILTV_nb_2071,10.8359
ELAGIGILTV_nb_2074,5.2734
ELAGIGILTV_nb_2075,7.1016
ELAGIGILTV_nb_2077,4.0977
ELAGIGILTV_nb_2078,5.9141
ELAGIGILTV_nb_2079,11.5
ELAGIGILTV_nb_2080,3.0938
ELAGIGILTV_nb_2081,7.6406
ELAGIGILTV_nb_2084,7.5898
ELAGIGILTV_nb_2085,7.4961
ELAGIGILTV_nb_2087,6.668
ELAGIGILTV_nb_2089,4.2266
ELAGIGILTV_nb_2090,7.25
ELAGIGILTV_nb_2093,4.7734
ELAGIGILTV_nb_2094,7.2109
ELAGIGILTV_nb_2096,8.0234
ELAGIGILTV_nb_2098,8.9688
ELAGIGILTV_nb_2099,6.0234
ELAGIGILTV_nb_210,7.6953
ELAGIGILTV_nb_2100,4.3906
ELAGIGILTV_nb_2103,8.625
ELAGIGILTV_nb_2104,5.4766
ELAGIGILTV_nb_2105,7.7695
ELAGIGILTV_nb_2106,6.6875
ELAGIGILTV_nb_2107,5.9102
ELAGIGILTV_nb_2109,5.7969
ELAGIGILTV_nb_2110,6.0156
ELAGIGILTV_nb_2112,8.0234
ELAGIGILTV_nb_2113,6.7812
ELAGIGILTV_nb_2114,7.0312
ELAGIGILTV_nb_2115,9.125
ELAGIGILTV_nb_2118,5.8789
ELAGIGILTV_nb_2119,4.3555
ELAGIGILTV_nb_212,3.373
ELAGIGILTV_nb_2120,6.293
ELAGIGILTV_nb_2121,4.2539
ELAGIGILTV_nb_2125,4.9219
ELAGIGILTV_nb_2127,5.3594
ELAGIGILTV_nb_2128,3.5898
ELAGIGILTV_nb_2129,2.9102
ELAGIGILTV_nb_2130,4.25
ELAGIGILTV_nb_2132,5.9375
ELAGIGILTV_nb_2133,5.7578
ELAGIGILTV_nb_2137,8.125
ELAGIGILTV_nb_2138,5.2656
ELAGIGILTV_nb_2139,6.5547
ELAGIGILTV_nb_214,4.8164
ELAGIGILTV_nb_2140,5.7656
ELAGIGILTV_nb_2144,10.375
ELAGIGILTV_nb_2145,6.4922
ELAGIGILTV_nb_2147,2.8359
ELAGIGILTV_nb_215,2.6445
ELAGIGILTV_nb_2150,6.4141
ELAGIGILTV_nb_2155,9.6562
ELAGIGILTV_nb_2157,6.1758
ELAGIGILTV_nb_2159,8.9922
ELAGIGILTV_nb_216,4.7734
ELAGIGILTV_nb_2160,3.0859
ELAGIGILTV_nb_2162,5.2539
ELAGIGILTV_nb_2165,4.9688
ELAGIGILTV_nb_2167,5.2266
ELAGIGILTV_nb_2168,7.1797
ELAGIGILTV_nb_2169,8.7266
ELAGIGILTV_nb_217,3.9453
ELAGIGILTV_nb_2170,8.0938
ELAGIGILTV_nb_2173,6.2578
ELAGIGILTV_nb_2177,5.9688
ELAGIGILTV_nb_2178,5.8086
ELAGIGILTV_nb_2179,3.9199
ELAGIGILTV_nb_2181,5.0039
ELAGIGILTV_nb_2182,9.1016
ELAGIGILTV_nb_2183,8.4375
ELAGIGILTV_nb_2184,6.3281
ELAGIGILTV_nb_2185,5.9766
ELAGIGILTV_nb_2186,5.0234
ELAGIGILTV_nb_2187,5.2031
ELAGIGILTV_nb_2188,3.5801
ELAGIGILTV_nb_2189,4.7031
ELAGIGILTV_nb_219,8.1641
ELAGIGILTV_nb_2190,7.7188
ELAGIGILTV_nb_2191,6.3633
ELAGIGILTV_nb_2192,4.4492
ELAGIGILTV_nb_2193,8.1484
ELAGIGILTV_nb_2195,9.0938
ELAGIGILTV_nb_2197,4.4922
ELAGIGILTV_nb_2199,14.0312
ELAGIGILTV_nb_22,5.6953
ELAGIGILTV_nb_220,10.0469
ELAGIGILTV_nb_2200,8.1406
ELAGIGILTV_nb_2203,8.3594
ELAGIGILTV_nb_2204,6.0547
ELAGIGILTV_nb_2205,5.2031
ELAGIGILTV_nb_2208,4.3945
ELAGIGILTV_nb_2209,8.125
ELAGIGILTV_nb_2210,6.4844
ELAGIGILTV_nb_2211,9.4375
ELAGIGILTV_nb_2212,4.4766
ELAGIGILTV_nb_2213,6.6094
ELAGIGILTV_nb_2215,8.4844
ELAGIGILTV_nb_2216,4.6367
ELAGIGILTV_nb_2217,6.6953
ELAGIGILTV_nb_2219,7.0195
ELAGIGILTV_nb_2221,4.5
ELAGIGILTV_nb_2222,6.2031
ELAGIGILTV_nb_2224,7.9766
ELAGIGILTV_nb_2226,10.6641
ELAGIGILTV_nb_2228,6.5938
ELAGIGILTV_nb_2229,5.6094
ELAGIGILTV_nb_223,9.1172
ELAGIGILTV_nb_2230,11.4688
ELAGIGILTV_nb_2231,7.0547
ELAGIGILTV_nb_2232,8.1094
ELAGIGILTV_nb_2233,6.125
ELAGIGILTV_nb_2235,5.1406
ELAGIGILTV_nb_224,7.7422
ELAGIGILTV_nb_2240,4.8867
ELAGIGILTV_nb_2241,3.6289
ELAGIGILTV_nb_2242,7.0859
ELAGIGILTV_nb_2244,3.6758
ELAGIGILTV_nb_2246,7.1133
ELAGIGILTV_nb_2247,5.8906
ELAGIGILTV_nb_2248,8.0234
ELAGIGILTV_nb_2249,5.6875
ELAGIGILTV_nb_225,6.5
ELAGIGILTV_nb_2250,6.2422
ELAGIGILTV_nb_2251,6.9219
ELAGIGILTV_nb_2252,6.2695
ELAGIGILTV_nb_2255,6.4453
ELAGIGILTV_nb_2257,7.7266
ELAGIGILTV_nb_2259,5.6953
ELAGIGILTV_nb_226,4.1992
ELAGIGILTV_nb_2260,3.7031
ELAGIGILTV_nb_2263,5.1055
ELAGIGILTV_nb_2265,8.0156
ELAGIGILTV_nb_2268,5.2695
ELAGIGILTV_nb_2270,6.2344
ELAGIGILTV_nb_2271,6.6172
ELAGIGILTV_nb_2272,6.8672
ELAGIGILTV_nb_2275,5.5117
ELAGIGILTV_nb_2279,7.25
ELAGIGILTV_nb_228,6.8242
ELAGIGILTV_nb_2280,5.6875
ELAGIGILTV_nb_2281,3.4375
ELAGIGILTV_nb_2284,9.4922
ELAGIGILTV_nb_2285,6.0625
ELAGIGILTV_nb_2286,7.875
ELAGIGILTV_nb_2287,4.6172
ELAGIGILTV_nb_2288,3.2539
ELAGIGILTV_nb_229,4.5977
ELAGIGILTV_nb_2290,8.0234
ELAGIGILTV_nb_2291,8.2891
ELAGIGILTV_nb_2292,5.2891
ELAGIGILTV_nb_2293,4.9531
ELAGIGILTV_nb_2295,6.7461
ELAGIGILTV_nb_2296,6.1406
ELAGIGILTV_nb_2297,6.4688
ELAGIGILTV_nb_2298,6.6641
ELAGIGILTV_nb_2301,8.0156
ELAGIGILTV_nb_2302,4.2539
ELAGIGILTV_nb_2303,3.0
ELAGIGILTV_nb_2304,6.0859
ELAGIGILTV_nb_2306,12.2969
ELAGIGILTV_nb_2308,5.9883
ELAGIGILTV_nb_2309,7.4609
ELAGIGILTV_nb_231,5.6367
ELAGIGILTV_nb_2310,6.5234
ELAGIGILTV_nb_2312,6.4844
ELAGIGILTV_nb_2316,5.8438
ELAGIGILTV_nb_2317,3.0938
ELAGIGILTV_nb_2318,5.0859
ELAGIGILTV_nb_2320,7.1641
ELAGIGILTV_nb_2321,6.0781
ELAGIGILTV_nb_2322,6.7734
ELAGIGILTV_nb_2323,3.0938
ELAGIGILTV_nb_2324,4.8359
ELAGIGILTV_nb_2326,5.8789
ELAGIGILTV_nb_2328,3.7422
ELAGIGILTV_nb_2329,6.0195
ELAGIGILTV_nb_233,4.3516
ELAGIGILTV_nb_2330,9.0859
ELAGIGILTV_nb_2332,4.6094
ELAGIGILTV_nb_2334,2.8945
ELAGIGILTV_nb_2335,6.5234
ELAGIGILTV_nb_2336,7.4219
ELAGIGILTV_nb_2338,4.0742
ELAGIGILTV_nb_2339,5.7344
ELAGIGILTV_nb_234,7.0469
ELAGIGILTV_nb_2340,3.3926
ELAGIGILTV_nb_2341,9.875
ELAGIGILTV_nb_2342,8.3516
ELAGIGILTV_nb_2343,3.3477
ELAGIGILTV_nb_2344,7.4453
ELAGIGILTV_nb_2346,5.3555
ELAGIGILTV_nb_2347,3.5117
ELAGIGILTV_nb_2348,3.5703
ELAGIGILTV_nb_2349,8.5938
ELAGIGILTV_nb_235,3.5312
ELAGIGILTV_nb_2350,6.0156
ELAGIGILTV_nb_2352,7.8438
ELAGIGILTV_nb_2354,7.4258
ELAGIGILTV_nb_2355,8.9688
ELAGIGILTV_nb_2356,6.1406
ELAGIGILTV_nb_2358,8.375
ELAGIGILTV_nb_2359,8.6797
ELAGIGILTV_nb_236,3.7617
ELAGIGILTV_nb_2360,8.6094
ELAGIGILTV_nb_2363,8.6719
ELAGIGILTV_nb_2364,9.6562
ELAGIGILTV_nb_2366,5.7227
ELAGIGILTV_nb_2367,3.3926
ELAGIGILTV_nb_2369,7.4844
ELAGIGILTV_nb_2370,7.2656
ELAGIGILTV_nb_2371,6.0234
ELAGIGILTV_nb_2372,2.8828
ELAGIGILTV_nb_2373,9.2656
ELAGIGILTV_nb_2374,5.7891
ELAGIGILTV_nb_2377,5.5469
ELAGIGILTV_nb_238,6.0547
ELAGIGILTV_nb_2380,8.1406
ELAGIGILTV_nb_2381,8.4688
ELAGIGILTV_nb_2382,7.4688
ELAGIGILTV_nb_2383,7.4062
ELAGIGILTV_nb_2386,4.9219
ELAGIGILTV_nb_2388,5.2578
ELAGIGILTV_nb_2389,6.0117
ELAGIGILTV_nb_239,8.4922
ELAGIGILTV_nb_2390,3.0859
ELAGIGILTV_nb_2391,9.0156
ELAGIGILTV_nb_2393,6.7734
ELAGIGILTV_nb_2394,7.9219
ELAGIGILTV_nb_2395,5.2109
ELAGIGILTV_nb_2397,6.0312
ELAGIGILTV_nb_2399,9.4688
ELAGIGILTV_nb_24,5.3164
ELAGIGILTV_nb_240,2.9102
ELAGIGILTV_nb_2400,5.7266
ELAGIGILTV_nb_2401,3.625
ELAGIGILTV_nb_2402,8.5469
ELAGIGILTV_nb_2403,7.375
ELAGIGILTV_nb_2404,10.3359
ELAGIGILTV_nb_2405,5.9219
ELAGIGILTV_nb_2407,8.0234
ELAGIGILTV_nb_241,8.5234
ELAGIGILTV_nb_2411,6.2422
ELAGIGILTV_nb_2412,6.1719
ELAGIGILTV_nb_2413,7.6328
ELAGIGILTV_nb_2414,5.875
ELAGIGILTV_nb_2416,5.7969
ELAGIGILTV_nb_2418,3.6719
ELAGIGILTV_nb_2419,8.4219
ELAGIGILTV_nb_2420,7.7656
ELAGIGILTV_nb_2421,9.1562
ELAGIGILTV_nb_2422,6.9922
ELAGIGILTV_nb_2423,4.9258
ELAGIGILTV_nb_2427,6.875
ELAGIGILTV_nb_2429,3.2227
ELAGIGILTV_nb_243,3.8945
ELAGIGILTV_nb_2430,9.2578
ELAGIGILTV_nb_2432,6.1602
ELAGIGILTV_nb_2434,6.3633
ELAGIGILTV_nb_2435,6.3281
ELAGIGILTV_nb_2436,3.5605
ELAGIGILTV_nb_2438,5.6328
ELAGIGILTV_nb_2439,5.5156
ELAGIGILTV_nb_2440,5.7734
ELAGIGILTV_nb_2442,7.2188
ELAGIGILTV_nb_2444,5.3672
ELAGIGILTV_nb_2445,4.8477
ELAGIGILTV_nb_2446,3.582
ELAGIGILTV_nb_2447,4.7266
ELAGIGILTV_nb_2448,10.4766
ELAGIGILTV_nb_2449,4.8281
ELAGIGILTV_nb_2452,6.1133
ELAGIGILTV_nb_2454,8.25
ELAGIGILTV_nb_2455,5.8984
ELAGIGILTV_nb_2457,5.5
ELAGIGILTV_nb_2458,4.8867
ELAGIGILTV_nb_2459,6.6953
ELAGIGILTV_nb_246,7.3008
ELAGIGILTV_nb_2461,12.3125
ELAGIGILTV_nb_2462,5.2305
ELAGIGILTV_nb_2463,5.9531
ELAGIGILTV_nb_2464,7.8516
ELAGIGILTV_nb_2466,5.0
ELAGIGILTV_nb_2467,6.1719
ELAGIGILTV_nb_247,4.2539
ELAGIGILTV_nb_2470,3.7949
ELAGIGILTV_nb_2471,4.9844
ELAGIGILTV_nb_2472,8.6484
ELAGIGILTV_nb_2476,8.2969
ELAGIGILTV_nb_248,3.0859
ELAGIGILTV_nb_2480,9.3359
ELAGIGILTV_nb_2481,5.6172
ELAGIGILTV_nb_2483,9.7578
ELAGIGILTV_nb_2484,7.5078
ELAGIGILTV_nb_2485,11.6094
ELAGIGILTV_nb_2486,8.1484
ELAGIGILTV_nb_2487,4.6953
ELAGIGILTV_nb_2488,6.1016
ELAGIGILTV_nb_249,3.6289
ELAGIGILTV_nb_2490,6.0547
ELAGIGILTV_nb_2491,4.6367
ELAGIGILTV_nb_2492,6.875
ELAGIGILTV_nb_2494,4.8008
ELAGIGILTV_nb_2495,7.6953
ELAGIGILTV_nb_2496,6.3594
ELAGIGILTV_nb_2497,3.2812
ELAGIGILTV_nb_2498,3.0938
ELAGIGILTV_nb_2499,6.8281
ELAGIGILTV_nb_25,9.0625
ELAGIGILTV_nb_2500,7.9609
ELAGIGILTV_nb_2501,5.3438
ELAGIGILTV_nb_2502,9.1562
ELAGIGILTV_nb_2503,6.0547
ELAGIGILTV_nb_2504,9.2031
ELAGIGILTV_nb_2507,8.7812
ELAGIGILTV_nb_2508,5.0625
ELAGIGILTV_nb_2509,6.7656
ELAGIGILTV_nb_251,5.3047
ELAGIGILTV_nb_2510,4.082
ELAGIGILTV_nb_2511,8.7891
ELAGIGILTV_nb_2512,5.4844
ELAGIGILTV_nb_2514,7.0586
ELAGIGILTV_nb_2515,5.0391
ELAGIGILTV_nb_2517,9.0625
ELAGIGILTV_nb_2520,6.2266
ELAGIGILTV_nb_2521,7.0938
ELAGIGILTV_nb_2522,6.3281
ELAGIGILTV_nb_2524,6.7383
ELAGIGILTV_nb_2526,3.3926
ELAGIGILTV_nb_2528,5.625
ELAGIGILTV_nb_2529,8.5312
ELAGIGILTV_nb_253,5.8594
ELAGIGILTV_nb_2530,4.9648
ELAGIGILTV_nb_2531,6.625
ELAGIGILTV_nb_2532,9.5078
ELAGIGILTV_nb_2535,6.5547
ELAGIGILTV_nb_2536,11.7969
ELAGIGILTV_nb_2538,6.0742
ELAGIGILTV_nb_2539,2.8477
ELAGIGILTV_nb_254,5.6055
ELAGIGILTV_nb_2540,5.2617
ELAGIGILTV_nb_2541,6.2031
ELAGIGILTV_nb_2543,5.6094
ELAGIGILTV_nb_2544,7.9922
ELAGIGILTV_nb_2545,8.3906
ELAGIGILTV_nb_2546,10.375
ELAGIGILTV_nb_2548,8.375
ELAGIGILTV_nb_2549,10.3047
ELAGIGILTV_nb_255,4.9141
ELAGIGILTV_nb_2550,5.8516
ELAGIGILTV_nb_2551,2.6719
ELAGIGILTV_nb_2554,8.3047
ELAGIGILTV_nb_2555,8.4531
ELAGIGILTV_nb_2556,9.9297
ELAGIGILTV_nb_2558,3.3242
ELAGIGILTV_nb_256,2.6445
ELAGIGILTV_nb_2560,6.2188
ELAGIGILTV_nb_2561,7.8945
ELAGIGILTV_nb_2562,6.5078
ELAGIGILTV_nb_2563,3.2227
ELAGIGILTV_nb_2565,8.5469
ELAGIGILTV_nb_2566,8.4844
ELAGIGILTV_nb_2567,2.8828
ELAGIGILTV_nb_2568,11.2812
ELAGIGILTV_nb_2569,3.4922
ELAGIGILTV_nb_257,3.0469
ELAGIGILTV_nb_2571,7.0078
ELAGIGILTV_nb_2575,8.5781
ELAGIGILTV_nb_2576,4.6172
ELAGIGILTV_nb_2577,7.7734
ELAGIGILTV_nb_2579,6.0078
ELAGIGILTV_nb_2581,6.7656
ELAGIGILTV_nb_2583,4.4141
ELAGIGILTV_nb_2584,8.0391
ELAGIGILTV_nb_2585,9.5625
ELAGIGILTV_nb_2586,7.2969
ELAGIGILTV_nb_2588,8.2578
ELAGIGILTV_nb_2589,7.3906
ELAGIGILTV_nb_259,8.25
ELAGIGILTV_nb_2590,7.4609
ELAGIGILTV_nb_2593,9.2812
ELAGIGILTV_nb_2594,3.0938
ELAGIGILTV_nb_2597,3.6289
ELAGIGILTV_nb_2598,6.9062
ELAGIGILTV_nb_2599,5.9062
ELAGIGILTV_nb_26,6.7617
ELAGIGILTV_nb_260,10.4219
ELAGIGILTV_nb_2601,7.6602
ELAGIGILTV_nb_2602,6.75
ELAGIGILTV_nb_2603,13.7422
ELAGIGILTV_nb_2604,8.6094
ELAGIGILTV_nb_2605,8.9219
ELAGIGILTV_nb_2607,7.2656
ELAGIGILTV_nb_2608,8.5312
ELAGIGILTV_nb_2609,9.2266
ELAGIGILTV_nb_261,7.0273
ELAGIGILTV_nb_2610,3.0332
ELAGIGILTV_nb_2611,7.2422
ELAGIGILTV_nb_2613,3.0938
ELAGIGILTV_nb_2615,7.0938
ELAGIGILTV_nb_2616,7.9297
ELAGIGILTV_nb_2617,14.1562
ELAGIGILTV_nb_2619,6.6992
ELAGIGILTV_nb_262,8.9375
ELAGIGILTV_nb_2620,5.6289
ELAGIGILTV_nb_2621,4.207
ELAGIGILTV_nb_2622,4.3672
ELAGIGILTV_nb_2623,5.6406
ELAGIGILTV_nb_2626,5.8555
ELAGIGILTV_nb_2627,5.2539
ELAGIGILTV_nb_2628,8.2031
ELAGIGILTV_nb_2629,8.9922
ELAGIGILTV_nb_263,7.3047
ELAGIGILTV_nb_2634,4.9297
ELAGIGILTV_nb_2637,9.7266
ELAGIGILTV_nb_2638,6.5469
ELAGIGILTV_nb_2639,4.4609
ELAGIGILTV_nb_264,9.4609
ELAGIGILTV_nb_2640,6.8828
ELAGIGILTV_nb_2641,9.0156
ELAGIGILTV_nb_2642,7.5078
ELAGIGILTV_nb_2644,4.5781
ELAGIGILTV_nb_2648,5.9688
ELAGIGILTV_nb_2649,5.9453
ELAGIGILTV_nb_265,2.7227
ELAGIGILTV_nb_2650,6.7109
ELAGIGILTV_nb_2652,7.1641
ELAGIGILTV_nb_2654,5.6289
ELAGIGILTV_nb_2657,6.2812
ELAGIGILTV_nb_2658,4.0977
ELAGIGILTV_nb_2659,8.75
ELAGIGILTV_nb_266,7.9844
ELAGIGILTV_nb_2661,5.1836
ELAGIGILTV_nb_2662,8.5234
ELAGIGILTV_nb_2664,5.0547
ELAGIGILTV_nb_2665,7.9727
ELAGIGILTV_nb_2667,7.0547
ELAGIGILTV_nb_2668,9.9141
ELAGIGILTV_nb_2669,6.7305
ELAGIGILTV_nb_267,10.3594
ELAGIGILTV_nb_2670,6.4375
ELAGIGILTV_nb_2672,7.3828
ELAGIGILTV_nb_2673,6.2031
ELAGIGILTV_nb_2675,8.3281
ELAGIGILTV_nb_2676,9.2109
ELAGIGILTV_nb_2678,7.6094
ELAGIGILTV_nb_2679,5.4727
ELAGIGILTV_nb_2682,11.3828
ELAGIGILTV_nb_2683,8.6719
ELAGIGILTV_nb_2684,7.0078
ELAGIGILTV_nb_2686,6.5273
ELAGIGILTV_nb_2688,5.8359
ELAGIGILTV_nb_2689,4.9453
ELAGIGILTV_nb_2692,5.6953
ELAGIGILTV_nb_2693,8.8203
ELAGIGILTV_nb_2694,7.5391
ELAGIGILTV_nb_2695,8.0938
ELAGIGILTV_nb_2699,5.543
ELAGIGILTV_nb_27,7.5508
ELAGIGILTV_nb_270,3.0938
ELAGIGILTV_nb_2700,5.5586
ELAGIGILTV_nb_2701,4.4727
ELAGIGILTV_nb_2703,5.7344
ELAGIGILTV_nb_2704,7.1484
ELAGIGILTV_nb_2705,5.3672
ELAGIGILTV_nb_2707,4.2969
ELAGIGILTV_nb_271,8.3516
ELAGIGILTV_nb_2710,6.4961
ELAGIGILTV_nb_2711,3.7852
ELAGIGILTV_nb_2713,8.0703
ELAGIGILTV_nb_2714,5.1914
ELAGIGILTV_nb_2715,5.5898
ELAGIGILTV_nb_2716,6.9375
ELAGIGILTV_nb_2717,5.9219
ELAGIGILTV_nb_2718,12.3281
ELAGIGILTV_nb_2719,3.3691
ELAGIGILTV_nb_272,5.4922
ELAGIGILTV_nb_2720,9.3125
ELAGIGILTV_nb_2721,3.3691
ELAGIGILTV_nb_2722,5.2188
ELAGIGILTV_nb_2723,3.0938
ELAGIGILTV_nb_2724,5.4805
ELAGIGILTV_nb_2725,10.2344
ELAGIGILTV_nb_2726,11.1719
ELAGIGILTV_nb_2727,4.3438
ELAGIGILTV_nb_2728,8.2812
ELAGIGILTV_nb_2729,4.6953
ELAGIGILTV_nb_273,5.2188
ELAGIGILTV_nb_2731,3.5508
ELAGIGILTV_nb_2732,6.2578
ELAGIGILTV_nb_2734,6.543
ELAGIGILTV_nb_2735,6.3516
ELAGIGILTV_nb_2737,4.8086
ELAGIGILTV_nb_2741,4.7734
ELAGIGILTV_nb_2742,3.4395
ELAGIGILTV_nb_2743,7.0586
ELAGIGILTV_nb_2744,5.4609
ELAGIGILTV_nb_2745,5.7188
ELAGIGILTV_nb_2746,5.7188
ELAGIGILTV_nb_2747,5.7305
ELAGIGILTV_nb_2748,4.9609
ELAGIGILTV_nb_2749,5.9062
ELAGIGILTV_nb_2753,6.7266
ELAGIGILTV_nb_2758,10.0547
ELAGIGILTV_nb_2759,4.9258
ELAGIGILTV_nb_276,9.6016
ELAGIGILTV_nb_2761,13.3906
ELAGIGILTV_nb_2762,9.4062
ELAGIGILTV_nb_2763,6.2969
ELAGIGILTV_nb_2764,2.8047
ELAGIGILTV_nb_2765,6.9141
ELAGIGILTV_nb_2767,4.3281
ELAGIGILTV_nb_2768,8.3125
ELAGIGILTV_nb_2769,8.1797
ELAGIGILTV_nb_277,6.0273
ELAGIGILTV_nb_2770,8.7422
ELAGIGILTV_nb_2773,9.4062
ELAGIGILTV_nb_2774,6.4062
ELAGIGILTV_nb_2776,12.8828
ELAGIGILTV_nb_2777,5.6953
ELAGIGILTV_nb_278,5.3906
ELAGIGILTV_nb_2780,5.8281
ELAGIGILTV_nb_2783,9.8125
ELAGIGILTV_nb_2784,5.2539
ELAGIGILTV_nb_2786,5.5156
ELAGIGILTV_nb_2787,6.8281
ELAGIGILTV_nb_2789,4.0117
ELAGIGILTV_nb_279,7.5859
ELAGIGILTV_nb_2790,6.4219
ELAGIGILTV_nb_2792,8.875
ELAGIGILTV_nb_2793,8.6172
ELAGIGILTV_nb_2794,5.0039
ELAGIGILTV_nb_2796,4.4609
ELAGIGILTV_nb_2797,7.0781
ELAGIGILTV_nb_2798,5.8867
ELAGIGILTV_nb_2799,7.0703
ELAGIGILTV_nb_28,4.4609
ELAGIGILTV_nb_2802,10.3203
ELAGIGILTV_nb_2803,4.4336
ELAGIGILTV_nb_2804,6.0547
ELAGIGILTV_nb_2805,4.8359
ELAGIGILTV_nb_2806,7.2422
ELAGIGILTV_nb_2808,8.7891
ELAGIGILTV_nb_2809,3.0117
ELAGIGILTV_nb_2810,5.4844
ELAGIGILTV_nb_2811,7.7578
ELAGIGILTV_nb_2813,5.7969
ELAGIGILTV_nb_2815,6.7695
ELAGIGILTV_nb_2816,3.6191
ELAGIGILTV_nb_2817,8.2422
ELAGIGILTV_nb_2818,5.9531
ELAGIGILTV_nb_2819,5.9844
ELAGIGILTV_nb_282,7.8594
ELAGIGILTV_nb_2822,5.9844
ELAGIGILTV_nb_2823,4.7188
ELAGIGILTV_nb_2824,7.8047
ELAGIGILTV_nb_2827,2.957
ELAGIGILTV_nb_2829,10.25
ELAGIGILTV_nb_2830,6.0234
ELAGIGILTV_nb_2833,9.3984
ELAGIGILTV_nb_2835,5.4922
ELAGIGILTV_nb_2836,3.0938
ELAGIGILTV_nb_2837,6.4883
ELAGIGILTV_nb_284,6.2539
ELAGIGILTV_nb_2840,6.9375
ELAGIGILTV_nb_2843,9.3594
ELAGIGILTV_nb_2845,5.5117
ELAGIGILTV_nb_2846,8.0234
ELAGIGILTV_nb_2848,5.4375
ELAGIGILTV_nb_2849,5.7188
ELAGIGILTV_nb_285,3.0938
ELAGIGILTV_nb_2850,6.6641
ELAGIGILTV_nb_2851,3.3555
ELAGIGILTV_nb_2852,5.9648
ELAGIGILTV_nb_2854,7.7148
ELAGIGILTV_nb_2855,8.3438
ELAGIGILTV_nb_2858,8.2969
ELAGIGILTV_nb_286,4.1953
ELAGIGILTV_nb_2863,6.3203
ELAGIGILTV_nb_2866,4.1797
ELAGIGILTV_nb_2867,6.2344
ELAGIGILTV_nb_2869,8.7422
ELAGIGILTV_nb_287,3.0938
ELAGIGILTV_nb_2871,7.6953
ELAGIGILTV_nb_2872,7.7266
ELAGIGILTV_nb_2873,7.6875
ELAGIGILTV_nb_2874,7.2891
ELAGIGILTV_nb_2875,6.3945
ELAGIGILTV_nb_2877,6.0547
ELAGIGILTV_nb_2879,6.6953
ELAGIGILTV_nb_288,7.9375
ELAGIGILTV_nb_2880,10.4688
ELAGIGILTV_nb_2882,9.4062
ELAGIGILTV_nb_2884,4.5
ELAGIGILTV_nb_2885,5.3984
ELAGIGILTV_nb_2886,6.6328
ELAGIGILTV_nb_2887,7.5859
ELAGIGILTV_nb_2888,7.1875
ELAGIGILTV_nb_2889,8.4062
ELAGIGILTV_nb_289,8.4844
ELAGIGILTV_nb_2890,3.0938
ELAGIGILTV_nb_2892,8.0859
ELAGIGILTV_nb_2893,3.2227
ELAGIGILTV_nb_2896,3.9883
ELAGIGILTV_nb_2897,8.0234
ELAGIGILTV_nb_2898,6.2695
ELAGIGILTV_nb_2899,5.1172
ELAGIGILTV_nb_29,10.4766
ELAGIGILTV_nb_2900,7.957
ELAGIGILTV_nb_2901,4.1797
ELAGIGILTV_nb_2903,5.875
ELAGIGILTV_nb_2904,6.1562
ELAGIGILTV_nb_2906,8.1562
ELAGIGILTV_nb_2907,3.8301
ELAGIGILTV_nb_2908,6.9844
ELAGIGILTV_nb_291,5.0312
ELAGIGILTV_nb_2912,2.8047
ELAGIGILTV_nb_292,6.7617
ELAGIGILTV_nb_293,7.7734
ELAGIGILTV_nb_294,9.0859
ELAGIGILTV_nb_295,5.3516
ELAGIGILTV_nb_297,7.1562
ELAGIGILTV_nb_298,5.7109
ELAGIGILTV_nb_299,7.3281
ELAGIGILTV_nb_3,9.5938
ELAGIGILTV_nb_30,4.6172
ELAGIGILTV_nb_300,3.9414
ELAGIGILTV_nb_301,5.9219
ELAGIGILTV_nb_302,7.2305
ELAGIGILTV_nb_303,7.1641
ELAGIGILTV_nb_306,2.5938
ELAGIGILTV_nb_307,6.8906
ELAGIGILTV_nb_309,8.0625
ELAGIGILTV_nb_31,2.7695
ELAGIGILTV_nb_310,7.75
ELAGIGILTV_nb_311,3.7969
ELAGIGILTV_nb_312,5.6836
ELAGIGILTV_nb_313,5.6836
ELAGIGILTV_nb_314,8.0469
ELAGIGILTV_nb_315,6.0352
ELAGIGILTV_nb_316,5.5117
ELAGIGILTV_nb_317,2.8164
ELAGIGILTV_nb_318,6.6836
ELAGIGILTV_nb_319,8.3203
ELAGIGILTV_nb_32,4.1172
ELAGIGILTV_nb_320,3.0938
ELAGIGILTV_nb_321,5.7305
ELAGIGILTV_nb_323,4.5117
ELAGIGILTV_nb_324,8.0859
ELAGIGILTV_nb_325,5.6484
ELAGIGILTV_nb_326,3.0117
ELAGIGILTV_nb_327,8.1875
ELAGIGILTV_nb_328,2.9102
ELAGIGILTV_nb_331,9.9375
ELAGIGILTV_nb_332,10.1875
ELAGIGILTV_nb_333,3.5918
ELAGIGILTV_nb_334,10.3984
ELAGIGILTV_nb_335,3.0938
ELAGIGILTV_nb_338,6.3203
ELAGIGILTV_nb_339,2.8047
ELAGIGILTV_nb_34,3.2695
ELAGIGILTV_nb_340,3.9648
ELAGIGILTV_nb_341,7.5898
ELAGIGILTV_nb_343,7.1602
ELAGIGILTV_nb_345,8.6094
ELAGIGILTV_nb_346,9.6094
ELAGIGILTV_nb_347,10.0312
ELAGIGILTV_nb_349,6.3711
ELAGIGILTV_nb_35,8.0312
ELAGIGILTV_nb_350,5.3906
ELAGIGILTV_nb_351,9.4688
ELAGIGILTV_nb_356,6.4648
ELAGIGILTV_nb_357,8.9766
ELAGIGILTV_nb_358,5.0742
ELAGIGILTV_nb_359,6.6875
ELAGIGILTV_nb_36,9.375
ELAGIGILTV_nb_360,3.6289
ELAGIGILTV_nb_361,5.4883
ELAGIGILTV_nb_362,7.7148
ELAGIGILTV_nb_365,6.9609
ELAGIGILTV_nb_366,3.3555
ELAGIGILTV_nb_369,6.3281
ELAGIGILTV_nb_37,2.5938
ELAGIGILTV_nb_371,6.2578
ELAGIGILTV_nb_372,2.5938
ELAGIGILTV_nb_373,3.75
ELAGIGILTV_nb_41,3.9414
ELAGIGILTV_nb_42,4.7773
ELAGIGILTV_nb_43,8.9062
ELAGIGILTV_nb_45,7.1602
ELAGIGILTV_nb_47,9.0625
ELAGIGILTV_nb_48,15.5234
ELAGIGILTV_nb_49,4.5703
ELAGIGILTV_nb_5,3.0938
ELAGIGILTV_nb_50,3.0
ELAGIGILTV_nb_53,7.4453
ELAGIGILTV_nb_54,8.2812
ELAGIGILTV_nb_55,10.9062
ELAGIGILTV_nb_56,11.2422
ELAGIGILTV_nb_57,10.7344
ELAGIGILTV_nb_58,2.7129
ELAGIGILTV_nb_59,6.6953
ELAGIGILTV_nb_6,10.6406
ELAGIGILTV_nb_60,5.6055
ELAGIGILTV_nb_61,5.6836
ELAGIGILTV_nb_62,7.5742
ELAGIGILTV_nb_63,4.957
ELAGIGILTV_nb_64,7.9688
ELAGIGILTV_nb_66,2.5938
ELAGIGILTV_nb_67,6.5
ELAGIGILTV_nb_68,7.3516
ELAGIGILTV_nb_69,3.9492
ELAGIGILTV_nb_6955,6.0938
ELAGIGILTV_nb_6957,7.1875
ELAGIGILTV_nb_6958,8.6172
ELAGIGILTV_nb_6960,8.3125
ELAGIGILTV_nb_6963,4.5781
ELAGIGILTV_nb_6964,3.3906
ELAGIGILTV_nb_6966,6.1953
ELAGIGILTV_nb_6968,9.7969
ELAGIGILTV_nb_6969,14.4609
ELAGIGILTV_nb_6971,8.2656
ELAGIGILTV_nb_6972,8.7656
ELAGIGILTV_nb_6973,6.1172
ELAGIGILTV_nb_6974,7.4141
ELAGIGILTV_nb_6975,5.4219
ELAGIGILTV_nb_6976,3.2988
ELAGIGILTV_nb_6978,6.0117
ELAGIGILTV_nb_6980,7.3281
ELAGIGILTV_nb_6981,5.3438
ELAGIGILTV_nb_6982,5.5156
ELAGIGILTV_nb_6983,6.3203
ELAGIGILTV_nb_6984,4.5156
ELAGIGILTV_nb_6985,6.8281
ELAGIGILTV_nb_6986,6.8594
ELAGIGILTV_nb_6989,4.0469
ELAGIGILTV_nb_6996,3.207
ELAGIGILTV_nb_6998,4.7266
ELAGIGILTV_nb_6999,6.5117
ELAGIGILTV_nb_7,3.0195
ELAGIGILTV_nb_7000,10.3906
ELAGIGILTV_nb_7001,12.4531
ELAGIGILTV_nb_7002,5.8555
ELAGIGILTV_nb_7003,5.4883
ELAGIGILTV_nb_7005,9.6797
ELAGIGILTV_nb_7006,4.1875
ELAGIGILTV_nb_7007,7.7969
ELAGIGILTV_nb_7008,5.9844
ELAGIGILTV_nb_7009,5.9688
ELAGIGILTV_nb_7012,5.2734
ELAGIGILTV_nb_7013,8.3125
ELAGIGILTV_nb_7015,7.7188
ELAGIGILTV_nb_7016,5.5078
ELAGIGILTV_nb_7018,5.0312
ELAGIGILTV_nb_7019,8.2812
ELAGIGILTV_nb_7023,5.2227
ELAGIGILTV_nb_7024,3.4102
ELAGIGILTV_nb_7025,6.4141
ELAGIGILTV_nb_7030,10.8047
ELAGIGILTV_nb_7032,8.2891
ELAGIGILTV_nb_7033,4.9219
ELAGIGILTV_nb_7034,8.6875
ELAGIGILTV_nb_7035,9.1016
ELAGIGILTV_nb_7036,6.6016
ELAGIGILTV_nb_7037,6.7773
ELAGIGILTV_nb_7040,4.9609
ELAGIGILTV_nb_7044,4.0234
ELAGIGILTV_nb_7045,7.7031
ELAGIGILTV_nb_7047,4.3984
ELAGIGILTV_nb_7048,5.6328
ELAGIGILTV_nb_7051,5.2344
ELAGIGILTV_nb_7052,8.6406
ELAGIGILTV_nb_7053,3.666
ELAGIGILTV_nb_7054,7.3594
ELAGIGILTV_nb_7055,6.043
ELAGIGILTV_nb_7057,12.9375
ELAGIGILTV_nb_7058,7.3984
ELAGIGILTV_nb_7060,4.6484
ELAGIGILTV_nb_7061,8.5469
ELAGIGILTV_nb_7063,7.8438
ELAGIGILTV_nb_7064,6.418
ELAGIGILTV_nb_7065,9.3906
ELAGIGILTV_nb_7066,4.7109
ELAGIGILTV_nb_7070,9.1719
ELAGIGILTV_nb_7072,6.1211
ELAGIGILTV_nb_7073,4.6875
ELAGIGILTV_nb_7075,8.8281
ELAGIGILTV_nb_7076,4.8086
ELAGIGILTV_nb_7077,11.5938
ELAGIGILTV_nb_7078,5.7422
ELAGIGILTV_nb_7079,6.1875
ELAGIGILTV_nb_7081,5.6094
ELAGIGILTV_nb_7082,4.668
ELAGIGILTV_nb_7084,4.9844
ELAGIGILTV_nb_7088,5.2812
ELAGIGILTV_nb_7091,6.2461
ELAGIGILTV_nb_7095,7.3984
ELAGIGILTV_nb_7098,4.457
ELAGIGILTV_nb_71,5.9922
ELAGIGILTV_nb_7100,6.9844
ELAGIGILTV_nb_7101,7.8125
ELAGIGILTV_nb_7103,7.6719
ELAGIGILTV_nb_7104,5.8438
ELAGIGILTV_nb_7105,6.125
ELAGIGILTV_nb_7106,6.5391
ELAGIGILTV_nb_7110,11.3672
ELAGIGILTV_nb_7118,6.4102
ELAGIGILTV_nb_7120,4.1523
ELAGIGILTV_nb_7121,5.1641
ELAGIGILTV_nb_7123,9.125
ELAGIGILTV_nb_7126,10.8594
ELAGIGILTV_nb_7128,5.6172
ELAGIGILTV_nb_7130,7.0156
ELAGIGILTV_nb_7132,5.8711
ELAGIGILTV_nb_7133,7.375
ELAGIGILTV_nb_7134,4.7969
ELAGIGILTV_nb_7136,5.9922
ELAGIGILTV_nb_7137,6.2188
ELAGIGILTV_nb_7139,10.375
ELAGIGILTV_nb_7140,4.9219
ELAGIGILTV_nb_7141,7.25
ELAGIGILTV_nb_7144,5.4023
ELAGIGILTV_nb_7146,5.7148
ELAGIGILTV_nb_7147,5.8164
ELAGIGILTV_nb_7149,5.9531
ELAGIGILTV_nb_7150,7.5977
ELAGIGILTV_nb_7151,9.1719
ELAGIGILTV_nb_7152,7.25
ELAGIGILTV_nb_7153,8.3594
ELAGIGILTV_nb_7155,8.7344
ELAGIGILTV_nb_7156,6.6094
ELAGIGILTV_nb_7157,7.0312
ELAGIGILTV_nb_7159,9.0781
ELAGIGILTV_nb_7162,4.8594
ELAGIGILTV_nb_7163,5.1523
ELAGIGILTV_nb_7165,5.7812
ELAGIGILTV_nb_7167,7.7695
ELAGIGILTV_nb_7168,6.4922
ELAGIGILTV_nb_7171,3.4355
ELAGIGILTV_nb_7172,9.7344
ELAGIGILTV_nb_7173,5.2891
ELAGIGILTV_nb_7175,8.125
ELAGIGILTV_nb_7176,3.8711
ELAGIGILTV_nb_7177,5.3438
ELAGIGILTV_nb_7181,7.3555
ELAGIGILTV_nb_7183,5.1953
ELAGIGILTV_nb_7185,4.1484
ELAGIGILTV_nb_7186,3.8086
ELAGIGILTV_nb_7188,5.0703
ELAGIGILTV_nb_7189,6.6641
ELAGIGILTV_nb_7190,8.3672
ELAGIGILTV_nb_7191,8.4141
ELAGIGILTV_nb_7194,8.7422
ELAGIGILTV_nb_7195,7.7422
ELAGIGILTV_nb_7197,9.0
ELAGIGILTV_nb_7198,5.8125
ELAGIGILTV_nb_7199,7.2188
ELAGIGILTV_nb_72,3.0938
ELAGIGILTV_nb_7200,4.9727
ELAGIGILTV_nb_7203,9.4062
ELAGIGILTV_nb_7204,4.4961
ELAGIGILTV_nb_7205,11.1406
ELAGIGILTV_nb_7206,7.9141
ELAGIGILTV_nb_7207,6.7031
ELAGIGILTV_nb_7209,6.4883
ELAGIGILTV_nb_7210,5.8789
ELAGIGILTV_nb_7212,7.2656
ELAGIGILTV_nb_7213,6.8555
ELAGIGILTV_nb_7215,3.3926
ELAGIGILTV_nb_7216,7.4141
ELAGIGILTV_nb_7219,5.2891
ELAGIGILTV_nb_7220,7.2266
ELAGIGILTV_nb_7221,8.6172
ELAGIGILTV_nb_7224,8.2031
ELAGIGILTV_nb_7225,7.3359
ELAGIGILTV_nb_7228,8.4766
ELAGIGILTV_nb_7230,9.3281
ELAGIGILTV_nb_7231,4.8047
ELAGIGILTV_nb_7234,5.1328
ELAGIGILTV_nb_7236,7.2383
ELAGIGILTV_nb_7237,8.2812
ELAGIGILTV_nb_7240,9.25
ELAGIGILTV_nb_7241,5.1523
ELAGIGILTV_nb_7242,9.0625
ELAGIGILTV_nb_7243,5.0938
ELAGIGILTV_nb_7244,4.9375
ELAGIGILTV_nb_7245,5.1094
ELAGIGILTV_nb_7246,7.6875
ELAGIGILTV_nb_7247,6.5156
ELAGIGILTV_nb_7248,5.0
ELAGIGILTV_nb_7249,13.6875
ELAGIGILTV_nb_7250,5.2422
ELAGIGILTV_nb_7251,4.3477
ELAGIGILTV_nb_7252,8.3203
ELAGIGILTV_nb_7256,6.0312
ELAGIGILTV_nb_7259,5.9219
ELAGIGILTV_nb_7262,6.625
ELAGIGILTV_nb_7264,6.7188
ELAGIGILTV_nb_7267,8.8828
ELAGIGILTV_nb_7270,8.4922
ELAGIGILTV_nb_7273,7.5234
ELAGIGILTV_nb_7276,11.1719
ELAGIGILTV_nb_7278,7.6133
ELAGIGILTV_nb_7280,10.4844
ELAGIGILTV_nb_7282,8.1797
ELAGIGILTV_nb_7284,8.5547
ELAGIGILTV_nb_7286,4.8516
ELAGIGILTV_nb_7287,4.7383
ELAGIGILTV_nb_7288,8.2969
ELAGIGILTV_nb_7289,9.4219
ELAGIGILTV_nb_7290,9.4062
ELAGIGILTV_nb_7293,5.4141
ELAGIGILTV_nb_7297,7.6875
ELAGIGILTV_nb_7298,4.4531
ELAGIGILTV_nb_73,9.0234
ELAGIGILTV_nb_7301,7.3711
ELAGIGILTV_nb_7307,8.5781
ELAGIGILTV_nb_7309,5.7812
ELAGIGILTV_nb_7310,5.6797
ELAGIGILTV_nb_7313,5.9336
ELAGIGILTV_nb_7317,5.1094
ELAGIGILTV_nb_7319,7.8047
ELAGIGILTV_nb_7320,5.6406
ELAGIGILTV_nb_7321,8.1953
ELAGIGILTV_nb_7323,5.8164
ELAGIGILTV_nb_7325,6.4688
ELAGIGILTV_nb_7326,5.2734
ELAGIGILTV_nb_7329,4.5078
ELAGIGILTV_nb_7330,6.5625
ELAGIGILTV_nb_7332,7.0117
ELAGIGILTV_nb_7333,9.0469
ELAGIGILTV_nb_7337,5.6875
ELAGIGILTV_nb_7340,7.668
ELAGIGILTV_nb_7341,7.4609
ELAGIGILTV_nb_7342,10.5938
ELAGIGILTV_nb_7343,3.418
ELAGIGILTV_nb_7344,5.1016
ELAGIGILTV_nb_7346,7.4609
ELAGIGILTV_nb_7347,4.5391
ELAGIGILTV_nb_7348,6.1445
ELAGIGILTV_nb_7350,4.7969
ELAGIGILTV_nb_7351,11.3438
ELAGIGILTV_nb_7355,8.5703
ELAGIGILTV_nb_7356,5.832
ELAGIGILTV_nb_7358,3.7969
ELAGIGILTV_nb_7360,4.8242
ELAGIGILTV_nb_7364,10.8828
ELAGIGILTV_nb_7365,10.7031
ELAGIGILTV_nb_7366,5.4062
ELAGIGILTV_nb_7367,4.0312
ELAGIGILTV_nb_7369,5.6836
ELAGIGILTV_nb_7371,7.1914
ELAGIGILTV_nb_7372,7.6172
ELAGIGILTV_nb_7373,5.8125
ELAGIGILTV_nb_7376,7.4531
ELAGIGILTV_nb_7379,7.4844
ELAGIGILTV_nb_7380,7.5352
ELAGIGILTV_nb_7381,4.8047
ELAGIGILTV_nb_7382,6.9492
ELAGIGILTV_nb_7383,5.3359
ELAGIGILTV_nb_7384,9.7656
ELAGIGILTV_nb_7385,10.6172
ELAGIGILTV_nb_7386,8.375
ELAGIGILTV_nb_7387,8.8281
ELAGIGILTV_nb_7388,6.6641
ELAGIGILTV_nb_7389,4.8477
ELAGIGILTV_nb_7391,7.3047
ELAGIGILTV_nb_7393,9.3438
ELAGIGILTV_nb_7394,9.2266
ELAGIGILTV_nb_7398,5.6914
ELAGIGILTV_nb_7399,6.625
ELAGIGILTV_nb_74,6.3203
ELAGIGILTV_nb_7401,4.7305
ELAGIGILTV_nb_7402,6.6328
ELAGIGILTV_nb_7404,5.9844
ELAGIGILTV_nb_7405,7.6641
ELAGIGILTV_nb_7408,4.332
ELAGIGILTV_nb_7409,13.3516
ELAGIGILTV_nb_7410,7.4219
ELAGIGILTV_nb_7411,6.2461
ELAGIGILTV_nb_7414,6.9102
ELAGIGILTV_nb_7419,7.5352
ELAGIGILTV_nb_7421,6.7031
ELAGIGILTV_nb_7422,10.6094
ELAGIGILTV_nb_7423,4.8359
ELAGIGILTV_nb_7425,10.9062
ELAGIGILTV_nb_7426,5.6875
ELAGIGILTV_nb_7427,5.9883
ELAGIGILTV_nb_7428,5.1328
ELAGIGILTV_nb_7430,6.8438
ELAGIGILTV_nb_7431,8.9375
ELAGIGILTV_nb_7433,4.6953
ELAGIGILTV_nb_7434,9.7422
ELAGIGILTV_nb_7436,4.957
ELAGIGILTV_nb_7443,9.4844
ELAGIGILTV_nb_7446,5.5625
ELAGIGILTV_nb_7447,9.875
ELAGIGILTV_nb_7448,7.1172
ELAGIGILTV_nb_7449,5.5664
ELAGIGILTV_nb_7451,4.8828
ELAGIGILTV_nb_7453,7.3828
ELAGIGILTV_nb_7454,9.7734
ELAGIGILTV_nb_7457,8.1016
ELAGIGILTV_nb_7459,4.3281
ELAGIGILTV_nb_7460,9.3438
ELAGIGILTV_nb_7461,6.2617
ELAGIGILTV_nb_7463,4.8516
ELAGIGILTV_nb_7464,7.8828
ELAGIGILTV_nb_7466,7.3828
ELAGIGILTV_nb_7467,5.3672
ELAGIGILTV_nb_7469,9.9531
ELAGIGILTV_nb_7471,5.5586
ELAGIGILTV_nb_7472,7.875
ELAGIGILTV_nb_7476,9.1875
ELAGIGILTV_nb_7478,5.5391
ELAGIGILTV_nb_7480,6.2656
ELAGIGILTV_nb_7481,7.6562
ELAGIGILTV_nb_7483,6.5859
ELAGIGILTV_nb_7484,7.6797
ELAGIGILTV_nb_7485,5.4688
ELAGIGILTV_nb_7487,5.2109
ELAGIGILTV_nb_7491,4.5547
ELAGIGILTV_nb_7492,6.3906
ELAGIGILTV_nb_7497,8.3203
ELAGIGILTV_nb_7498,5.7734
ELAGIGILTV_nb_7500,2.873
ELAGIGILTV_nb_7501,7.5078
ELAGIGILTV_nb_7503,4.9141
ELAGIGILTV_nb_7504,4.5977
ELAGIGILTV_nb_7506,9.1953
ELAGIGILTV_nb_7507,5.9609
ELAGIGILTV_nb_7508,5.0312
ELAGIGILTV_nb_7513,10.0312
ELAGIGILTV_nb_7517,7.4492
ELAGIGILTV_nb_7518,5.9766
ELAGIGILTV_nb_7520,4.4062
ELAGIGILTV_nb_7522,4.0195
ELAGIGILTV_nb_7523,4.3906
ELAGIGILTV_nb_7524,9.9688
ELAGIGILTV_nb_7529,6.1562
ELAGIGILTV_nb_7531,4.7617
ELAGIGILTV_nb_7537,7.6875
ELAGIGILTV_nb_7538,8.0156
ELAGIGILTV_nb_7540,8.2422
ELAGIGILTV_nb_7541,4.1172
ELAGIGILTV_nb_7542,5.6484
ELAGIGILTV_nb_7543,9.0
ELAGIGILTV_nb_7547,5.0391
ELAGIGILTV_nb_7548,6.5703
ELAGIGILTV_nb_7549,7.3359
ELAGIGILTV_nb_7553,9.6875
ELAGIGILTV_nb_7554,7.6328
ELAGIGILTV_nb_7555,9.9844
ELAGIGILTV_nb_7556,8.9062
ELAGIGILTV_nb_7557,6.3906
ELAGIGILTV_nb_7559,5.0234
ELAGIGILTV_nb_7560,7.2969
ELAGIGILTV_nb_7561,5.4883
ELAGIGILTV_nb_7563,7.0117
ELAGIGILTV_nb_7564,8.8438
ELAGIGILTV_nb_7565,6.2031
ELAGIGILTV_nb_7566,9.9844
ELAGIGILTV_nb_7568,9.4219
ELAGIGILTV_nb_7570,12.6094
ELAGIGILTV_nb_7571,6.1641
ELAGIGILTV_nb_7572,8.5156
ELAGIGILTV_nb_7573,10.4219
ELAGIGILTV_nb_7574,6.9023
ELAGIGILTV_nb_7575,6.8125
ELAGIGILTV_nb_7577,6.8398
ELAGIGILTV_nb_7579,8.0938
ELAGIGILTV_nb_7580,4.8594
ELAGIGILTV_nb_7584,6.7969
ELAGIGILTV_nb_7586,7.3984
ELAGIGILTV_nb_7587,5.7539
ELAGIGILTV_nb_7593,9.9375
ELAGIGILTV_nb_7594,9.8125
ELAGIGILTV_nb_7597,10.1094
ELAGIGILTV_nb_76,9.2969
ELAGIGILTV_nb_7600,8.7266
ELAGIGILTV_nb_7601,6.9609
ELAGIGILTV_nb_7603,5.8828
ELAGIGILTV_nb_7604,6.5898
ELAGIGILTV_nb_7605,6.5234
ELAGIGILTV_nb_7606,7.8008
ELAGIGILTV_nb_7609,7.3633
ELAGIGILTV_nb_7611,4.2383
ELAGIGILTV_nb_7612,6.4141
ELAGIGILTV_nb_7614,7.457
ELAGIGILTV_nb_7615,4.9805
ELAGIGILTV_nb_7620,6.5586
ELAGIGILTV_nb_7621,5.3125
ELAGIGILTV_nb_7623,6.2266
ELAGIGILTV_nb_7624,5.1367
ELAGIGILTV_nb_7626,8.6094
ELAGIGILTV_nb_7627,6.3125
ELAGIGILTV_nb_7632,5.5352
ELAGIGILTV_nb_7636,4.8555
ELAGIGILTV_nb_7638,7.5312
ELAGIGILTV_nb_7641,13.2969
ELAGIGILTV_nb_7643,13.0078
ELAGIGILTV_nb_7644,5.0703
ELAGIGILTV_nb_7647,8.1641
ELAGIGILTV_nb_7648,5.3906
ELAGIGILTV_nb_7651,5.5391
ELAGIGILTV_nb_7653,6.9062
ELAGIGILTV_nb_7654,5.9922
ELAGIGILTV_nb_7655,7.6641
ELAGIGILTV_nb_7658,6.3867
ELAGIGILTV_nb_7659,5.0859
ELAGIGILTV_nb_7660,5.6836
ELAGIGILTV_nb_7662,5.3398
ELAGIGILTV_nb_7663,3.6719
ELAGIGILTV_nb_7664,7.5039
ELAGIGILTV_nb_7666,7.6953
ELAGIGILTV_nb_7667,13.0469
ELAGIGILTV_nb_7668,5.4219
ELAGIGILTV_nb_7669,9.875
ELAGIGILTV_nb_7671,7.0273
ELAGIGILTV_nb_7672,6.4453
ELAGIGILTV_nb_7673,7.3281
ELAGIGILTV_nb_7674,7.1797
ELAGIGILTV_nb_7676,5.7188
ELAGIGILTV_nb_7677,6.4219
ELAGIGILTV_nb_7678,5.3672
ELAGIGILTV_nb_7679,4.3828
ELAGIGILTV_nb_7681,5.7578
ELAGIGILTV_nb_7682,6.0078
ELAGIGILTV_nb_7683,5.625
ELAGIGILTV_nb_7684,9.4453
ELAGIGILTV_nb_7686,7.2266
ELAGIGILTV_nb_7687,7.793
ELAGIGILTV_nb_7688,7.2969
ELAGIGILTV_nb_7691,13.5938
ELAGIGILTV_nb_7693,9.5938
ELAGIGILTV_nb_7694,9.5156
ELAGIGILTV_nb_7695,6.3359
ELAGIGILTV_nb_7696,8.7031
ELAGIGILTV_nb_7699,6.5234
ELAGIGILTV_nb_77,4.8828
ELAGIGILTV_nb_7700,4.6875
ELAGIGILTV_nb_7701,11.1719
ELAGIGILTV_nb_7702,4.957
ELAGIGILTV_nb_7703,6.0
ELAGIGILTV_nb_7704,7.5312
ELAGIGILTV_nb_7706,6.0234
ELAGIGILTV_nb_7707,5.7422
ELAGIGILTV_nb_7708,9.7812
ELAGIGILTV_nb_7709,8.6953
ELAGIGILTV_nb_7710,9.9688
ELAGIGILTV_nb_7711,7.6602
ELAGIGILTV_nb_7712,7.3828
ELAGIGILTV_nb_7713,11.0
ELAGIGILTV_nb_7715,6.9141
ELAGIGILTV_nb_7716,4.2422
ELAGIGILTV_nb_7717,3.8047
ELAGIGILTV_nb_7723,5.7383
ELAGIGILTV_nb_7724,8.6875
ELAGIGILTV_nb_7726,18.2188
ELAGIGILTV_nb_78,9.0156
ELAGIGILTV_nb_8,4.8555
ELAGIGILTV_nb_80,5.3125
ELAGIGILTV_nb_83,8.1641
ELAGIGILTV_nb_84,9.1094
ELAGIGILTV_nb_85,8.4375
ELAGIGILTV_nb_86,5.2031
ELAGIGILTV_nb_88,7.1016
ELAGIGILTV_nb_9,6.3008
ELAGIGILTV_nb_90,5.2031
ELAGIGILTV_nb_91,10.6016
ELAGIGILTV_nb_94,7.707
ELAGIGILTV_nb_95,4.5
ELAGIGILTV_nb_96,3.9961
ELAGIGILTV_nb_97,2.6445
ELAGIGILTV_nb_98,5.5469
ELAGIGILTV_nb_99,4.6445
FLYALALLL_1071,5.2539
FLYALALLL_1147,8.6094
FLYALALLL_1148,7.3672
FLYALALLL_1268,8.1562
FLYALALLL_1271,6.9531
FLYALALLL_1288,6.375
FLYALALLL_1334,5.1836
FLYALALLL_1335,7.4453
FLYALALLL_1439,7.875
FLYALALLL_1440,7.3281
FLYALALLL_1535,7.2305
FLYALALLL_1543,8.3281
FLYALALLL_1669,9.7578
FLYALALLL_19,8.0469
FLYALALLL_2035,7.3281
FLYALALLL_2340,8.4688
FLYALALLL_2473,7.2266
FLYALALLL_2531,8.2891
FLYALALLL_2543,5.1836
FLYALALLL_2608,8.0781
FLYALALLL_2668,8.7344
FLYALALLL_2669,7.8281
FLYALALLL_2695,5.8398
FLYALALLL_2764,9.5469
FLYALALLL_28,6.6133
FLYALALLL_2847,6.2578
FLYALALLL_2895,8.1016
FLYALALLL_3026,8.2422
FLYALALLL_3076,6.668
FLYALALLL_3077,7.3906
FLYALALLL_3086,7.8281
FLYALALLL_3356,6.4297
FLYALALLL_3358,7.8906
FLYALALLL_3359,7.9375
FLYALALLL_57,13.2344
FLYALALLL_783,8.8906
FLYALALLL_784,7.4219
FLYALALLL_808,5.0469
FLYALALLL_nb_1000,7.3984
FLYALALLL_nb_1001,5.2031
FLYALALLL_nb_1002,7.7539
FLYALALLL_nb_1003,8.1406
FLYALALLL_nb_1004,8.3281
FLYALALLL_nb_1005,7.7578
FLYALALLL_nb_1006,4.3594
FLYALALLL_nb_1008,6.4531
FLYALALLL_nb_1009,8.2891
FLYALALLL_nb_1011,8.75
FLYALALLL_nb_1012,8.3125
FLYALALLL_nb_1013,7.0781
FLYALALLL_nb_1014,9.8281
FLYALALLL_nb_1015,7.2734
FLYALALLL_nb_1016,12.0234
FLYALALLL_nb_1017,7.5938
FLYALALLL_nb_1019,7.3516
FLYALALLL_nb_1020,4.3594
FLYALALLL_nb_1021,5.9766
FLYALALLL_nb_1022,4.3594
FLYALALLL_nb_1023,8.0547
FLYALALLL_nb_1024,8.8438
FLYALALLL_nb_1025,6.3164
FLYALALLL_nb_1026,7.0547
FLYALALLL_nb_1027,7.875
FLYALALLL_nb_1028,8.9766
FLYALALLL_nb_1029,10.125
FLYALALLL_nb_1030,7.2148
FLYALALLL_nb_1031,7.7461
FLYALALLL_nb_1032,7.7891
FLYALALLL_nb_1033,6.7305
FLYALALLL_nb_1034,8.2344
FLYALALLL_nb_1035,5.25
FLYALALLL_nb_1036,6.9102
FLYALALLL_nb_1037,6.9688
FLYALALLL_nb_1038,5.3867
FLYALALLL_nb_1039,8.3203
FLYALALLL_nb_1041,4.5703
FLYALALLL_nb_1042,6.5547
FLYALALLL_nb_1043,7.6562
FLYALALLL_nb_1044,5.9688
FLYALALLL_nb_1045,9.0781
FLYALALLL_nb_1046,4.8125
FLYALALLL_nb_1047,5.0547
FLYALALLL_nb_1048,5.0547
FLYALALLL_nb_1049,9.9219
FLYALALLL_nb_1051,4.7812
FLYALALLL_nb_1052,8.0859
FLYALALLL_nb_1053,4.3594
FLYALALLL_nb_1054,6.3359
FLYALALLL_nb_1055,7.6992
FLYALALLL_nb_1056,5.4766
FLYALALLL_nb_1057,9.1875
FLYALALLL_nb_1058,9.0469
FLYALALLL_nb_1059,3.9023
FLYALALLL_nb_1060,7.5859
FLYALALLL_nb_1061,4.457
FLYALALLL_nb_1064,8.3125
FLYALALLL_nb_1065,8.2969
FLYALALLL_nb_1066,5.082
FLYALALLL_nb_1067,7.9453
FLYALALLL_nb_1068,4.3594
FLYALALLL_nb_1069,6.418
FLYALALLL_nb_1070,10.5156
FLYALALLL_nb_1071,6.7695
FLYALALLL_nb_1072,4.4336
FLYALALLL_nb_1073,4.4805
FLYALALLL_nb_1074,5.5352
FLYALALLL_nb_1076,7.3281
FLYALALLL_nb_1078,6.375
FLYALALLL_nb_1079,8.5938
FLYALALLL_nb_1080,4.7891
FLYALALLL_nb_1082,7.1875
FLYALALLL_nb_1083,7.8438
FLYALALLL_nb_1084,5.9688
FLYALALLL_nb_1085,11.9219
FLYALALLL_nb_1086,6.8906
FLYALALLL_nb_1088,12.7656
FLYALALLL_nb_1089,7.625
FLYALALLL_nb_1090,12.4219
FLYALALLL_nb_1091,6.1094
FLYALALLL_nb_1092,5.3164
FLYALALLL_nb_1093,6.8438
FLYALALLL_nb_1094,9.9375
FLYALALLL_nb_1098,4.8125
FLYALALLL_nb_1099,5.8594
FLYALALLL_nb_1100,7.9766
FLYALALLL_nb_1101,6.4453
FLYALALLL_nb_1103,7.5703
FLYALALLL_nb_1104,4.5703
FLYALALLL_nb_1105,4.9297
FLYALALLL_nb_11693,6.1406
FLYALALLL_nb_11694,10.4375
FLYALALLL_nb_11695,10.3438
FLYALALLL_nb_11696,5.0078
FLYALALLL_nb_11698,8.4062
FLYALALLL_nb_11700,7.3594
FLYALALLL_nb_11701,8.4375
FLYALALLL_nb_11702,10.8906
FLYALALLL_nb_11703,8.2969
FLYALALLL_nb_11704,7.0078
FLYALALLL_nb_11706,9.375
FLYALALLL_nb_11707,7.6836
FLYALALLL_nb_11709,6.1445
FLYALALLL_nb_11710,6.875
FLYALALLL_nb_11712,5.9609
FLYALALLL_nb_11713,10.9844
FLYALALLL_nb_11715,7.4492
FLYALALLL_nb_11716,5.8672
FLYALALLL_nb_11718,6.3359
FLYALALLL_nb_11719,7.8281
FLYALALLL_nb_11720,8.5156
FLYALALLL_nb_11721,6.0
FLYALALLL_nb_11722,8.2031
FLYALALLL_nb_11723,10.2812
FLYALALLL_nb_11724,6.7578
FLYALALLL_nb_11727,6.8203
FLYALALLL_nb_11729,9.9062
FLYALALLL_nb_11730,8.6719
FLYALALLL_nb_11731,10.7578
FLYALALLL_nb_11732,7.3203
FLYALALLL_nb_11734,9.5078
FLYALALLL_nb_11736,7.2031
FLYALALLL_nb_11738,6.6445
FLYALALLL_nb_11742,10.1406
FLYALALLL_nb_11743,8.7969
FLYALALLL_nb_11744,10.2422
FLYALALLL_nb_11748,9.0312
FLYALALLL_nb_11750,8.4844
FLYALALLL_nb_11754,8.4453
FLYALALLL_nb_11755,8.1406
FLYALALLL_nb_11756,9.0391
FLYALALLL_nb_3804,8.2344
FLYALALLL_nb_3805,7.9453
FLYALALLL_nb_3806,9.1719
FLYALALLL_nb_3807,9.9688
FLYALALLL_nb_3808,6.543
FLYALALLL_nb_3810,5.1484
FLYALALLL_nb_3812,9.9688
FLYALALLL_nb_3813,9.6172
FLYALALLL_nb_3814,4.3594
FLYALALLL_nb_3815,5.6211
FLYALALLL_nb_3816,9.125
FLYALALLL_nb_3817,5.3164
FLYALALLL_nb_3818,11.0625
FLYALALLL_nb_3820,7.0273
FLYALALLL_nb_3821,6.5625
FLYALALLL_nb_3824,4.6836
FLYALALLL_nb_3825,12.0156
FLYALALLL_nb_3826,7.0781
FLYALALLL_nb_3827,9.4062
FLYALALLL_nb_3828,7.3398
FLYALALLL_nb_3829,8.6484
FLYALALLL_nb_3830,6.6914
FLYALALLL_nb_3831,5.9648
FLYALALLL_nb_3832,7.7695
FLYALALLL_nb_3834,4.2773
FLYALALLL_nb_3835,4.2773
FLYALALLL_nb_3836,7.3398
FLYALALLL_nb_3837,13.625
FLYALALLL_nb_3839,11.6094
FLYALALLL_nb_3841,8.7344
FLYALALLL_nb_3842,4.3008
FLYALALLL_nb_3843,7.4766
FLYALALLL_nb_3845,5.875
FLYALALLL_nb_3846,6.5703
FLYALALLL_nb_3848,11.9219
FLYALALLL_nb_3849,4.8672
FLYALALLL_nb_3850,9.1328
FLYALALLL_nb_3853,5.7344
FLYALALLL_nb_3855,6.3945
FLYALALLL_nb_3856,11.3594
FLYALALLL_nb_3858,8.1562
FLYALALLL_nb_3860,6.75
FLYALALLL_nb_3861,8.3672
FLYALALLL_nb_3864,8.3828
FLYALALLL_nb_3865,7.5234
FLYALALLL_nb_3866,8.8984
FLYALALLL_nb_3867,7.7891
FLYALALLL_nb_3868,5.3359
FLYALALLL_nb_3869,8.4688
FLYALALLL_nb_3870,12.1484
FLYALALLL_nb_3871,4.3594
FLYALALLL_nb_3872,7.1328
FLYALALLL_nb_3873,9.1016
FLYALALLL_nb_3874,9.0234
FLYALALLL_nb_3875,6.6367
FLYALALLL_nb_3876,6.8164
FLYALALLL_nb_3877,5.8438
FLYALALLL_nb_3878,8.4453
FLYALALLL_nb_3879,11.2969
FLYALALLL_nb_3880,5.0781
FLYALALLL_nb_3881,5.9219
FLYALALLL_nb_3882,9.7812
FLYALALLL_nb_3884,6.1641
FLYALALLL_nb_3885,5.0938
FLYALALLL_nb_3887,7.1836
FLYALALLL_nb_3889,6.1758
FLYALALLL_nb_3890,9.0859
FLYALALLL_nb_3891,6.2656
FLYALALLL_nb_3893,5.3047
FLYALALLL_nb_3895,7.1172
FLYALALLL_nb_3896,7.3203
FLYALALLL_nb_3897,7.4297
FLYALALLL_nb_3898,8.1797
FLYALALLL_nb_3899,8.7812
FLYALALLL_nb_3900,7.5781
FLYALALLL_nb_3901,8.0391
FLYALALLL_nb_3903,7.8086
FLYALALLL_nb_3904,9.1641
FLYALALLL_nb_3905,11.625
FLYALALLL_nb_3906,7.4766
FLYALALLL_nb_3909,6.6953
FLYALALLL_nb_3912,6.5469
FLYALALLL_nb_3915,6.5391
FLYALALLL_nb_3916,7.7617
FLYALALLL_nb_3917,7.6641
FLYALALLL_nb_3918,6.4062
FLYALALLL_nb_3919,8.1406
FLYALALLL_nb_3920,4.668
FLYALALLL_nb_3921,5.3516
FLYALALLL_nb_3923,6.9688
FLYALALLL_nb_3924,6.918
FLYALALLL_nb_3927,6.8828
FLYALALLL_nb_3928,7.668
FLYALALLL_nb_3929,6.4531
FLYALALLL_nb_3931,8.0938
FLYALALLL_nb_3932,10.5
FLYALALLL_nb_3933,8.4453
FLYALALLL_nb_3934,7.0547
FLYALALLL_nb_3935,8.5
FLYALALLL_nb_3936,7.4062
FLYALALLL_nb_3937,8.3125
FLYALALLL_nb_3938,4.6406
FLYALALLL_nb_3939,5.8984
FLYALALLL_nb_3941,9.3516
FLYALALLL_nb_3942,7.0547
FLYALALLL_nb_3943,6.3125
FLYALALLL_nb_3944,6.6875
FLYALALLL_nb_3945,7.7031
FLYALALLL_nb_3946,11.1406
FLYALALLL_nb_3948,8.1094
FLYALALLL_nb_3949,6.3164
FLYALALLL_nb_3950,10.9688
FLYALALLL_nb_3951,4.8672
FLYALALLL_nb_3952,8.9844
FLYALALLL_nb_3953,3.8789
FLYALALLL_nb_3956,6.3477
FLYALALLL_nb_3957,8.4375
FLYALALLL_nb_3958,7.5664
FLYALALLL_nb_3959,8.4766
FLYALALLL_nb_3960,8.0
FLYALALLL_nb_3961,8.3906
FLYALALLL_nb_3964,5.2539
FLYALALLL_nb_3965,10.3906
FLYALALLL_nb_3967,4.6953
FLYALALLL_nb_3968,10.5312
FLYALALLL_nb_3969,6.3047
FLYALALLL_nb_3970,4.9648
FLYALALLL_nb_3972,7.8438
FLYALALLL_nb_3973,6.8906
FLYALALLL_nb_3974,9.9062
FLYALALLL_nb_3975,9.1484
FLYALALLL_nb_3977,7.4961
FLYALALLL_nb_3978,10.2422
FLYALALLL_nb_3979,4.9961
FLYALALLL_nb_3980,5.6484
FLYALALLL_nb_3981,8.6406
FLYALALLL_nb_3982,7.1797
FLYALALLL_nb_3983,6.0078
FLYALALLL_nb_3984,7.6211
FLYALALLL_nb_3985,9.8906
FLYALALLL_nb_3986,9.4297
FLYALALLL_nb_3990,11.4531
FLYALALLL_nb_3991,7.7266
FLYALALLL_nb_3992,8.5234
FLYALALLL_nb_3993,9.9531
FLYALALLL_nb_3994,7.1406
FLYALALLL_nb_3995,7.9805
FLYALALLL_nb_3996,6.0742
FLYALALLL_nb_3997,5.8984
FLYALALLL_nb_3999,4.9844
FLYALALLL_nb_4000,8.0
FLYALALLL_nb_4001,8.0391
FLYALALLL_nb_4002,7.875
FLYALALLL_nb_4003,7.0156
FLYALALLL_nb_4004,7.8906
FLYALALLL_nb_4006,8.875
FLYALALLL_nb_4007,9.125
FLYALALLL_nb_4008,7.6914
FLYALALLL_nb_4009,5.1719
FLYALALLL_nb_4010,9.4609
FLYALALLL_nb_4011,6.8867
FLYALALLL_nb_4012,7.2422
FLYALALLL_nb_4013,10.7734
FLYALALLL_nb_4014,8.2031
FLYALALLL_nb_4015,6.8906
FLYALALLL_nb_4016,8.9766
FLYALALLL_nb_4017,6.2305
FLYALALLL_nb_4018,10.8906
FLYALALLL_nb_4020,7.2617
FLYALALLL_nb_4021,7.1172
FLYALALLL_nb_4022,9.5625
FLYALALLL_nb_4023,5.6953
FLYALALLL_nb_4024,10.1016
FLYALALLL_nb_4025,6.6562
FLYALALLL_nb_4028,10.9609
FLYALALLL_nb_4029,7.9531
FLYALALLL_nb_4030,5.375
FLYALALLL_nb_4031,9.6328
FLYALALLL_nb_4032,9.1641
FLYALALLL_nb_4033,8.6172
FLYALALLL_nb_4034,4.9141
FLYALALLL_nb_4036,5.9531
FLYALALLL_nb_4037,7.1797
FLYALALLL_nb_4038,7.1836
FLYALALLL_nb_4039,11.5469
FLYALALLL_nb_4040,7.5469
FLYALALLL_nb_4041,6.9961
FLYALALLL_nb_4045,7.3359
FLYALALLL_nb_4047,7.7734
FLYALALLL_nb_4049,8.1797
FLYALALLL_nb_4050,4.6992
FLYALALLL_nb_4051,8.8672
FLYALALLL_nb_4055,9.5312
FLYALALLL_nb_4057,8.0469
FLYALALLL_nb_4058,6.2031
FLYALALLL_nb_4060,11.4844
FLYALALLL_nb_4061,5.2266
FLYALALLL_nb_4062,10.9453
FLYALALLL_nb_4065,10.3203
FLYALALLL_nb_4066,8.0781
FLYALALLL_nb_4067,7.4219
FLYALALLL_nb_4068,5.9219
FLYALALLL_nb_4069,11.5469
FLYALALLL_nb_4070,4.6484
FLYALALLL_nb_4072,10.4375
FLYALALLL_nb_4073,7.1016
FLYALALLL_nb_4074,7.7578
FLYALALLL_nb_4075,7.0312
FLYALALLL_nb_4076,7.3828
FLYALALLL_nb_4077,4.9336
FLYALALLL_nb_4079,7.1836
FLYALALLL_nb_4080,5.3672
FLYALALLL_nb_4081,4.9219
FLYALALLL_nb_4082,9.1719
FLYALALLL_nb_4083,8.1172
FLYALALLL_nb_4085,4.8359
FLYALALLL_nb_4086,9.5156
FLYALALLL_nb_4087,7.5312
FLYALALLL_nb_4088,6.4141
FLYALALLL_nb_4089,9.5312
FLYALALLL_nb_4090,10.3516
FLYALALLL_nb_4092,7.7773
FLYALALLL_nb_4093,10.4688
FLYALALLL_nb_4094,8.9141
FLYALALLL_nb_4096,8.1406
FLYALALLL_nb_4097,9.9844
FLYALALLL_nb_4098,9.9375
FLYALALLL_nb_4099,7.5078
FLYALALLL_nb_4100,8.7188
FLYALALLL_nb_4101,6.8125
FLYALALLL_nb_4102,5.3984
FLYALALLL_nb_4103,7.4609
FLYALALLL_nb_4104,6.1641
FLYALALLL_nb_4105,4.3594
FLYALALLL_nb_4106,9.0625
FLYALALLL_nb_4107,5.8984
FLYALALLL_nb_4109,8.7578
FLYALALLL_nb_4110,6.0781
FLYALALLL_nb_4111,4.3594
FLYALALLL_nb_4112,6.8711
FLYALALLL_nb_4113,8.0
FLYALALLL_nb_4114,5.6719
FLYALALLL_nb_4115,5.918
FLYALALLL_nb_4116,5.8828
FLYALALLL_nb_4117,6.4531
FLYALALLL_nb_4118,14.3438
FLYALALLL_nb_4119,6.9375
FLYALALLL_nb_4120,5.8047
FLYALALLL_nb_4121,12.3438
FLYALALLL_nb_4122,6.2461
FLYALALLL_nb_4123,8.3828
FLYALALLL_nb_4124,5.9219
FLYALALLL_nb_4126,5.0273
FLYALALLL_nb_4127,7.793
FLYALALLL_nb_4128,5.0586
FLYALALLL_nb_4129,8.9688
FLYALALLL_nb_4130,6.7734
FLYALALLL_nb_4131,6.2773
FLYALALLL_nb_4132,6.5391
FLYALALLL_nb_4133,9.625
FLYALALLL_nb_4134,5.4922
FLYALALLL_nb_4135,4.2578
FLYALALLL_nb_4136,4.7852
FLYALALLL_nb_4137,5.4297
FLYALALLL_nb_4138,8.5156
FLYALALLL_nb_4139,11.3828
FLYALALLL_nb_4140,9.5156
FLYALALLL_nb_4141,5.9609
FLYALALLL_nb_4142,10.2031
FLYALALLL_nb_4143,6.8203
FLYALALLL_nb_4144,8.0
FLYALALLL_nb_4145,8.0938
FLYALALLL_nb_4148,6.375
FLYALALLL_nb_4152,7.9258
FLYALALLL_nb_4153,7.1797
FLYALALLL_nb_4154,9.9844
FLYALALLL_nb_4156,5.0586
FLYALALLL_nb_4157,7.8398
FLYALALLL_nb_4158,6.6641
FLYALALLL_nb_4159,9.0469
FLYALALLL_nb_4160,7.0664
FLYALALLL_nb_4161,4.6328
FLYALALLL_nb_4162,5.9609
FLYALALLL_nb_4163,11.2656
FLYALALLL_nb_4165,9.625
FLYALALLL_nb_4166,7.5977
FLYALALLL_nb_4167,9.1719
FLYALALLL_nb_4168,9.8906
FLYALALLL_nb_4169,7.4766
FLYALALLL_nb_4170,7.8047
FLYALALLL_nb_4171,6.1289
FLYALALLL_nb_4172,11.2031
FLYALALLL_nb_4173,8.6562
FLYALALLL_nb_4174,5.4883
FLYALALLL_nb_4175,7.2188
FLYALALLL_nb_4176,6.1719
FLYALALLL_nb_4177,7.7891
FLYALALLL_nb_4178,4.8672
FLYALALLL_nb_4179,7.1406
FLYALALLL_nb_4180,8.7969
FLYALALLL_nb_4181,9.9375
FLYALALLL_nb_4182,6.9297
FLYALALLL_nb_4183,7.8477
FLYALALLL_nb_4185,7.7109
FLYALALLL_nb_4186,5.5938
FLYALALLL_nb_4187,9.0625
FLYALALLL_nb_4188,8.0391
FLYALALLL_nb_4189,5.6172
FLYALALLL_nb_4190,10.5859
FLYALALLL_nb_4191,9.5625
FLYALALLL_nb_4192,13.1328
FLYALALLL_nb_4193,9.9688
FLYALALLL_nb_4194,7.1836
FLYALALLL_nb_4195,6.0156
FLYALALLL_nb_4196,10.1172
FLYALALLL_nb_4197,7.3828
FLYALALLL_nb_4198,7.0703
FLYALALLL_nb_4199,8.0312
FLYALALLL_nb_4201,7.6875
FLYALALLL_nb_4203,8.9375
FLYALALLL_nb_4205,6.6797
FLYALALLL_nb_4206,9.3281
FLYALALLL_nb_4207,8.2578
FLYALALLL_nb_4208,7.5938
FLYALALLL_nb_4209,5.3047
FLYALALLL_nb_4210,11.2031
FLYALALLL_nb_4211,8.2031
FLYALALLL_nb_4212,6.8789
FLYALALLL_nb_4213,7.75
FLYALALLL_nb_4214,8.0469
FLYALALLL_nb_4216,4.3164
FLYALALLL_nb_4217,9.4453
FLYALALLL_nb_4218,13.75
FLYALALLL_nb_4219,6.1055
FLYALALLL_nb_4220,6.8555
FLYALALLL_nb_4221,5.6016
FLYALALLL_nb_4222,9.1484
FLYALALLL_nb_4223,5.0938
FLYALALLL_nb_4224,7.9336
FLYALALLL_nb_4225,5.875
FLYALALLL_nb_4226,7.9844
FLYALALLL_nb_4227,7.7031
FLYALALLL_nb_4229,9.2422
FLYALALLL_nb_4230,5.4688
FLYALALLL_nb_4231,7.7344
FLYALALLL_nb_4233,5.3945
FLYALALLL_nb_4234,7.082
FLYALALLL_nb_4235,10.75
FLYALALLL_nb_4236,6.0078
FLYALALLL_nb_4239,6.7812
FLYALALLL_nb_4241,5.8828
FLYALALLL_nb_4242,7.5508
FLYALALLL_nb_4244,7.0391
FLYALALLL_nb_4245,9.1562
FLYALALLL_nb_4246,9.7969
FLYALALLL_nb_4248,8.6562
FLYALALLL_nb_4249,6.75
FLYALALLL_nb_4250,7.3828
FLYALALLL_nb_4251,7.4883
FLYALALLL_nb_4253,8.1641
FLYALALLL_nb_4254,6.4609
FLYALALLL_nb_4256,9.6172
FLYALALLL_nb_4257,7.5547
FLYALALLL_nb_4258,5.7305
FLYALALLL_nb_4259,9.9531
FLYALALLL_nb_4260,10.1172
FLYALALLL_nb_4261,8.2188
FLYALALLL_nb_4262,8.125
FLYALALLL_nb_4263,7.0625
FLYALALLL_nb_4264,6.7891
FLYALALLL_nb_4265,7.9336
FLYALALLL_nb_4267,7.75
FLYALALLL_nb_4268,8.0234
FLYALALLL_nb_4269,7.2109
FLYALALLL_nb_4270,9.25
FLYALALLL_nb_4271,10.1719
FLYALALLL_nb_4272,7.0703
FLYALALLL_nb_4273,5.1406
FLYALALLL_nb_4274,8.5
FLYALALLL_nb_4276,7.9805
FLYALALLL_nb_4277,9.125
FLYALALLL_nb_4278,9.5312
FLYALALLL_nb_4280,6.4922
FLYALALLL_nb_4281,8.2031
FLYALALLL_nb_4282,8.8438
FLYALALLL_nb_4283,4.7578
FLYALALLL_nb_4284,4.3594
FLYALALLL_nb_4285,5.2109
FLYALALLL_nb_4286,9.25
FLYALALLL_nb_4287,5.582
FLYALALLL_nb_4288,9.3281
FLYALALLL_nb_4289,7.9805
FLYALALLL_nb_4290,5.6875
FLYALALLL_nb_4291,9.9219
FLYALALLL_nb_4293,8.0078
FLYALALLL_nb_4294,6.8281
FLYALALLL_nb_4295,8.1875
FLYALALLL_nb_4296,6.3359
FLYALALLL_nb_4297,8.5078
FLYALALLL_nb_4298,7.4688
FLYALALLL_nb_4299,10.9375
FLYALALLL_nb_4300,6.8906
FLYALALLL_nb_4301,7.625
FLYALALLL_nb_4302,6.9883
FLYALALLL_nb_4305,5.7812
FLYALALLL_nb_4307,9.1484
FLYALALLL_nb_4308,7.7969
FLYALALLL_nb_4309,7.9844
FLYALALLL_nb_4310,8.5312
FLYALALLL_nb_4311,5.0586
FLYALALLL_nb_4313,8.125
FLYALALLL_nb_4314,6.9531
FLYALALLL_nb_4315,6.7227
FLYALALLL_nb_4316,8.3281
FLYALALLL_nb_4317,8.3125
FLYALALLL_nb_4319,6.5391
FLYALALLL_nb_4322,6.2109
FLYALALLL_nb_4323,8.5391
FLYALALLL_nb_4324,4.4883
FLYALALLL_nb_4325,5.4297
FLYALALLL_nb_4326,6.6562
FLYALALLL_nb_4327,12.2891
FLYALALLL_nb_4328,9.0312
FLYALALLL_nb_4329,5.2422
FLYALALLL_nb_4330,7.8828
FLYALALLL_nb_4331,8.0859
FLYALALLL_nb_4332,5.3906
FLYALALLL_nb_4333,7.9766
FLYALALLL_nb_4334,14.5859
FLYALALLL_nb_4335,7.4141
FLYALALLL_nb_4336,5.1328
FLYALALLL_nb_4337,8.3281
FLYALALLL_nb_4338,8.6094
FLYALALLL_nb_4339,5.5312
FLYALALLL_nb_4340,8.8594
FLYALALLL_nb_4341,5.3008
FLYALALLL_nb_4343,4.7969
FLYALALLL_nb_4344,5.2891
FLYALALLL_nb_4345,8.4375
FLYALALLL_nb_4346,6.9805
FLYALALLL_nb_4348,4.3164
FLYALALLL_nb_4349,9.6562
FLYALALLL_nb_4350,7.3672
FLYALALLL_nb_4351,6.25
FLYALALLL_nb_4352,4.6914
FLYALALLL_nb_4353,10.2188
FLYALALLL_nb_4354,7.6758
FLYALALLL_nb_4355,10.6094
FLYALALLL_nb_4357,10.4844
FLYALALLL_nb_4359,10.6719
FLYALALLL_nb_4360,7.5312
FLYALALLL_nb_4361,7.0039
FLYALALLL_nb_4362,8.5703
FLYALALLL_nb_4363,4.4805
FLYALALLL_nb_4364,7.6445
FLYALALLL_nb_4365,4.625
FLYALALLL_nb_4366,8.2031
FLYALALLL_nb_4368,5.6953
FLYALALLL_nb_4369,7.4062
FLYALALLL_nb_4370,10.8594
FLYALALLL_nb_4371,7.3945
FLYALALLL_nb_4372,8.1406
FLYALALLL_nb_4373,8.3203
FLYALALLL_nb_4374,8.6719
FLYALALLL_nb_4375,8.7031
FLYALALLL_nb_4376,7.7422
FLYALALLL_nb_4379,4.3594
FLYALALLL_nb_4381,7.9102
FLYALALLL_nb_4382,5.3164
FLYALALLL_nb_4383,7.9375
FLYALALLL_nb_4384,6.4766
FLYALALLL_nb_4385,8.3594
FLYALALLL_nb_4386,9.4766
FLYALALLL_nb_4387,9.3672
FLYALALLL_nb_4389,6.375
FLYALALLL_nb_4390,8.6484
FLYALALLL_nb_4391,6.7969
FLYALALLL_nb_4392,8.125
FLYALALLL_nb_4393,7.5977
FLYALALLL_nb_4394,9.8281
FLYALALLL_nb_4395,4.2773
FLYALALLL_nb_4396,7.0547
FLYALALLL_nb_4398,4.3594
FLYALALLL_nb_4400,9.75
FLYALALLL_nb_4402,12.0938
FLYALALLL_nb_4404,7.8203
FLYALALLL_nb_4405,8.7344
FLYALALLL_nb_4406,7.9609
FLYALALLL_nb_4407,6.0938
FLYALALLL_nb_4408,7.7031
FLYALALLL_nb_4411,6.5625
FLYALALLL_nb_4412,5.4297
FLYALALLL_nb_4413,7.4844
FLYALALLL_nb_4414,9.2969
FLYALALLL_nb_4416,5.8984
FLYALALLL_nb_4421,9.4922
FLYALALLL_nb_4423,10.0625
FLYALALLL_nb_4424,4.625
FLYALALLL_nb_4425,8.4297
FLYALALLL_nb_4427,11.0312
FLYALALLL_nb_4428,6.5625
FLYALALLL_nb_4429,6.7461
FLYALALLL_nb_4433,7.8594
FLYALALLL_nb_4436,7.5703
FLYALALLL_nb_4437,6.7344
FLYALALLL_nb_4440,10.9375
FLYALALLL_nb_4442,7.8438
FLYALALLL_nb_4443,5.3047
FLYALALLL_nb_4444,6.9336
FLYALALLL_nb_4446,7.0938
FLYALALLL_nb_4447,7.957
FLYALALLL_nb_4448,6.0547
FLYALALLL_nb_4450,9.125
FLYALALLL_nb_4451,7.3594
FLYALALLL_nb_4453,8.5781
FLYALALLL_nb_4455,6.2812
FLYALALLL_nb_4456,8.4844
FLYALALLL_nb_4457,6.7852
FLYALALLL_nb_4458,9.0547
FLYALALLL_nb_4459,9.5156
FLYALALLL_nb_4461,10.125
FLYALALLL_nb_4463,6.2461
FLYALALLL_nb_4464,6.4414
FLYALALLL_nb_4466,12.5312
FLYALALLL_nb_4468,12.1094
FLYALALLL_nb_4469,9.25
FLYALALLL_nb_4470,9.2969
FLYALALLL_nb_4473,9.4922
FLYALALLL_nb_4474,7.3281
FLYALALLL_nb_4476,7.6016
FLYALALLL_nb_4477,5.7773
FLYALALLL_nb_4479,6.0742
FLYALALLL_nb_4480,10.2266
FLYALALLL_nb_4484,9.8438
FLYALALLL_nb_4485,9.7109
FLYALALLL_nb_4486,5.9531
FLYALALLL_nb_4490,9.2266
FLYALALLL_nb_4491,8.7109
FLYALALLL_nb_4492,5.2773
FLYALALLL_nb_4493,5.7891
FLYALALLL_nb_4494,7.9531
FLYALALLL_nb_4495,7.3477
FLYALALLL_nb_4496,4.3242
FLYALALLL_nb_4497,8.75
FLYALALLL_nb_4499,7.3125
FLYALALLL_nb_4500,5.3477
FLYALALLL_nb_4501,6.8984
FLYALALLL_nb_4503,8.1562
FLYALALLL_nb_4504,4.5625
FLYALALLL_nb_4506,4.5625
FLYALALLL_nb_4507,6.0625
FLYALALLL_nb_4508,4.3594
FLYALALLL_nb_4509,8.0938
FLYALALLL_nb_4511,6.1406
FLYALALLL_nb_4512,7.2695
FLYALALLL_nb_4513,10.0469
FLYALALLL_nb_4516,8.6719
FLYALALLL_nb_4517,7.9531
FLYALALLL_nb_4518,8.2656
FLYALALLL_nb_4519,8.2344
FLYALALLL_nb_4521,6.6094
FLYALALLL_nb_4522,9.4609
FLYALALLL_nb_4525,7.9062
FLYALALLL_nb_4526,6.0938
FLYALALLL_nb_4527,7.7656
FLYALALLL_nb_4528,6.0078
FLYALALLL_nb_4529,7.2344
FLYALALLL_nb_4530,6.8984
FLYALALLL_nb_4531,6.7188
FLYALALLL_nb_4533,7.9219
FLYALALLL_nb_4534,8.0078
FLYALALLL_nb_4536,7.1016
FLYALALLL_nb_4537,10.0156
FLYALALLL_nb_4538,4.5664
FLYALALLL_nb_4543,6.9922
FLYALALLL_nb_4545,9.0312
FLYALALLL_nb_4547,7.875
FLYALALLL_nb_4548,4.4336
FLYALALLL_nb_4549,8.9062
FLYALALLL_nb_4550,8.3906
FLYALALLL_nb_4551,6.1797
FLYALALLL_nb_4553,8.0
FLYALALLL_nb_4554,10.7344
FLYALALLL_nb_4556,7.3125
FLYALALLL_nb_4557,10.1875
FLYALALLL_nb_4558,6.293
FLYALALLL_nb_4561,5.7773
FLYALALLL_nb_4563,7.4219
FLYALALLL_nb_4564,7.5781
FLYALALLL_nb_4565,8.875
FLYALALLL_nb_4567,8.1094
FLYALALLL_nb_4568,6.1211
FLYALALLL_nb_4570,6.1992
FLYALALLL_nb_4571,7.4375
FLYALALLL_nb_4572,7.2109
FLYALALLL_nb_4573,3.9648
FLYALALLL_nb_4574,10.0
FLYALALLL_nb_4575,6.5508
FLYALALLL_nb_4576,7.0391
FLYALALLL_nb_4577,7.4609
FLYALALLL_nb_4578,6.8047
FLYALALLL_nb_4579,6.3438
FLYALALLL_nb_4580,7.4102
FLYALALLL_nb_4581,9.3047
FLYALALLL_nb_4582,5.9219
FLYALALLL_nb_4583,10.4062
FLYALALLL_nb_4586,6.75
FLYALALLL_nb_4587,6.332
FLYALALLL_nb_4588,7.9805
FLYALALLL_nb_4589,8.4688
FLYALALLL_nb_4590,7.6719
FLYALALLL_nb_4591,7.2891
FLYALALLL_nb_4592,4.6719
FLYALALLL_nb_4593,6.9492
FLYALALLL_nb_4594,8.75
FLYALALLL_nb_4595,8.625
FLYALALLL_nb_4596,7.3828
FLYALALLL_nb_4597,11.25
FLYALALLL_nb_4598,8.875
FLYALALLL_nb_4599,7.8516
FLYALALLL_nb_4600,8.6875
FLYALALLL_nb_4603,12.3438
FLYALALLL_nb_4604,6.2734
FLYALALLL_nb_4605,7.0703
FLYALALLL_nb_4606,7.1094
FLYALALLL_nb_4608,5.5859
FLYALALLL_nb_4609,4.5859
FLYALALLL_nb_4610,7.0312
FLYALALLL_nb_4611,7.7227
FLYALALLL_nb_4612,6.0938
FLYALALLL_nb_4613,7.0391
FLYALALLL_nb_4615,10.5469
FLYALALLL_nb_4617,6.875
FLYALALLL_nb_4618,4.3594
FLYALALLL_nb_4619,8.8516
FLYALALLL_nb_4621,8.0469
FLYALALLL_nb_4622,9.2578
FLYALALLL_nb_4623,9.9609
FLYALALLL_nb_4624,10.0
FLYALALLL_nb_4626,14.9219
FLYALALLL_nb_4627,6.5586
FLYALALLL_nb_4628,7.1836
FLYALALLL_nb_4630,5.2266
FLYALALLL_nb_4631,10.8594
FLYALALLL_nb_4633,4.9727
FLYALALLL_nb_4634,5.5703
FLYALALLL_nb_4635,9.3125
FLYALALLL_nb_4636,7.25
FLYALALLL_nb_4637,7.9922
FLYALALLL_nb_4639,5.5859
FLYALALLL_nb_4640,14.2109
FLYALALLL_nb_4644,5.9688
FLYALALLL_nb_4645,7.5977
FLYALALLL_nb_4646,7.8359
FLYALALLL_nb_4647,6.4492
FLYALALLL_nb_4649,9.5469
FLYALALLL_nb_4651,8.1562
FLYALALLL_nb_4652,6.9297
FLYALALLL_nb_4654,9.4141
FLYALALLL_nb_4655,6.9219
FLYALALLL_nb_4656,8.0625
FLYALALLL_nb_4657,7.5391
FLYALALLL_nb_4659,7.9805
FLYALALLL_nb_4660,8.2734
FLYALALLL_nb_4661,8.6719
FLYALALLL_nb_4662,10.1484
FLYALALLL_nb_4664,6.625
FLYALALLL_nb_4666,5.5703
FLYALALLL_nb_4667,7.9375
FLYALALLL_nb_4669,9.0312
FLYALALLL_nb_4671,8.2891
FLYALALLL_nb_4672,4.3594
FLYALALLL_nb_4673,7.0742
FLYALALLL_nb_4674,10.6875
FLYALALLL_nb_4675,4.3164
FLYALALLL_nb_4677,8.4609
FLYALALLL_nb_4679,7.1836
FLYALALLL_nb_4680,9.2969
FLYALALLL_nb_4681,6.2734
FLYALALLL_nb_4682,8.2969
FLYALALLL_nb_4683,4.7617
FLYALALLL_nb_4685,7.707
FLYALALLL_nb_4686,5.8438
FLYALALLL_nb_4688,10.7734
FLYALALLL_nb_4689,6.4336
FLYALALLL_nb_4691,12.0078
FLYALALLL_nb_4693,9.7656
FLYALALLL_nb_4694,4.4336
FLYALALLL_nb_740,7.5664
FLYALALLL_nb_741,9.0312
FLYALALLL_nb_742,8.4609
FLYALALLL_nb_743,5.3906
FLYALALLL_nb_744,4.3594
FLYALALLL_nb_746,4.4219
FLYALALLL_nb_747,7.0742
FLYALALLL_nb_748,8.7812
FLYALALLL_nb_749,9.8438
FLYALALLL_nb_750,8.8125
FLYALALLL_nb_751,9.1406
FLYALALLL_nb_752,8.7656
FLYALALLL_nb_753,4.5781
FLYALALLL_nb_754,5.8281
FLYALALLL_nb_755,4.2891
FLYALALLL_nb_757,5.1094
FLYALALLL_nb_758,7.5977
FLYALALLL_nb_759,8.2969
FLYALALLL_nb_761,8.6797
FLYALALLL_nb_762,8.1016
FLYALALLL_nb_763,7.8438
FLYALALLL_nb_764,5.6641
FLYALALLL_nb_765,4.6094
FLYALALLL_nb_767,6.6094
FLYALALLL_nb_768,4.4062
FLYALALLL_nb_769,4.2969
FLYALALLL_nb_771,4.0547
FLYALALLL_nb_772,8.7188
FLYALALLL_nb_773,9.5703
FLYALALLL_nb_774,4.5703
FLYALALLL_nb_775,13.25
FLYALALLL_nb_776,8.7344
FLYALALLL_nb_777,6.0234
FLYALALLL_nb_778,5.25
FLYALALLL_nb_779,5.5547
FLYALALLL_nb_780,5.7461
FLYALALLL_nb_781,8.6719
FLYALALLL_nb_782,8.1562
FLYALALLL_nb_785,15.6875
FLYALALLL_nb_788,3.9062
FLYALALLL_nb_790,7.0938
FLYALALLL_nb_791,5.2422
FLYALALLL_nb_793,7.6719
FLYALALLL_nb_794,8.7344
FLYALALLL_nb_795,4.4297
FLYALALLL_nb_796,5.625
FLYALALLL_nb_797,7.3086
FLYALALLL_nb_798,5.0547
FLYALALLL_nb_799,7.8828
FLYALALLL_nb_800,6.8125
FLYALALLL_nb_801,8.0078
FLYALALLL_nb_803,4.5703
FLYALALLL_nb_804,7.1094
FLYALALLL_nb_805,7.1641
FLYALALLL_nb_806,5.6367
FLYALALLL_nb_807,10.8438
FLYALALLL_nb_808,6.7617
FLYALALLL_nb_809,4.3594
FLYALALLL_nb_811,11.9297
FLYALALLL_nb_813,6.6719
FLYALALLL_nb_814,7.5625
FLYALALLL_nb_815,9.5
FLYALALLL_nb_816,11.625
FLYALALLL_nb_817,7.25
FLYALALLL_nb_818,9.7188
FLYALALLL_nb_819,7.3359
FLYALALLL_nb_821,7.5078
FLYALALLL_nb_822,8.5938
FLYALALLL_nb_823,5.4844
FLYALALLL_nb_825,8.0547
FLYALALLL_nb_826,8.9531
FLYALALLL_nb_827,5.3125
FLYALALLL_nb_829,6.1953
FLYALALLL_nb_831,9.9062
FLYALALLL_nb_833,6.7305
FLYALALLL_nb_834,4.5781
FLYALALLL_nb_835,7.7188
FLYALALLL_nb_836,6.4922
FLYALALLL_nb_837,7.6719
FLYALALLL_nb_838,4.3594
FLYALALLL_nb_839,13.3828
FLYALALLL_nb_840,7.9297
FLYALALLL_nb_841,8.8281
FLYALALLL_nb_842,5.8203
FLYALALLL_nb_843,4.6445
FLYALALLL_nb_845,7.7461
FLYALALLL_nb_846,6.7734
FLYALALLL_nb_8464,6.8359
FLYALALLL_nb_8466,11.3984
FLYALALLL_nb_8467,9.7969
FLYALALLL_nb_8468,5.9922
FLYALALLL_nb_8469,10.8125
FLYALALLL_nb_847,5.0781
FLYALALLL_nb_8472,6.8242
FLYALALLL_nb_8473,5.1719
FLYALALLL_nb_8474,5.8008
FLYALALLL_nb_8475,7.0078
FLYALALLL_nb_8476,8.4453
FLYALALLL_nb_8478,9.8047
FLYALALLL_nb_8479,6.5898
FLYALALLL_nb_848,9.5156
FLYALALLL_nb_8480,7.3516
FLYALALLL_nb_8482,9.3828
FLYALALLL_nb_8483,8.0312
FLYALALLL_nb_8484,5.2422
FLYALALLL_nb_8485,7.2852
FLYALALLL_nb_8486,4.8906
FLYALALLL_nb_8487,9.4219
FLYALALLL_nb_849,8.5469
FLYALALLL_nb_8490,7.6562
FLYALALLL_nb_8491,7.7422
FLYALALLL_nb_8492,5.0938
FLYALALLL_nb_8493,7.7891
FLYALALLL_nb_8494,6.6055
FLYALALLL_nb_8495,9.0156
FLYALALLL_nb_8496,7.8828
FLYALALLL_nb_8499,9.1094
FLYALALLL_nb_850,5.2812
FLYALALLL_nb_8503,11.9844
FLYALALLL_nb_8506,4.3867
FLYALALLL_nb_8508,9.4062
FLYALALLL_nb_8509,8.9844
FLYALALLL_nb_851,6.1953
FLYALALLL_nb_8510,7.9531
FLYALALLL_nb_8511,7.4688
FLYALALLL_nb_8512,7.625
FLYALALLL_nb_8513,5.1797
FLYALALLL_nb_8514,7.4688
FLYALALLL_nb_8516,6.6289
FLYALALLL_nb_8517,8.2188
FLYALALLL_nb_8518,7.8203
FLYALALLL_nb_8519,7.6992
FLYALALLL_nb_8521,6.6172
FLYALALLL_nb_8522,6.6172
FLYALALLL_nb_8525,9.625
FLYALALLL_nb_8526,9.9062
FLYALALLL_nb_8528,5.2305
FLYALALLL_nb_8529,10.4141
FLYALALLL_nb_853,8.4688
FLYALALLL_nb_8532,7.1406
FLYALALLL_nb_8533,7.625
FLYALALLL_nb_8535,8.4844
FLYALALLL_nb_8536,11.4531
FLYALALLL_nb_8539,7.0859
FLYALALLL_nb_854,8.5625
FLYALALLL_nb_8542,10.7969
FLYALALLL_nb_8543,7.3828
FLYALALLL_nb_8545,4.3242
FLYALALLL_nb_8546,6.5703
FLYALALLL_nb_8547,8.6094
FLYALALLL_nb_8548,6.875
FLYALALLL_nb_855,7.3281
FLYALALLL_nb_8551,10.5859
FLYALALLL_nb_8554,6.0586
FLYALALLL_nb_8555,7.2344
FLYALALLL_nb_8557,5.3594
FLYALALLL_nb_8558,11.6328
FLYALALLL_nb_856,8.5781
FLYALALLL_nb_8560,6.4766
FLYALALLL_nb_8563,7.207
FLYALALLL_nb_8564,8.75
FLYALALLL_nb_8565,6.8672
FLYALALLL_nb_8568,5.9766
FLYALALLL_nb_857,5.8594
FLYALALLL_nb_8571,6.6875
FLYALALLL_nb_8572,9.7656
FLYALALLL_nb_8574,5.7344
FLYALALLL_nb_8575,6.125
FLYALALLL_nb_8577,7.6719
FLYALALLL_nb_8578,10.8594
FLYALALLL_nb_8579,10.4062
FLYALALLL_nb_858,8.0
FLYALALLL_nb_8580,11.4531
FLYALALLL_nb_8581,10.0625
FLYALALLL_nb_8582,10.3906
FLYALALLL_nb_8583,6.3125
FLYALALLL_nb_8584,7.0078
FLYALALLL_nb_8587,9.2812
FLYALALLL_nb_8589,10.6562
FLYALALLL_nb_859,8.4062
FLYALALLL_nb_8590,6.0703
FLYALALLL_nb_8592,8.0078
FLYALALLL_nb_8593,6.6133
FLYALALLL_nb_8595,6.9961
FLYALALLL_nb_8599,8.0625
FLYALALLL_nb_8600,8.7578
FLYALALLL_nb_8602,6.9844
FLYALALLL_nb_8606,8.5078
FLYALALLL_nb_8608,9.5
FLYALALLL_nb_8609,7.3203
FLYALALLL_nb_861,6.9961
FLYALALLL_nb_8611,9.0469
FLYALALLL_nb_8612,8.75
FLYALALLL_nb_8614,7.082
FLYALALLL_nb_8615,8.2266
FLYALALLL_nb_8616,14.2344
FLYALALLL_nb_8617,9.0703
FLYALALLL_nb_8618,7.5469
FLYALALLL_nb_8619,9.4062
FLYALALLL_nb_8620,5.8984
FLYALALLL_nb_8623,9.3906
FLYALALLL_nb_8624,9.0781
FLYALALLL_nb_8626,11.25
FLYALALLL_nb_8627,8.6719
FLYALALLL_nb_8628,9.375
FLYALALLL_nb_863,7.4883
FLYALALLL_nb_8630,7.0625
FLYALALLL_nb_8632,5.6875
FLYALALLL_nb_8633,10.5859
FLYALALLL_nb_8634,7.4453
FLYALALLL_nb_8635,8.2422
FLYALALLL_nb_8638,8.5781
FLYALALLL_nb_864,6.4688
FLYALALLL_nb_8640,5.6406
FLYALALLL_nb_8644,7.9102
FLYALALLL_nb_8645,5.8984
FLYALALLL_nb_8646,6.5625
FLYALALLL_nb_8647,7.8125
FLYALALLL_nb_8648,6.1328
FLYALALLL_nb_8649,6.9141
FLYALALLL_nb_8651,9.7031
FLYALALLL_nb_8652,8.5781
FLYALALLL_nb_8653,8.8125
FLYALALLL_nb_8655,7.8359
FLYALALLL_nb_8656,10.4375
FLYALALLL_nb_8658,6.6133
FLYALALLL_nb_8659,10.5156
FLYALALLL_nb_8661,7.8281
FLYALALLL_nb_8662,8.875
FLYALALLL_nb_8663,8.6719
FLYALALLL_nb_8664,6.2305
FLYALALLL_nb_8665,8.875
FLYALALLL_nb_8667,5.9414
FLYALALLL_nb_8668,9.4531
FLYALALLL_nb_8669,8.2812
FLYALALLL_nb_867,6.9258
FLYALALLL_nb_8671,8.0469
FLYALALLL_nb_8673,10.6562
FLYALALLL_nb_8674,7.2266
FLYALALLL_nb_8675,8.2031
FLYALALLL_nb_8676,9.0781
FLYALALLL_nb_8678,8.7656
FLYALALLL_nb_8679,8.7969
FLYALALLL_nb_868,8.5312
FLYALALLL_nb_8680,5.875
FLYALALLL_nb_8682,9.1719
FLYALALLL_nb_8683,4.9375
FLYALALLL_nb_8685,9.0469
FLYALALLL_nb_8686,5.6484
FLYALALLL_nb_8687,6.5469
FLYALALLL_nb_8688,8.6875
FLYALALLL_nb_8689,7.6484
FLYALALLL_nb_8693,9.75
FLYALALLL_nb_8695,7.1562
FLYALALLL_nb_8697,6.3438
FLYALALLL_nb_8698,5.3906
FLYALALLL_nb_8699,10.375
FLYALALLL_nb_870,10.6562
FLYALALLL_nb_8700,5.7344
FLYALALLL_nb_8701,9.2812
FLYALALLL_nb_8702,10.8125
FLYALALLL_nb_8703,10.0859
FLYALALLL_nb_8706,9.75
FLYALALLL_nb_8707,10.3906
FLYALALLL_nb_871,6.9766
FLYALALLL_nb_8710,9.6328
FLYALALLL_nb_8711,6.4727
FLYALALLL_nb_8712,7.4258
FLYALALLL_nb_8714,7.9883
FLYALALLL_nb_8716,6.3398
FLYALALLL_nb_8718,6.5508
FLYALALLL_nb_8719,8.0156
FLYALALLL_nb_872,6.5352
FLYALALLL_nb_8721,8.7656
FLYALALLL_nb_8722,8.3203
FLYALALLL_nb_8724,10.25
FLYALALLL_nb_8725,7.8711
FLYALALLL_nb_8726,13.7891
FLYALALLL_nb_8727,5.9141
FLYALALLL_nb_8728,8.3984
FLYALALLL_nb_873,7.7812
FLYALALLL_nb_8731,7.6562
FLYALALLL_nb_8732,7.7578
FLYALALLL_nb_8733,12.7188
FLYALALLL_nb_8734,6.25
FLYALALLL_nb_8735,9.7969
FLYALALLL_nb_8736,6.8438
FLYALALLL_nb_8737,8.5
FLYALALLL_nb_8739,7.5117
FLYALALLL_nb_874,5.6211
FLYALALLL_nb_8740,10.9062
FLYALALLL_nb_8743,6.2344
FLYALALLL_nb_8745,8.5
FLYALALLL_nb_8746,6.7266
FLYALALLL_nb_8748,7.6719
FLYALALLL_nb_8749,10.2656
FLYALALLL_nb_875,8.6562
FLYALALLL_nb_8752,9.0625
FLYALALLL_nb_8753,5.875
FLYALALLL_nb_8754,10.2891
FLYALALLL_nb_8755,6.5625
FLYALALLL_nb_8757,5.5312
FLYALALLL_nb_8759,8.1875
FLYALALLL_nb_876,8.1562
FLYALALLL_nb_8760,8.8438
FLYALALLL_nb_8762,7.3672
FLYALALLL_nb_8763,6.7656
FLYALALLL_nb_8764,7.9258
FLYALALLL_nb_8766,13.7969
FLYALALLL_nb_8768,6.3672
FLYALALLL_nb_877,8.1562
FLYALALLL_nb_8771,8.2188
FLYALALLL_nb_8772,10.5938
FLYALALLL_nb_8774,9.8359
FLYALALLL_nb_8775,9.2031
FLYALALLL_nb_8776,8.5938
FLYALALLL_nb_8778,5.8281
FLYALALLL_nb_878,7.1641
FLYALALLL_nb_8780,8.3828
FLYALALLL_nb_8781,12.7188
FLYALALLL_nb_8782,11.7812
FLYALALLL_nb_8783,9.5312
FLYALALLL_nb_8784,6.7422
FLYALALLL_nb_8785,8.9219
FLYALALLL_nb_8788,9.2344
FLYALALLL_nb_8790,10.4141
FLYALALLL_nb_8791,12.2344
FLYALALLL_nb_8793,5.8672
FLYALALLL_nb_8794,8.6875
FLYALALLL_nb_8795,6.8516
FLYALALLL_nb_8796,6.5703
FLYALALLL_nb_8798,6.9609
FLYALALLL_nb_8799,7.4062
FLYALALLL_nb_880,10.5469
FLYALALLL_nb_8800,10.75
FLYALALLL_nb_8805,5.9062
FLYALALLL_nb_8806,6.4453
FLYALALLL_nb_8808,9.1094
FLYALALLL_nb_8809,12.625
FLYALALLL_nb_881,7.3789
FLYALALLL_nb_8810,5.9062
FLYALALLL_nb_8811,9.9219
FLYALALLL_nb_8812,9.3047
FLYALALLL_nb_8813,9.2188
FLYALALLL_nb_8814,11.1406
FLYALALLL_nb_8816,9.9062
FLYALALLL_nb_8819,9.0
FLYALALLL_nb_8820,5.1406
FLYALALLL_nb_8821,5.8672
FLYALALLL_nb_8822,9.0703
FLYALALLL_nb_8825,6.1641
FLYALALLL_nb_8829,6.5977
FLYALALLL_nb_883,11.9531
FLYALALLL_nb_8830,10.5547
FLYALALLL_nb_8831,8.8359
FLYALALLL_nb_8832,6.3359
FLYALALLL_nb_8833,11.2344
FLYALALLL_nb_8834,12.6719
FLYALALLL_nb_8835,8.2188
FLYALALLL_nb_8837,8.1875
FLYALALLL_nb_8838,5.875
FLYALALLL_nb_884,7.4453
FLYALALLL_nb_8840,12.5938
FLYALALLL_nb_8841,6.4766
FLYALALLL_nb_8842,7.4648
FLYALALLL_nb_8843,10.0156
FLYALALLL_nb_8844,9.4297
FLYALALLL_nb_8845,10.5156
FLYALALLL_nb_8846,6.8594
FLYALALLL_nb_8847,8.7812
FLYALALLL_nb_8849,8.7109
FLYALALLL_nb_885,5.2266
FLYALALLL_nb_8850,14.0312
FLYALALLL_nb_8852,8.7344
FLYALALLL_nb_8853,7.1133
FLYALALLL_nb_8854,9.2812
FLYALALLL_nb_8855,5.3047
FLYALALLL_nb_8856,7.2656
FLYALALLL_nb_8858,6.4922
FLYALALLL_nb_8859,11.2031
FLYALALLL_nb_886,5.9453
FLYALALLL_nb_8860,8.0547
FLYALALLL_nb_8861,9.4844
FLYALALLL_nb_8862,6.7812
FLYALALLL_nb_8864,7.1016
FLYALALLL_nb_8865,8.0156
FLYALALLL_nb_8867,10.2656
FLYALALLL_nb_8868,7.7422
FLYALALLL_nb_8869,9.5625
FLYALALLL_nb_887,8.0078
FLYALALLL_nb_8870,5.4375
FLYALALLL_nb_8872,7.8516
FLYALALLL_nb_8873,9.5156
FLYALALLL_nb_8876,11.4219
FLYALALLL_nb_8877,11.1484
FLYALALLL_nb_8879,6.7188
FLYALALLL_nb_888,5.4375
FLYALALLL_nb_8880,6.6133
FLYALALLL_nb_8881,8.5312
FLYALALLL_nb_8883,7.1484
FLYALALLL_nb_8884,4.957
FLYALALLL_nb_8885,8.4531
FLYALALLL_nb_8887,9.2734
FLYALALLL_nb_8889,7.9141
FLYALALLL_nb_889,5.625
FLYALALLL_nb_8890,9.5547
FLYALALLL_nb_8892,7.0234
FLYALALLL_nb_8893,8.0234
FLYALALLL_nb_8894,5.875
FLYALALLL_nb_8895,8.8828
FLYALALLL_nb_8896,9.0625
FLYALALLL_nb_8897,7.8281
FLYALALLL_nb_8898,10.0
FLYALALLL_nb_8899,8.6094
FLYALALLL_nb_890,6.7734
FLYALALLL_nb_8900,8.75
FLYALALLL_nb_8902,5.9219
FLYALALLL_nb_8903,9.1719
FLYALALLL_nb_8904,7.6875
FLYALALLL_nb_8905,7.9336
FLYALALLL_nb_8908,8.0938
FLYALALLL_nb_8909,11.0312
FLYALALLL_nb_8911,9.0625
FLYALALLL_nb_8912,6.0664
FLYALALLL_nb_8914,9.1719
FLYALALLL_nb_8916,7.1953
FLYALALLL_nb_8917,7.1758
FLYALALLL_nb_8918,10.7969
FLYALALLL_nb_8919,14.2188
FLYALALLL_nb_892,8.0156
FLYALALLL_nb_8921,6.2812
FLYALALLL_nb_8924,8.1797
FLYALALLL_nb_8925,11.1719
FLYALALLL_nb_8926,8.5156
FLYALALLL_nb_8927,5.7109
FLYALALLL_nb_8929,7.6562
FLYALALLL_nb_8932,10.3359
FLYALALLL_nb_8933,10.7891
FLYALALLL_nb_8935,7.7539
FLYALALLL_nb_8936,8.25
FLYALALLL_nb_8939,10.4297
FLYALALLL_nb_894,7.5938
FLYALALLL_nb_8940,6.5703
FLYALALLL_nb_8941,7.043
FLYALALLL_nb_8942,5.5898
FLYALALLL_nb_8943,9.625
FLYALALLL_nb_8944,9.1719
FLYALALLL_nb_8946,7.3086
FLYALALLL_nb_8947,6.3906
FLYALALLL_nb_8948,11.3984
FLYALALLL_nb_8949,6.4648
FLYALALLL_nb_895,6.8867
FLYALALLL_nb_8951,7.6953
FLYALALLL_nb_8952,9.2969
FLYALALLL_nb_8954,6.1328
FLYALALLL_nb_8955,14.6562
FLYALALLL_nb_8957,7.7617
FLYALALLL_nb_8959,7.9102
FLYALALLL_nb_8961,5.1797
FLYALALLL_nb_8962,8.2812
FLYALALLL_nb_8963,9.6562
FLYALALLL_nb_8964,5.6406
FLYALALLL_nb_8965,8.2656
FLYALALLL_nb_8967,11.4531
FLYALALLL_nb_8968,9.8125
FLYALALLL_nb_8969,9.2969
FLYALALLL_nb_8970,8.5469
FLYALALLL_nb_8971,8.3516
FLYALALLL_nb_8972,5.5
FLYALALLL_nb_8973,9.6875
FLYALALLL_nb_8974,11.8125
FLYALALLL_nb_8975,6.9219
FLYALALLL_nb_8976,7.3594
FLYALALLL_nb_8977,6.7266
FLYALALLL_nb_898,4.4336
FLYALALLL_nb_8980,7.2266
FLYALALLL_nb_8984,6.7656
FLYALALLL_nb_8985,8.0938
FLYALALLL_nb_8986,10.0156
FLYALALLL_nb_8988,9.4922
FLYALALLL_nb_8989,9.8281
FLYALALLL_nb_899,5.2031
FLYALALLL_nb_8990,12.8594
FLYALALLL_nb_8991,8.4531
FLYALALLL_nb_8993,4.7227
FLYALALLL_nb_8996,6.6953
FLYALALLL_nb_8997,7.8125
FLYALALLL_nb_8998,5.9336
FLYALALLL_nb_900,8.8672
FLYALALLL_nb_9000,9.7812
FLYALALLL_nb_9004,5.2344
FLYALALLL_nb_9005,7.8047
FLYALALLL_nb_9007,9.8906
FLYALALLL_nb_9011,7.0078
FLYALALLL_nb_9013,6.9375
FLYALALLL_nb_9014,7.5703
FLYALALLL_nb_9016,7.5391
FLYALALLL_nb_9017,6.6719
FLYALALLL_nb_9019,8.1406
FLYALALLL_nb_902,6.4922
FLYALALLL_nb_9020,7.2031
FLYALALLL_nb_9021,6.8047
FLYALALLL_nb_9023,9.7031
FLYALALLL_nb_9024,7.8555
FLYALALLL_nb_9026,13.8906
FLYALALLL_nb_9028,7.0234
FLYALALLL_nb_903,8.5469
FLYALALLL_nb_9030,5.8672
FLYALALLL_nb_9031,7.5156
FLYALALLL_nb_9032,8.0625
FLYALALLL_nb_9033,6.9688
FLYALALLL_nb_9034,9.9062
FLYALALLL_nb_9035,5.6484
FLYALALLL_nb_9036,7.9062
FLYALALLL_nb_9037,8.3984
FLYALALLL_nb_904,10.1016
FLYALALLL_nb_9041,8.6406
FLYALALLL_nb_9042,6.3984
FLYALALLL_nb_9044,6.9297
FLYALALLL_nb_9048,12.3281
FLYALALLL_nb_9049,8.7109
FLYALALLL_nb_905,14.5781
FLYALALLL_nb_9050,9.3594
FLYALALLL_nb_9051,8.9609
FLYALALLL_nb_9054,7.3711
FLYALALLL_nb_9059,14.6328
FLYALALLL_nb_906,8.5234
FLYALALLL_nb_9060,7.5234
FLYALALLL_nb_9061,7.5312
FLYALALLL_nb_9062,10.9375
FLYALALLL_nb_9063,7.4609
FLYALALLL_nb_9065,7.7383
FLYALALLL_nb_9066,7.3984
FLYALALLL_nb_9068,10.3203
FLYALALLL_nb_9069,6.875
FLYALALLL_nb_9070,8.1875
FLYALALLL_nb_9071,10.6484
FLYALALLL_nb_9072,5.6797
FLYALALLL_nb_9074,11.75
FLYALALLL_nb_9076,8.1953
FLYALALLL_nb_9077,6.8828
FLYALALLL_nb_9078,7.6172
FLYALALLL_nb_9079,6.4531
FLYALALLL_nb_908,4.3438
FLYALALLL_nb_9080,9.7734
FLYALALLL_nb_9081,12.2812
FLYALALLL_nb_9082,11.3906
FLYALALLL_nb_9084,6.5703
FLYALALLL_nb_9086,7.9141
FLYALALLL_nb_9087,9.2578
FLYALALLL_nb_9088,9.3828
FLYALALLL_nb_9089,10.1094
FLYALALLL_nb_909,10.9531
FLYALALLL_nb_9090,8.75
FLYALALLL_nb_9092,9.375
FLYALALLL_nb_9093,8.4141
FLYALALLL_nb_9094,11.8594
FLYALALLL_nb_9095,6.4375
FLYALALLL_nb_9096,11.7578
FLYALALLL_nb_9099,10.375
FLYALALLL_nb_910,4.625
FLYALALLL_nb_9100,6.5781
FLYALALLL_nb_9101,7.0156
FLYALALLL_nb_9102,8.3125
FLYALALLL_nb_9105,8.9375
FLYALALLL_nb_9106,7.9648
FLYALALLL_nb_9107,7.4414
FLYALALLL_nb_9109,7.6562
FLYALALLL_nb_911,9.3438
FLYALALLL_nb_9115,9.4844
FLYALALLL_nb_9116,8.4062
FLYALALLL_nb_9118,6.7266
FLYALALLL_nb_9119,7.5781
FLYALALLL_nb_9120,8.0312
FLYALALLL_nb_9124,8.2812
FLYALALLL_nb_9126,11.3516
FLYALALLL_nb_9127,7.9922
FLYALALLL_nb_9129,11.4062
FLYALALLL_nb_913,5.0781
FLYALALLL_nb_9130,6.8359
FLYALALLL_nb_9131,7.6484
FLYALALLL_nb_9133,4.2422
FLYALALLL_nb_9134,7.6133
FLYALALLL_nb_9135,9.2812
FLYALALLL_nb_9136,7.4609
FLYALALLL_nb_9137,8.0781
FLYALALLL_nb_9138,6.7109
FLYALALLL_nb_9139,6.8203
FLYALALLL_nb_914,6.7031
FLYALALLL_nb_9141,10.75
FLYALALLL_nb_9142,6.2461
FLYALALLL_nb_9146,8.3594
FLYALALLL_nb_9147,7.4883
FLYALALLL_nb_9149,7.5234
FLYALALLL_nb_915,5.8047
FLYALALLL_nb_9151,7.2109
FLYALALLL_nb_9152,8.8906
FLYALALLL_nb_9153,6.3438
FLYALALLL_nb_9154,7.8516
FLYALALLL_nb_9155,7.2031
FLYALALLL_nb_9157,5.3359
FLYALALLL_nb_9158,9.9844
FLYALALLL_nb_9159,7.2266
FLYALALLL_nb_916,6.4805
FLYALALLL_nb_9160,9.7031
FLYALALLL_nb_9162,7.9414
FLYALALLL_nb_9163,8.0781
FLYALALLL_nb_9165,10.5312
FLYALALLL_nb_9166,7.8398
FLYALALLL_nb_9167,3.7812
FLYALALLL_nb_9172,11.6875
FLYALALLL_nb_9173,6.5625
FLYALALLL_nb_9175,8.5312
FLYALALLL_nb_9177,7.2578
FLYALALLL_nb_9178,9.5312
FLYALALLL_nb_918,12.8125
FLYALALLL_nb_9181,7.875
FLYALALLL_nb_9182,5.8594
FLYALALLL_nb_9183,7.1016
FLYALALLL_nb_9184,10.125
FLYALALLL_nb_9185,7.8594
FLYALALLL_nb_9186,9.5938
FLYALALLL_nb_9187,9.5156
FLYALALLL_nb_9188,8.8906
FLYALALLL_nb_9189,7.6953
FLYALALLL_nb_919,8.0469
FLYALALLL_nb_9191,6.6328
FLYALALLL_nb_9192,7.9922
FLYALALLL_nb_9193,5.8125
FLYALALLL_nb_9194,6.6367
FLYALALLL_nb_9196,7.7227
FLYALALLL_nb_9197,9.4844
FLYALALLL_nb_9198,10.7344
FLYALALLL_nb_9199,11.5234
FLYALALLL_nb_920,8.4297
FLYALALLL_nb_9200,6.5312
FLYALALLL_nb_9202,7.2383
FLYALALLL_nb_9203,8.7344
FLYALALLL_nb_9206,13.625
FLYALALLL_nb_921,5.5312
FLYALALLL_nb_9210,8.0781
FLYALALLL_nb_9212,6.1758
FLYALALLL_nb_9213,10.0
FLYALALLL_nb_9214,7.9219
FLYALALLL_nb_9215,7.5859
FLYALALLL_nb_9216,8.2656
FLYALALLL_nb_9217,6.8672
FLYALALLL_nb_9218,7.0234
FLYALALLL_nb_9219,9.6641
FLYALALLL_nb_9221,6.293
FLYALALLL_nb_9222,8.1719
FLYALALLL_nb_9223,8.0469
FLYALALLL_nb_9226,8.0312
FLYALALLL_nb_9227,8.4531
FLYALALLL_nb_9228,9.3047
FLYALALLL_nb_9230,10.1875
FLYALALLL_nb_9231,4.6016
FLYALALLL_nb_9232,6.0039
FLYALALLL_nb_9236,7.2539
FLYALALLL_nb_9238,9.9297
FLYALALLL_nb_9239,7.8047
FLYALALLL_nb_924,7.3008
FLYALALLL_nb_9241,8.2812
FLYALALLL_nb_925,4.8594
FLYALALLL_nb_926,7.4219
FLYALALLL_nb_927,8.2656
FLYALALLL_nb_928,7.1445
FLYALALLL_nb_929,4.3594
FLYALALLL_nb_931,4.3594
FLYALALLL_nb_932,8.75
FLYALALLL_nb_935,6.7188
FLYALALLL_nb_937,7.7461
FLYALALLL_nb_939,7.7539
FLYALALLL_nb_941,5.1953
FLYALALLL_nb_944,8.3438
FLYALALLL_nb_945,10.7188
FLYALALLL_nb_946,8.2031
FLYALALLL_nb_947,7.668
FLYALALLL_nb_948,4.3594
FLYALALLL_nb_950,8.8594
FLYALALLL_nb_951,4.5781
FLYALALLL_nb_952,7.2969
FLYALALLL_nb_953,5.1953
FLYALALLL_nb_954,7.8555
FLYALALLL_nb_955,10.0781
FLYALALLL_nb_956,5.5156
FLYALALLL_nb_958,9.6875
FLYALALLL_nb_959,8.6875
FLYALALLL_nb_960,7.8203
FLYALALLL_nb_961,7.6758
FLYALALLL_nb_962,5.1094
FLYALALLL_nb_963,8.7812
FLYALALLL_nb_964,9.2031
FLYALALLL_nb_965,8.625
FLYALALLL_nb_966,6.1641
FLYALALLL_nb_967,7.3828
FLYALALLL_nb_968,5.3906
FLYALALLL_nb_969,6.4297
FLYALALLL_nb_971,6.2812
FLYALALLL_nb_972,4.8477
FLYALALLL_nb_974,6.707
FLYALALLL_nb_975,8.6094
FLYALALLL_nb_976,4.5
FLYALALLL_nb_977,8.5312
FLYALALLL_nb_980,8.2656
FLYALALLL_nb_982,7.9844
FLYALALLL_nb_983,6.5469
FLYALALLL_nb_984,4.8672
FLYALALLL_nb_985,6.9062
FLYALALLL_nb_986,12.0781
FLYALALLL_nb_987,7.3047
FLYALALLL_nb_988,9.8906
FLYALALLL_nb_989,5.7969
FLYALALLL_nb_990,5.457
FLYALALLL_nb_991,8.4688
FLYALALLL_nb_992,4.5781
FLYALALLL_nb_993,4.4688
FLYALALLL_nb_996,10.2422
FLYALALLL_nb_997,11.9219
FLYALALLL_nb_999,5.5781
GILGFVFTL_1,4.9727
GILGFVFTL_10,1.9854
GILGFVFTL_100,8.7656
GILGFVFTL_1003,3.2812
GILGFVFTL_1004,1.8965
GILGFVFTL_1007,4.875
GILGFVFTL_1009,4.3086
GILGFVFTL_101,4.2812
GILGFVFTL_1012,8.2656
GILGFVFTL_1013,4.3438
GILGFVFTL_1014,4.3203
GILGFVFTL_1015,1.9854
GILGFVFTL_1016,1.7637
GILGFVFTL_1017,7.6875
GILGFVFTL_1018,5.4102
GILGFVFTL_102,2.168
GILGFVFTL_1020,3.1992
GILGFVFTL_1023,4.9805
GILGFVFTL_1024,5.0195
GILGFVFTL_1025,3.5605
GILGFVFTL_1026,2.9531
GILGFVFTL_103,7.5
GILGFVFTL_1031,1.7969
GILGFVFTL_1032,1.9834
GILGFVFTL_1036,2.1582
GILGFVFTL_1038,2.707
GILGFVFTL_1039,3.416
GILGFVFTL_104,1.8555
GILGFVFTL_1040,1.9854
GILGFVFTL_1041,4.2148
GILGFVFTL_1042,1.7637
GILGFVFTL_1043,3.5586
GILGFVFTL_1044,3.3164
GILGFVFTL_1045,2.4141
GILGFVFTL_1046,3.8594
GILGFVFTL_1047,4.9766
GILGFVFTL_1049,5.2891
GILGFVFTL_105,11.0
GILGFVFTL_1050,2.5859
GILGFVFTL_1051,6.1094
GILGFVFTL_1052,3.6621
GILGFVFTL_1053,5.8672
GILGFVFTL_1054,1.9854
GILGFVFTL_1055,3.1055
GILGFVFTL_1056,6.2344
GILGFVFTL_1057,4.5234
GILGFVFTL_1058,4.9766
GILGFVFTL_1059,5.0703
GILGFVFTL_106,3.082
GILGFVFTL_1060,3.4062
GILGFVFTL_1061,3.1211
GILGFVFTL_1064,1.8965
GILGFVFTL_1066,1.7979
GILGFVFTL_1069,6.0938
GILGFVFTL_1070,4.9062
GILGFVFTL_1074,2.3867
GILGFVFTL_1076,6.8477
GILGFVFTL_1077,4.2539
GILGFVFTL_1078,2.9512
GILGFVFTL_1079,5.6953
GILGFVFTL_108,4.0273
GILGFVFTL_1080,3.8535
GILGFVFTL_1081,4.9297
GILGFVFTL_1083,4.2188
GILGFVFTL_1084,1.9854
GILGFVFTL_1085,1.9854
GILGFVFTL_1086,2.9961
GILGFVFTL_1089,1.7637
GILGFVFTL_1090,6.75
GILGFVFTL_1091,8.2266
GILGFVFTL_1092,3.125
GILGFVFTL_1093,4.4609
GILGFVFTL_1095,5.7812
GILGFVFTL_1096,3.4141
GILGFVFTL_1098,4.8516
GILGFVFTL_1099,4.7188
GILGFVFTL_11,8.125
GILGFVFTL_1100,3.8477
GILGFVFTL_1102,4.0078
GILGFVFTL_1103,7.1211
GILGFVFTL_1104,4.6836
GILGFVFTL_1105,10.2188
GILGFVFTL_1106,3.1328
GILGFVFTL_1107,1.9004
GILGFVFTL_111,2.0566
GILGFVFTL_1110,2.7578
GILGFVFTL_1112,2.9004
GILGFVFTL_1113,3.1934
GILGFVFTL_1114,1.8691
GILGFVFTL_1115,4.4375
GILGFVFTL_1116,8.8047
GILGFVFTL_1119,4.0859
GILGFVFTL_112,3.7051
GILGFVFTL_1120,3.8789
GILGFVFTL_1122,3.4766
GILGFVFTL_1123,2.3008
GILGFVFTL_1124,5.5234
GILGFVFTL_1126,2.6113
GILGFVFTL_1127,2.3906
GILGFVFTL_1128,5.0234
GILGFVFTL_1129,1.7979
GILGFVFTL_113,3.5859
GILGFVFTL_1130,3.7656
GILGFVFTL_1131,5.6875
GILGFVFTL_1132,5.1484
GILGFVFTL_1134,3.1992
GILGFVFTL_1135,3.2344
GILGFVFTL_1136,4.5586
GILGFVFTL_1138,2.7168
GILGFVFTL_1140,3.1855
GILGFVFTL_1144,1.9512
GILGFVFTL_1145,3.4141
GILGFVFTL_1146,2.3945
GILGFVFTL_1149,4.9258
GILGFVFTL_115,7.5234
GILGFVFTL_1150,5.0234
GILGFVFTL_1151,3.4043
GILGFVFTL_1153,1.9854
GILGFVFTL_1155,3.1172
GILGFVFTL_1156,4.1094
GILGFVFTL_1158,2.3359
GILGFVFTL_1161,5.4297
GILGFVFTL_1162,3.0195
GILGFVFTL_1163,4.1875
GILGFVFTL_1164,2.0645
GILGFVFTL_1169,2.8418
GILGFVFTL_117,1.7979
GILGFVFTL_1171,9.25
GILGFVFTL_1172,2.6094
GILGFVFTL_1173,5.9922
GILGFVFTL_1174,5.0781
GILGFVFTL_1175,3.5469
GILGFVFTL_1176,3.0742
GILGFVFTL_1177,4.5586
GILGFVFTL_1178,4.3672
GILGFVFTL_118,4.2891
GILGFVFTL_1180,3.8691
GILGFVFTL_1181,1.9854
GILGFVFTL_1182,4.4414
GILGFVFTL_1183,2.7383
GILGFVFTL_1184,2.3008
GILGFVFTL_1185,4.3477
GILGFVFTL_1187,5.7344
GILGFVFTL_1188,3.207
GILGFVFTL_1189,3.9102
GILGFVFTL_119,3.7129
GILGFVFTL_1190,1.6895
GILGFVFTL_1193,2.8418
GILGFVFTL_1194,3.5254
GILGFVFTL_1195,4.2148
GILGFVFTL_1196,5.0078
GILGFVFTL_1197,1.8232
GILGFVFTL_1198,2.9863
GILGFVFTL_1199,2.9805
GILGFVFTL_12,4.1953
GILGFVFTL_120,3.4766
GILGFVFTL_1201,8.4219
GILGFVFTL_1202,6.4609
GILGFVFTL_1205,2.6094
GILGFVFTL_1206,2.1582
GILGFVFTL_1207,4.8867
GILGFVFTL_1209,3.6914
GILGFVFTL_121,3.8984
GILGFVFTL_1210,3.041
GILGFVFTL_1211,9.5938
GILGFVFTL_1215,3.2422
GILGFVFTL_1216,6.4141
GILGFVFTL_1217,3.9023
GILGFVFTL_1218,6.625
GILGFVFTL_1219,9.4062
GILGFVFTL_122,2.3008
GILGFVFTL_1221,3.3164
GILGFVFTL_1223,8.1172
GILGFVFTL_1226,4.0547
GILGFVFTL_1227,5.3516
GILGFVFTL_1228,6.4219
GILGFVFTL_1229,4.8047
GILGFVFTL_123,4.3203
GILGFVFTL_1230,7.1875
GILGFVFTL_1231,5.1875
GILGFVFTL_1233,2.3867
GILGFVFTL_1234,2.6094
GILGFVFTL_1235,10.6797
GILGFVFTL_1236,3.5195
GILGFVFTL_1237,2.9922
GILGFVFTL_1239,1.7637
GILGFVFTL_124,3.9062
GILGFVFTL_1243,1.6895
GILGFVFTL_1245,6.9453
GILGFVFTL_1246,4.0
GILGFVFTL_1247,5.8906
GILGFVFTL_1248,3.0234
GILGFVFTL_1249,2.5117
GILGFVFTL_125,2.3301
GILGFVFTL_1251,1.9854
GILGFVFTL_1252,2.3945
GILGFVFTL_1257,3.3906
GILGFVFTL_1258,3.2988
GILGFVFTL_1259,2.5801
GILGFVFTL_126,6.2891
GILGFVFTL_1260,3.5469
GILGFVFTL_1263,3.6016
GILGFVFTL_1264,4.707
GILGFVFTL_1265,3.375
GILGFVFTL_1266,3.1465
GILGFVFTL_1267,4.3203
GILGFVFTL_1269,4.8164
GILGFVFTL_1270,3.6074
GILGFVFTL_1272,4.9336
GILGFVFTL_1273,3.4023
GILGFVFTL_1274,3.6016
GILGFVFTL_1275,1.9854
GILGFVFTL_1276,7.8984
GILGFVFTL_1277,4.6172
GILGFVFTL_1278,7.6562
GILGFVFTL_1279,6.7266
GILGFVFTL_128,6.5859
GILGFVFTL_1280,7.6562
GILGFVFTL_1282,4.7266
GILGFVFTL_1284,3.4922
GILGFVFTL_1286,2.6094
GILGFVFTL_1287,4.2812
GILGFVFTL_1289,4.2266
GILGFVFTL_129,3.0215
GILGFVFTL_1290,5.6445
GILGFVFTL_1291,4.5078
GILGFVFTL_1292,2.457
GILGFVFTL_1293,3.0801
GILGFVFTL_1295,3.5938
GILGFVFTL_1297,1.8672
GILGFVFTL_1298,5.2422
GILGFVFTL_130,3.957
GILGFVFTL_1300,4.0859
GILGFVFTL_1301,2.5742
GILGFVFTL_1302,2.7578
GILGFVFTL_1303,1.9854
GILGFVFTL_1304,5.2734
GILGFVFTL_1305,4.9336
GILGFVFTL_1306,3.6719
GILGFVFTL_1307,5.0039
GILGFVFTL_1308,3.1484
GILGFVFTL_1309,3.8438
GILGFVFTL_1311,4.6172
GILGFVFTL_1312,7.6172
GILGFVFTL_1314,2.2734
GILGFVFTL_1316,7.6562
GILGFVFTL_1317,6.5391
GILGFVFTL_1318,1.9854
GILGFVFTL_132,7.0078
GILGFVFTL_1320,1.8691
GILGFVFTL_1323,4.4609
GILGFVFTL_1324,3.4922
GILGFVFTL_1325,7.0859
GILGFVFTL_1326,3.7715
GILGFVFTL_1327,1.9072
GILGFVFTL_1329,3.8828
GILGFVFTL_133,3.957
GILGFVFTL_1330,6.8516
GILGFVFTL_1331,4.2617
GILGFVFTL_1332,1.9072
GILGFVFTL_1333,5.0156
GILGFVFTL_1336,2.7539
GILGFVFTL_1338,3.8672
GILGFVFTL_1339,7.6797
GILGFVFTL_134,2.5996
GILGFVFTL_1340,3.502
GILGFVFTL_1346,3.3164
GILGFVFTL_1348,2.4141
GILGFVFTL_1349,3.2578
GILGFVFTL_135,2.2676
GILGFVFTL_1350,1.9854
GILGFVFTL_1351,1.9141
GILGFVFTL_1352,2.9766
GILGFVFTL_1354,2.0312
GILGFVFTL_1355,4.7734
GILGFVFTL_1356,4.8008
GILGFVFTL_1357,4.2109
GILGFVFTL_1358,2.332
GILGFVFTL_1359,7.25
GILGFVFTL_136,3.8828
GILGFVFTL_1360,5.375
GILGFVFTL_1361,8.3906
GILGFVFTL_1362,5.2148
GILGFVFTL_1363,1.7637
GILGFVFTL_1364,3.377
GILGFVFTL_1365,3.0781
GILGFVFTL_1366,7.6016
GILGFVFTL_1368,3.5312
GILGFVFTL_1369,8.0469
GILGFVFTL_137,4.3359
GILGFVFTL_1372,3.5918
GILGFVFTL_1373,7.3281
GILGFVFTL_1374,4.1133
GILGFVFTL_1375,2.0371
GILGFVFTL_138,3.6289
GILGFVFTL_1380,5.0664
GILGFVFTL_1381,4.0586
GILGFVFTL_1382,7.6562
GILGFVFTL_1383,3.0781
GILGFVFTL_1384,5.4688
GILGFVFTL_1385,3.9746
GILGFVFTL_1386,4.7344
GILGFVFTL_1388,5.9805
GILGFVFTL_1389,3.4922
GILGFVFTL_1390,3.1504
GILGFVFTL_1392,5.9844
GILGFVFTL_1393,4.3789
GILGFVFTL_1395,3.5527
GILGFVFTL_1396,3.4375
GILGFVFTL_1397,4.5234
GILGFVFTL_1398,5.3789
GILGFVFTL_1399,5.8633
GILGFVFTL_14,6.2344
GILGFVFTL_140,4.4922
GILGFVFTL_1401,2.4922
GILGFVFTL_1402,6.6875
GILGFVFTL_1403,5.375
GILGFVFTL_1405,6.0469
GILGFVFTL_1406,7.6875
GILGFVFTL_1407,4.1016
GILGFVFTL_1408,6.2031
GILGFVFTL_1409,1.9316
GILGFVFTL_1410,3.2695
GILGFVFTL_1415,3.8984
GILGFVFTL_1416,7.6133
GILGFVFTL_1417,3.9688
GILGFVFTL_1418,2.7812
GILGFVFTL_1419,3.4922
GILGFVFTL_1420,3.1445
GILGFVFTL_1421,5.5898
GILGFVFTL_1422,3.8789
GILGFVFTL_1423,10.8203
GILGFVFTL_1424,4.6016
GILGFVFTL_1425,12.2969
GILGFVFTL_1426,3.4023
GILGFVFTL_1427,4.957
GILGFVFTL_1428,3.1328
GILGFVFTL_1429,3.4141
GILGFVFTL_1430,5.1641
GILGFVFTL_1431,3.5586
GILGFVFTL_1432,3.543
GILGFVFTL_1435,9.4844
GILGFVFTL_1436,9.625
GILGFVFTL_1441,1.9854
GILGFVFTL_1442,4.1016
GILGFVFTL_1443,7.3906
GILGFVFTL_1444,2.707
GILGFVFTL_1445,4.2188
GILGFVFTL_145,4.4297
GILGFVFTL_1452,4.1758
GILGFVFTL_1453,3.4668
GILGFVFTL_1455,4.0156
GILGFVFTL_1456,2.1582
GILGFVFTL_1457,3.4668
GILGFVFTL_1458,4.0391
GILGFVFTL_1459,5.4453
GILGFVFTL_146,1.9609
GILGFVFTL_1460,4.5469
GILGFVFTL_1461,3.6426
GILGFVFTL_1462,6.9844
GILGFVFTL_1463,1.9473
GILGFVFTL_1464,3.2988
GILGFVFTL_1468,2.293
GILGFVFTL_1469,2.252
GILGFVFTL_147,2.9961
GILGFVFTL_1470,3.584
GILGFVFTL_1471,9.375
GILGFVFTL_1472,4.3672
GILGFVFTL_1473,5.7578
GILGFVFTL_1474,4.0625
GILGFVFTL_1475,8.4922
GILGFVFTL_1476,5.375
GILGFVFTL_1477,3.8086
GILGFVFTL_1478,3.5781
GILGFVFTL_1479,3.582
GILGFVFTL_148,2.7461
GILGFVFTL_1480,4.125
GILGFVFTL_1482,3.8105
GILGFVFTL_1483,8.1875
GILGFVFTL_1484,4.6289
GILGFVFTL_1487,2.166
GILGFVFTL_1489,3.6758
GILGFVFTL_1490,2.1836
GILGFVFTL_1492,2.3867
GILGFVFTL_1493,3.7578
GILGFVFTL_1494,2.8418
GILGFVFTL_1495,4.6406
GILGFVFTL_1497,4.3398
GILGFVFTL_1498,8.7578
GILGFVFTL_1499,1.7637
GILGFVFTL_150,2.7168
GILGFVFTL_1500,3.6094
GILGFVFTL_1501,3.1152
GILGFVFTL_1502,4.3359
GILGFVFTL_1504,6.2539
GILGFVFTL_1505,3.3633
GILGFVFTL_1506,3.0254
GILGFVFTL_1507,14.5078
GILGFVFTL_1508,4.9688
GILGFVFTL_1509,4.25
GILGFVFTL_151,7.0078
GILGFVFTL_1511,4.2344
GILGFVFTL_1512,2.959
GILGFVFTL_1513,2.8359
GILGFVFTL_1515,8.1953
GILGFVFTL_1516,1.9854
GILGFVFTL_1518,5.375
GILGFVFTL_152,2.0469
GILGFVFTL_1520,5.3398
GILGFVFTL_1521,2.6777
GILGFVFTL_1522,6.5625
GILGFVFTL_1524,5.7695
GILGFVFTL_1525,6.2422
GILGFVFTL_1526,5.8516
GILGFVFTL_1528,3.418
GILGFVFTL_1529,4.1016
GILGFVFTL_1530,6.4062
GILGFVFTL_1534,4.3828
GILGFVFTL_1536,3.9609
GILGFVFTL_1537,5.418
GILGFVFTL_1538,1.8691
GILGFVFTL_154,3.6055
GILGFVFTL_1541,3.6738
GILGFVFTL_1542,5.7812
GILGFVFTL_1544,2.8711
GILGFVFTL_1545,7.4531
GILGFVFTL_1546,1.9902
GILGFVFTL_1547,4.2031
GILGFVFTL_1548,1.9541
GILGFVFTL_1550,5.0742
GILGFVFTL_1552,7.3125
GILGFVFTL_1553,3.9805
GILGFVFTL_1556,4.8047
GILGFVFTL_1558,4.7031
GILGFVFTL_156,1.8691
GILGFVFTL_1560,12.125
GILGFVFTL_1561,3.4961
GILGFVFTL_1563,2.918
GILGFVFTL_1566,4.082
GILGFVFTL_1567,1.8232
GILGFVFTL_1568,2.6484
GILGFVFTL_1571,7.7109
GILGFVFTL_1572,4.9766
GILGFVFTL_1573,2.3945
GILGFVFTL_1575,5.375
GILGFVFTL_1579,4.8047
GILGFVFTL_158,3.252
GILGFVFTL_1581,9.0391
GILGFVFTL_1582,3.0938
GILGFVFTL_1583,3.9727
GILGFVFTL_1584,2.9961
GILGFVFTL_1589,4.0195
GILGFVFTL_1590,5.1875
GILGFVFTL_1591,8.2031
GILGFVFTL_1592,2.252
GILGFVFTL_1594,3.3145
GILGFVFTL_1597,9.2656
GILGFVFTL_1598,3.8047
GILGFVFTL_16,4.1328
GILGFVFTL_1600,5.9922
GILGFVFTL_1602,3.0371
GILGFVFTL_1609,4.9688
GILGFVFTL_161,5.3203
GILGFVFTL_1610,4.5
GILGFVFTL_1611,4.332
GILGFVFTL_1613,1.8232
GILGFVFTL_1614,4.6719
GILGFVFTL_1615,7.3125
GILGFVFTL_1617,2.9531
GILGFVFTL_1618,2.1211
GILGFVFTL_1620,7.6562
GILGFVFTL_1621,3.0781
GILGFVFTL_1622,6.4375
GILGFVFTL_1623,2.6094
GILGFVFTL_1624,4.875
GILGFVFTL_1626,5.4414
GILGFVFTL_1627,2.4062
GILGFVFTL_1630,3.0234
GILGFVFTL_1631,1.9854
GILGFVFTL_1633,5.668
GILGFVFTL_1634,3.0508
GILGFVFTL_1635,3.0586
GILGFVFTL_1636,5.832
GILGFVFTL_1637,2.332
GILGFVFTL_1639,11.0469
GILGFVFTL_164,1.7979
GILGFVFTL_1640,3.7168
GILGFVFTL_1641,1.793
GILGFVFTL_1642,2.9492
GILGFVFTL_1643,7.7695
GILGFVFTL_1645,7.0859
GILGFVFTL_1646,7.0195
GILGFVFTL_1647,4.3359
GILGFVFTL_1649,4.5234
GILGFVFTL_1650,4.5117
GILGFVFTL_1651,4.5156
GILGFVFTL_1654,6.0039
GILGFVFTL_1655,9.0312
GILGFVFTL_1656,4.1758
GILGFVFTL_1657,7.6562
GILGFVFTL_1658,10.1797
GILGFVFTL_1659,3.7266
GILGFVFTL_166,2.3945
GILGFVFTL_1660,2.4062
GILGFVFTL_1661,5.2227
GILGFVFTL_167,3.6777
GILGFVFTL_1670,2.0039
GILGFVFTL_1671,8.4688
GILGFVFTL_1673,6.9258
GILGFVFTL_1674,5.0625
GILGFVFTL_1676,3.7949
GILGFVFTL_1677,2.2285
GILGFVFTL_1678,3.2715
GILGFVFTL_1679,3.0586
GILGFVFTL_1680,4.1328
GILGFVFTL_1681,3.7578
GILGFVFTL_1682,9.4844
GILGFVFTL_1683,4.1875
GILGFVFTL_1684,4.4375
GILGFVFTL_1685,3.6543
GILGFVFTL_1686,3.8359
GILGFVFTL_1687,4.2656
GILGFVFTL_1688,4.7031
GILGFVFTL_1689,3.4883
GILGFVFTL_1690,5.6406
GILGFVFTL_1691,2.1328
GILGFVFTL_1693,5.0195
GILGFVFTL_1694,5.2109
GILGFVFTL_1697,6.3867
GILGFVFTL_1698,4.6641
GILGFVFTL_1699,2.4141
GILGFVFTL_170,4.3203
GILGFVFTL_1700,2.1328
GILGFVFTL_1701,3.7852
GILGFVFTL_1703,6.1484
GILGFVFTL_1704,3.7305
GILGFVFTL_1705,6.3828
GILGFVFTL_1707,1.9854
GILGFVFTL_1709,3.7656
GILGFVFTL_171,4.5078
GILGFVFTL_1711,6.0508
GILGFVFTL_1712,9.2188
GILGFVFTL_1713,3.8906
GILGFVFTL_1715,4.082
GILGFVFTL_1716,5.6641
GILGFVFTL_1717,4.1133
GILGFVFTL_1718,3.6289
GILGFVFTL_1719,8.3906
GILGFVFTL_1720,4.5
GILGFVFTL_1721,3.3203
GILGFVFTL_1722,3.6406
GILGFVFTL_1723,1.9473
GILGFVFTL_1725,5.125
GILGFVFTL_1726,1.9854
GILGFVFTL_1728,4.5156
GILGFVFTL_1729,4.3984
GILGFVFTL_173,2.6289
GILGFVFTL_1731,9.5703
GILGFVFTL_1732,3.1914
GILGFVFTL_1733,7.1562
GILGFVFTL_1735,4.375
GILGFVFTL_1736,3.9609
GILGFVFTL_1737,6.9688
GILGFVFTL_1738,2.1602
GILGFVFTL_1739,5.8047
GILGFVFTL_1740,8.0938
GILGFVFTL_1741,3.7949
GILGFVFTL_1743,7.207
GILGFVFTL_1744,13.0781
GILGFVFTL_1745,3.9766
GILGFVFTL_1747,2.6094
GILGFVFTL_1748,1.7637
GILGFVFTL_1749,2.6562
GILGFVFTL_1750,2.8711
GILGFVFTL_1751,4.6016
GILGFVFTL_1752,4.2969
GILGFVFTL_1754,4.6289
GILGFVFTL_1755,7.1094
GILGFVFTL_1756,4.3672
GILGFVFTL_1757,3.7617
GILGFVFTL_1758,2.7812
GILGFVFTL_1759,3.9023
GILGFVFTL_1760,7.3281
GILGFVFTL_1761,2.293
GILGFVFTL_1762,3.7383
GILGFVFTL_1764,1.7637
GILGFVFTL_1765,4.6719
GILGFVFTL_1766,1.7979
GILGFVFTL_1767,3.7793
GILGFVFTL_1768,4.7734
GILGFVFTL_1769,4.0742
GILGFVFTL_1770,4.3984
GILGFVFTL_1772,4.0352
GILGFVFTL_1773,5.3203
GILGFVFTL_1774,3.1328
GILGFVFTL_1775,4.7266
GILGFVFTL_1776,7.1953
GILGFVFTL_1777,2.8203
GILGFVFTL_1784,3.168
GILGFVFTL_1787,5.0898
GILGFVFTL_1789,3.7188
GILGFVFTL_179,6.8828
GILGFVFTL_1790,7.1094
GILGFVFTL_1791,3.1992
GILGFVFTL_1793,3.2344
GILGFVFTL_1794,1.7637
GILGFVFTL_1797,4.3047
GILGFVFTL_1798,4.8672
GILGFVFTL_1799,5.1562
GILGFVFTL_18,1.8545
GILGFVFTL_1800,5.4453
GILGFVFTL_1801,5.668
GILGFVFTL_1803,4.0156
GILGFVFTL_1804,3.1641
GILGFVFTL_1805,3.3008
GILGFVFTL_1807,4.0391
GILGFVFTL_1809,1.9854
GILGFVFTL_1812,8.2969
GILGFVFTL_1813,3.7363
GILGFVFTL_1815,4.2148
GILGFVFTL_1816,5.0
GILGFVFTL_1817,7.5859
GILGFVFTL_1819,4.2109
GILGFVFTL_182,2.2422
GILGFVFTL_1820,3.2773
GILGFVFTL_1821,2.084
GILGFVFTL_1825,3.3594
GILGFVFTL_1828,6.6797
GILGFVFTL_1829,5.0703
GILGFVFTL_183,5.0391
GILGFVFTL_1830,7.9297
GILGFVFTL_1831,1.9854
GILGFVFTL_1832,2.2285
GILGFVFTL_1833,1.9854
GILGFVFTL_1835,3.6914
GILGFVFTL_1836,4.1172
GILGFVFTL_1837,1.7637
GILGFVFTL_1838,3.9297
GILGFVFTL_184,7.4375
GILGFVFTL_1843,4.1133
GILGFVFTL_1845,4.5234
GILGFVFTL_1847,3.9531
GILGFVFTL_1848,7.5234
GILGFVFTL_1849,5.5312
GILGFVFTL_1850,3.5762
GILGFVFTL_1851,4.9219
GILGFVFTL_1852,6.3906
GILGFVFTL_1853,4.3789
GILGFVFTL_1854,4.0469
GILGFVFTL_1855,4.2812
GILGFVFTL_1856,3.5762
GILGFVFTL_1857,3.6543
GILGFVFTL_1858,1.7637
GILGFVFTL_1859,1.9854
GILGFVFTL_1863,2.6777
GILGFVFTL_1864,3.8828
GILGFVFTL_1866,2.3516
GILGFVFTL_1867,8.3281
GILGFVFTL_1868,3.3887
GILGFVFTL_187,8.0
GILGFVFTL_1873,3.0195
GILGFVFTL_1874,4.1367
GILGFVFTL_1875,1.8672
GILGFVFTL_1876,4.375
GILGFVFTL_1877,3.918
GILGFVFTL_1879,5.6406
GILGFVFTL_188,5.2266
GILGFVFTL_1880,2.207
GILGFVFTL_1881,2.4062
GILGFVFTL_1882,4.0078
GILGFVFTL_1883,2.2539
GILGFVFTL_1885,5.2188
GILGFVFTL_1886,4.8555
GILGFVFTL_1887,3.7188
GILGFVFTL_1889,2.4102
GILGFVFTL_1890,4.4297
GILGFVFTL_1891,5.0
GILGFVFTL_1892,4.1875
GILGFVFTL_1893,5.1914
GILGFVFTL_1894,2.1328
GILGFVFTL_1899,5.7344
GILGFVFTL_190,6.5234
GILGFVFTL_1901,5.0195
GILGFVFTL_1902,5.8828
GILGFVFTL_1904,3.2383
GILGFVFTL_1906,3.1523
GILGFVFTL_1907,1.9775
GILGFVFTL_1908,2.2461
GILGFVFTL_1909,1.9316
GILGFVFTL_191,7.3984
GILGFVFTL_1910,4.6641
GILGFVFTL_1911,5.4922
GILGFVFTL_1912,1.7637
GILGFVFTL_1913,2.2188
GILGFVFTL_1914,3.791
GILGFVFTL_1915,4.1562
GILGFVFTL_1917,5.6875
GILGFVFTL_1918,3.4648
GILGFVFTL_1919,5.3828
GILGFVFTL_192,6.2109
GILGFVFTL_1920,5.0195
GILGFVFTL_1921,2.5645
GILGFVFTL_1922,7.1641
GILGFVFTL_1923,6.2891
GILGFVFTL_1924,2.8223
GILGFVFTL_1925,2.1191
GILGFVFTL_1926,6.7109
GILGFVFTL_1927,4.2734
GILGFVFTL_1928,2.252
GILGFVFTL_1929,2.2285
GILGFVFTL_193,2.957
GILGFVFTL_1930,3.5039
GILGFVFTL_1931,4.7422
GILGFVFTL_1933,1.8574
GILGFVFTL_1934,9.5078
GILGFVFTL_1936,3.0684
GILGFVFTL_1937,4.2969
GILGFVFTL_1938,4.0508
GILGFVFTL_194,3.4824
GILGFVFTL_1949,3.3594
GILGFVFTL_1950,3.873
GILGFVFTL_1951,5.6641
GILGFVFTL_1952,3.9297
GILGFVFTL_1953,2.1328
GILGFVFTL_1957,3.125
GILGFVFTL_1959,1.9854
GILGFVFTL_196,1.9854
GILGFVFTL_1960,3.8828
GILGFVFTL_1961,3.5117
GILGFVFTL_1962,6.75
GILGFVFTL_1963,4.2773
GILGFVFTL_1964,7.6484
GILGFVFTL_1965,2.3242
GILGFVFTL_1967,2.793
GILGFVFTL_1968,2.1699
GILGFVFTL_1969,11.8438
GILGFVFTL_1970,2.4961
GILGFVFTL_1971,3.791
GILGFVFTL_1972,2.8711
GILGFVFTL_1973,4.1289
GILGFVFTL_1974,9.5781
GILGFVFTL_1975,4.25
GILGFVFTL_1977,3.7363
GILGFVFTL_1979,3.1523
GILGFVFTL_198,4.9297
GILGFVFTL_1981,3.8418
GILGFVFTL_1983,1.9766
GILGFVFTL_1984,1.8027
GILGFVFTL_1986,1.7637
GILGFVFTL_1987,5.0312
GILGFVFTL_1988,3.5215
GILGFVFTL_199,3.4453
GILGFVFTL_1990,4.0508
GILGFVFTL_1991,5.0039
GILGFVFTL_1993,6.3516
GILGFVFTL_1994,9.1719
GILGFVFTL_1997,4.9453
GILGFVFTL_1998,5.3516
GILGFVFTL_1999,3.8555
GILGFVFTL_2,3.8203
GILGFVFTL_2001,7.5859
GILGFVFTL_2002,2.6113
GILGFVFTL_2003,5.3438
GILGFVFTL_2004,4.9062
GILGFVFTL_2006,3.4531
GILGFVFTL_2008,3.7578
GILGFVFTL_2009,3.1035
GILGFVFTL_201,5.0234
GILGFVFTL_2010,4.125
GILGFVFTL_2011,3.627
GILGFVFTL_2012,5.3789
GILGFVFTL_2015,3.4961
GILGFVFTL_2016,6.4883
GILGFVFTL_2017,3.7246
GILGFVFTL_2018,10.1406
GILGFVFTL_2019,5.1875
GILGFVFTL_2020,1.9473
GILGFVFTL_2021,4.8281
GILGFVFTL_2022,5.4062
GILGFVFTL_2023,3.0781
GILGFVFTL_2024,2.207
GILGFVFTL_2026,13.9375
GILGFVFTL_2027,5.8828
GILGFVFTL_2028,3.5195
GILGFVFTL_2029,2.5508
GILGFVFTL_203,3.8984
GILGFVFTL_2030,2.1992
GILGFVFTL_2031,10.5938
GILGFVFTL_2032,2.8945
GILGFVFTL_2034,2.3945
GILGFVFTL_2036,6.4844
GILGFVFTL_2037,10.4219
GILGFVFTL_2038,4.8477
GILGFVFTL_2039,3.2773
GILGFVFTL_204,1.8555
GILGFVFTL_2040,2.8711
GILGFVFTL_2042,2.6621
GILGFVFTL_2043,8.0938
GILGFVFTL_2044,3.2715
GILGFVFTL_2045,2.4551
GILGFVFTL_2046,3.1914
GILGFVFTL_2047,4.5781
GILGFVFTL_2048,9.375
GILGFVFTL_2049,3.8711
GILGFVFTL_2050,5.7695
GILGFVFTL_2051,3.293
GILGFVFTL_2052,5.2227
GILGFVFTL_2053,3.5703
GILGFVFTL_2055,2.707
GILGFVFTL_2056,2.9648
GILGFVFTL_2057,3.0234
GILGFVFTL_2058,5.4922
GILGFVFTL_2059,2.2188
GILGFVFTL_206,4.6172
GILGFVFTL_2060,3.5488
GILGFVFTL_2061,3.082
GILGFVFTL_2062,4.6875
GILGFVFTL_2063,1.793
GILGFVFTL_2064,4.0664
GILGFVFTL_2065,4.6055
GILGFVFTL_2066,4.3555
GILGFVFTL_2067,3.9473
GILGFVFTL_2068,3.4922
GILGFVFTL_2069,3.2383
GILGFVFTL_2071,4.7148
GILGFVFTL_2072,3.5234
GILGFVFTL_2074,7.9688
GILGFVFTL_2075,11.75
GILGFVFTL_2077,12.125
GILGFVFTL_2078,4.7227
GILGFVFTL_2079,2.9961
GILGFVFTL_208,3.5938
GILGFVFTL_2082,1.9854
GILGFVFTL_2083,3.084
GILGFVFTL_2084,4.0781
GILGFVFTL_2085,5.75
GILGFVFTL_2086,3.3594
GILGFVFTL_2087,2.2734
GILGFVFTL_2089,4.2969
GILGFVFTL_209,5.0703
GILGFVFTL_2090,3.1562
GILGFVFTL_2094,3.9453
GILGFVFTL_2096,3.5254
GILGFVFTL_2098,7.8047
GILGFVFTL_2099,2.8086
GILGFVFTL_21,8.3281
GILGFVFTL_2100,8.9688
GILGFVFTL_2101,3.918
GILGFVFTL_2103,4.4648
GILGFVFTL_2104,5.3086
GILGFVFTL_2105,5.4531
GILGFVFTL_2106,3.3008
GILGFVFTL_2107,3.584
GILGFVFTL_2108,1.9316
GILGFVFTL_211,4.0625
GILGFVFTL_2110,7.8711
GILGFVFTL_2111,3.5195
GILGFVFTL_2112,4.1016
GILGFVFTL_2113,3.9766
GILGFVFTL_2114,9.875
GILGFVFTL_2115,1.9092
GILGFVFTL_2116,4.9453
GILGFVFTL_2117,4.0469
GILGFVFTL_2118,4.9805
GILGFVFTL_2119,3.1914
GILGFVFTL_212,6.5469
GILGFVFTL_2120,5.8359
GILGFVFTL_2121,5.2227
GILGFVFTL_2122,3.3652
GILGFVFTL_2124,3.9531
GILGFVFTL_2126,5.1562
GILGFVFTL_2127,8.625
GILGFVFTL_2128,3.7812
GILGFVFTL_213,4.1484
GILGFVFTL_2130,3.8926
GILGFVFTL_2131,1.7637
GILGFVFTL_2132,5.1875
GILGFVFTL_2135,2.6172
GILGFVFTL_2136,4.3398
GILGFVFTL_2138,5.418
GILGFVFTL_2139,3.5234
GILGFVFTL_2140,3.373
GILGFVFTL_2141,6.9492
GILGFVFTL_2142,2.4062
GILGFVFTL_2144,4.1914
GILGFVFTL_2145,4.5078
GILGFVFTL_215,1.9854
GILGFVFTL_2151,3.6211
GILGFVFTL_2153,5.2891
GILGFVFTL_2154,4.6016
GILGFVFTL_2155,6.5273
GILGFVFTL_2156,9.8125
GILGFVFTL_2157,2.4062
GILGFVFTL_2158,7.9727
GILGFVFTL_216,4.6367
GILGFVFTL_2161,4.7266
GILGFVFTL_2163,5.3906
GILGFVFTL_2164,5.5312
GILGFVFTL_2166,3.125
GILGFVFTL_2167,5.4609
GILGFVFTL_2168,3.9141
GILGFVFTL_217,4.418
GILGFVFTL_2172,2.3047
GILGFVFTL_2173,2.5391
GILGFVFTL_2174,6.5391
GILGFVFTL_2175,6.7422
GILGFVFTL_2176,2.6094
GILGFVFTL_2177,4.2812
GILGFVFTL_2178,7.8203
GILGFVFTL_2179,2.5254
GILGFVFTL_218,3.582
GILGFVFTL_2180,3.6211
GILGFVFTL_2181,4.8164
GILGFVFTL_2183,6.4922
GILGFVFTL_2186,4.0977
GILGFVFTL_2188,3.3008
GILGFVFTL_2189,13.2031
GILGFVFTL_219,5.0898
GILGFVFTL_2190,4.5898
GILGFVFTL_2191,5.6797
GILGFVFTL_2192,3.1055
GILGFVFTL_2193,4.3359
GILGFVFTL_2194,3.4297
GILGFVFTL_2195,3.9805
GILGFVFTL_2196,4.3516
GILGFVFTL_2197,9.1406
GILGFVFTL_2198,3.4922
GILGFVFTL_2199,3.0391
GILGFVFTL_22,3.5586
GILGFVFTL_220,7.9062
GILGFVFTL_2200,4.6562
GILGFVFTL_2203,3.6426
GILGFVFTL_2204,8.2266
GILGFVFTL_2205,4.625
GILGFVFTL_2207,8.7109
GILGFVFTL_2208,4.2031
GILGFVFTL_221,4.6875
GILGFVFTL_2210,2.9648
GILGFVFTL_2211,4.0781
GILGFVFTL_2212,1.7637
GILGFVFTL_2217,6.6484
GILGFVFTL_2218,3.2715
GILGFVFTL_2219,3.8359
GILGFVFTL_222,1.9609
GILGFVFTL_2221,11.3906
GILGFVFTL_2222,7.3828
GILGFVFTL_2223,3.5645
GILGFVFTL_2224,6.3281
GILGFVFTL_2225,1.8027
GILGFVFTL_2226,5.8047
GILGFVFTL_2227,2.252
GILGFVFTL_2230,11.7891
GILGFVFTL_2231,1.7637
GILGFVFTL_2232,4.3516
GILGFVFTL_2233,3.7891
GILGFVFTL_2234,2.543
GILGFVFTL_2235,5.5273
GILGFVFTL_2236,4.668
GILGFVFTL_2237,5.3828
GILGFVFTL_224,5.9883
GILGFVFTL_2242,4.8438
GILGFVFTL_2246,4.6953
GILGFVFTL_2247,4.7773
GILGFVFTL_2249,8.3125
GILGFVFTL_225,5.457
GILGFVFTL_2250,4.2109
GILGFVFTL_2253,5.5117
GILGFVFTL_2254,6.4609
GILGFVFTL_2255,4.957
GILGFVFTL_2256,6.8594
GILGFVFTL_2257,5.0469
GILGFVFTL_2258,3.7578
GILGFVFTL_2259,4.6289
GILGFVFTL_226,4.3438
GILGFVFTL_2260,6.3086
GILGFVFTL_2261,8.4297
GILGFVFTL_2262,4.8047
GILGFVFTL_2264,4.7188
GILGFVFTL_2265,4.543
GILGFVFTL_2267,3.1055
GILGFVFTL_2268,5.3789
GILGFVFTL_2269,3.9785
GILGFVFTL_2270,7.0781
GILGFVFTL_2271,2.1582
GILGFVFTL_2272,2.7363
GILGFVFTL_2273,4.9688
GILGFVFTL_2274,4.9648
GILGFVFTL_2275,2.5469
GILGFVFTL_2276,8.7266
GILGFVFTL_2278,3.8828
GILGFVFTL_2279,4.8477
GILGFVFTL_228,7.7188
GILGFVFTL_2280,3.293
GILGFVFTL_2281,3.8086
GILGFVFTL_2282,4.4219
GILGFVFTL_2284,4.0117
GILGFVFTL_2286,5.4609
GILGFVFTL_2288,3.2969
GILGFVFTL_2289,2.2305
GILGFVFTL_229,4.9766
GILGFVFTL_2290,4.5273
GILGFVFTL_2291,3.1836
GILGFVFTL_2294,7.3711
GILGFVFTL_2295,6.5391
GILGFVFTL_2296,2.0234
GILGFVFTL_2297,4.2344
GILGFVFTL_2299,5.0273
GILGFVFTL_23,7.582
GILGFVFTL_230,4.5234
GILGFVFTL_2301,2.9414
GILGFVFTL_2307,5.043
GILGFVFTL_2309,5.0156
GILGFVFTL_231,3.7754
GILGFVFTL_2310,2.8203
GILGFVFTL_2312,4.6016
GILGFVFTL_2313,2.3945
GILGFVFTL_2316,1.9854
GILGFVFTL_2317,3.2871
GILGFVFTL_2322,3.1914
GILGFVFTL_2325,5.75
GILGFVFTL_2327,8.1562
GILGFVFTL_2328,7.1172
GILGFVFTL_2329,4.0898
GILGFVFTL_233,5.4062
GILGFVFTL_2330,4.1875
GILGFVFTL_2331,3.293
GILGFVFTL_2332,2.7363
GILGFVFTL_2333,5.4531
GILGFVFTL_2334,8.5781
GILGFVFTL_2335,8.5547
GILGFVFTL_2336,8.5859
GILGFVFTL_2338,10.9531
GILGFVFTL_2339,4.6719
GILGFVFTL_234,1.7979
GILGFVFTL_2341,3.75
GILGFVFTL_2343,5.5234
GILGFVFTL_2345,3.0234
GILGFVFTL_2346,5.6484
GILGFVFTL_2347,3.9316
GILGFVFTL_2348,3.6348
GILGFVFTL_235,3.0137
GILGFVFTL_2350,2.8711
GILGFVFTL_2352,4.6562
GILGFVFTL_2353,7.125
GILGFVFTL_2354,1.8105
GILGFVFTL_2355,9.3516
GILGFVFTL_2356,5.5938
GILGFVFTL_2357,7.6562
GILGFVFTL_2358,6.8359
GILGFVFTL_2359,9.5547
GILGFVFTL_236,3.125
GILGFVFTL_2360,4.6328
GILGFVFTL_2361,5.0234
GILGFVFTL_2362,4.0742
GILGFVFTL_2363,6.1289
GILGFVFTL_2364,4.375
GILGFVFTL_2365,5.2695
GILGFVFTL_2366,3.2344
GILGFVFTL_237,7.1289
GILGFVFTL_2370,8.6875
GILGFVFTL_2371,5.5234
GILGFVFTL_2372,6.3828
GILGFVFTL_2373,3.8828
GILGFVFTL_2375,5.5625
GILGFVFTL_2376,11.875
GILGFVFTL_2377,4.3203
GILGFVFTL_2378,6.6719
GILGFVFTL_2379,2.6289
GILGFVFTL_238,4.5586
GILGFVFTL_2380,3.9844
GILGFVFTL_2381,8.4062
GILGFVFTL_2382,2.7422
GILGFVFTL_2383,4.5938
GILGFVFTL_2384,2.082
GILGFVFTL_2386,5.9609
GILGFVFTL_2387,5.0703
GILGFVFTL_2389,2.2695
GILGFVFTL_239,7.8477
GILGFVFTL_2390,8.0
GILGFVFTL_2391,3.3984
GILGFVFTL_2392,4.2148
GILGFVFTL_2395,3.0234
GILGFVFTL_2396,10.0469
GILGFVFTL_2397,3.5938
GILGFVFTL_2398,5.1602
GILGFVFTL_24,4.9141
GILGFVFTL_240,4.1133
GILGFVFTL_2400,9.3516
GILGFVFTL_2401,3.7812
GILGFVFTL_2402,2.7539
GILGFVFTL_2403,3.7578
GILGFVFTL_2404,3.3477
GILGFVFTL_2405,3.7188
GILGFVFTL_2406,3.3242
GILGFVFTL_2408,8.0625
GILGFVFTL_2409,4.3047
GILGFVFTL_2410,5.3711
GILGFVFTL_2411,4.3789
GILGFVFTL_2414,4.3359
GILGFVFTL_2416,3.582
GILGFVFTL_2421,1.9854
GILGFVFTL_2423,7.3711
GILGFVFTL_2425,3.4297
GILGFVFTL_2428,3.7422
GILGFVFTL_2429,4.6719
GILGFVFTL_2430,3.2969
GILGFVFTL_2431,1.6396
GILGFVFTL_2432,7.9219
GILGFVFTL_2435,7.1797
GILGFVFTL_2436,5.8906
GILGFVFTL_2437,5.7188
GILGFVFTL_2438,3.1055
GILGFVFTL_2439,5.5625
GILGFVFTL_244,3.7109
GILGFVFTL_2441,13.9844
GILGFVFTL_2442,4.1406
GILGFVFTL_2443,4.5
GILGFVFTL_2444,5.0625
GILGFVFTL_2445,6.8125
GILGFVFTL_2446,3.3047
GILGFVFTL_2447,4.0312
GILGFVFTL_2448,7.8203
GILGFVFTL_2449,4.2734
GILGFVFTL_2450,6.0781
GILGFVFTL_2451,5.1836
GILGFVFTL_2453,7.7422
GILGFVFTL_2454,5.75
GILGFVFTL_2456,3.1914
GILGFVFTL_2457,3.6133
GILGFVFTL_2458,3.5234
GILGFVFTL_246,2.2695
GILGFVFTL_2463,2.0156
GILGFVFTL_2464,5.2109
GILGFVFTL_2465,4.9961
GILGFVFTL_2466,1.8994
GILGFVFTL_2467,8.5781
GILGFVFTL_2468,10.9375
GILGFVFTL_2469,3.4922
GILGFVFTL_2471,4.4805
GILGFVFTL_2472,4.3359
GILGFVFTL_2474,3.1562
GILGFVFTL_2475,3.207
GILGFVFTL_2476,2.2461
GILGFVFTL_2477,3.293
GILGFVFTL_2478,2.5117
GILGFVFTL_2479,9.0312
GILGFVFTL_2480,4.1758
GILGFVFTL_2482,2.3633
GILGFVFTL_2483,4.5703
GILGFVFTL_2484,7.3711
GILGFVFTL_2485,4.4961
GILGFVFTL_2486,3.9492
GILGFVFTL_2487,4.0586
GILGFVFTL_2488,1.9072
GILGFVFTL_2489,3.791
GILGFVFTL_2490,2.3867
GILGFVFTL_2491,1.9854
GILGFVFTL_2492,3.1309
GILGFVFTL_2493,2.8711
GILGFVFTL_2494,2.2344
GILGFVFTL_2495,3.2109
GILGFVFTL_2496,1.9854
GILGFVFTL_2497,4.7148
GILGFVFTL_2498,3.6602
GILGFVFTL_2499,3.9883
GILGFVFTL_25,5.0195
GILGFVFTL_2500,4.0078
GILGFVFTL_2501,3.8438
GILGFVFTL_2502,2.4551
GILGFVFTL_2504,1.9766
GILGFVFTL_2505,4.9648
GILGFVFTL_2506,3.9102
GILGFVFTL_2507,4.0898
GILGFVFTL_2508,2.8633
GILGFVFTL_2509,2.2285
GILGFVFTL_2510,1.8105
GILGFVFTL_2511,4.0781
GILGFVFTL_2512,4.6484
GILGFVFTL_2513,4.5234
GILGFVFTL_2514,5.4766
GILGFVFTL_2515,4.5234
GILGFVFTL_2516,3.5859
GILGFVFTL_2519,2.1582
GILGFVFTL_2520,4.1875
GILGFVFTL_2521,4.2969
GILGFVFTL_2522,1.9766
GILGFVFTL_2524,1.8477
GILGFVFTL_2525,3.2012
GILGFVFTL_2526,5.5234
GILGFVFTL_2527,4.7148
GILGFVFTL_2528,9.0156
GILGFVFTL_2529,3.5117
GILGFVFTL_2530,5.0195
GILGFVFTL_2532,3.1836
GILGFVFTL_2533,2.4707
GILGFVFTL_2535,3.6348
GILGFVFTL_2536,4.6562
GILGFVFTL_2537,4.3008
GILGFVFTL_2538,3.582
GILGFVFTL_2539,5.0156
GILGFVFTL_2540,4.9766
GILGFVFTL_2541,3.0039
GILGFVFTL_2542,2.4805
GILGFVFTL_2544,4.3359
GILGFVFTL_2546,2.9531
GILGFVFTL_2547,2.543
GILGFVFTL_2548,7.0
GILGFVFTL_2549,2.875
GILGFVFTL_2550,3.8242
GILGFVFTL_2551,2.5254
GILGFVFTL_2552,5.6523
GILGFVFTL_2553,4.2109
GILGFVFTL_2554,4.125
GILGFVFTL_2555,2.332
GILGFVFTL_2556,4.0156
GILGFVFTL_2557,3.1797
GILGFVFTL_2558,5.1875
GILGFVFTL_2559,4.7656
GILGFVFTL_256,3.1953
GILGFVFTL_2560,8.2188
GILGFVFTL_2561,3.2344
GILGFVFTL_2562,3.2383
GILGFVFTL_2563,4.1758
GILGFVFTL_2564,2.4082
GILGFVFTL_2565,2.1328
GILGFVFTL_2566,1.9004
GILGFVFTL_2567,4.7227
GILGFVFTL_2568,5.1641
GILGFVFTL_2569,4.2578
GILGFVFTL_2570,4.0391
GILGFVFTL_2571,4.5078
GILGFVFTL_2572,2.9961
GILGFVFTL_2573,3.4023
GILGFVFTL_2574,4.5156
GILGFVFTL_2575,2.4453
GILGFVFTL_2576,4.2422
GILGFVFTL_2577,4.6641
GILGFVFTL_2580,5.3516
GILGFVFTL_2581,5.375
GILGFVFTL_2582,6.5703
GILGFVFTL_2583,3.5742
GILGFVFTL_2584,2.0996
GILGFVFTL_2586,3.6758
GILGFVFTL_2588,2.3945
GILGFVFTL_2589,4.6289
GILGFVFTL_259,5.1562
GILGFVFTL_2590,3.873
GILGFVFTL_2592,4.4688
GILGFVFTL_2593,4.5469
GILGFVFTL_2594,3.4023
GILGFVFTL_2595,3.209
GILGFVFTL_2596,3.1055
GILGFVFTL_2597,3.8906
GILGFVFTL_2598,2.1699
GILGFVFTL_2599,2.207
GILGFVFTL_26,4.5117
GILGFVFTL_2600,6.875
GILGFVFTL_2601,1.916
GILGFVFTL_2602,1.9854
GILGFVFTL_2603,4.1641
GILGFVFTL_2604,2.1699
GILGFVFTL_2605,3.7773
GILGFVFTL_2606,4.8047
GILGFVFTL_2607,3.5371
GILGFVFTL_2612,4.375
GILGFVFTL_2613,2.8594
GILGFVFTL_2614,9.7891
GILGFVFTL_2615,2.1328
GILGFVFTL_2616,2.0762
GILGFVFTL_2617,5.0859
GILGFVFTL_2618,1.9766
GILGFVFTL_262,3.3242
GILGFVFTL_2623,3.6445
GILGFVFTL_2624,3.0625
GILGFVFTL_2625,4.6719
GILGFVFTL_2626,5.9805
GILGFVFTL_2627,3.1992
GILGFVFTL_2629,4.25
GILGFVFTL_263,3.2344
GILGFVFTL_2630,7.3125
GILGFVFTL_2631,1.9355
GILGFVFTL_2632,2.8457
GILGFVFTL_2633,5.3906
GILGFVFTL_2634,2.8633
GILGFVFTL_2635,3.5312
GILGFVFTL_2636,3.2617
GILGFVFTL_2637,3.0898
GILGFVFTL_2638,4.3984
GILGFVFTL_2639,2.4688
GILGFVFTL_264,5.5391
GILGFVFTL_2640,1.9092
GILGFVFTL_2641,4.2031
GILGFVFTL_2645,3.2344
GILGFVFTL_2646,1.7832
GILGFVFTL_2647,3.4492
GILGFVFTL_2648,4.4883
GILGFVFTL_2649,4.7148
GILGFVFTL_265,3.8789
GILGFVFTL_2650,4.0508
GILGFVFTL_2651,5.6523
GILGFVFTL_2652,4.2109
GILGFVFTL_2654,2.3516
GILGFVFTL_2656,3.8242
GILGFVFTL_2657,2.252
GILGFVFTL_2659,4.0859
GILGFVFTL_266,4.3477
GILGFVFTL_2660,1.9854
GILGFVFTL_2662,2.6094
GILGFVFTL_2663,4.0781
GILGFVFTL_2666,2.1582
GILGFVFTL_2667,3.8438
GILGFVFTL_267,4.4219
GILGFVFTL_2670,4.9883
GILGFVFTL_2671,4.0586
GILGFVFTL_2672,1.9072
GILGFVFTL_2673,2.9531
GILGFVFTL_2674,3.4219
GILGFVFTL_2675,5.793
GILGFVFTL_2677,4.25
GILGFVFTL_2678,2.3633
GILGFVFTL_2679,6.9844
GILGFVFTL_268,4.7188
GILGFVFTL_2680,4.5703
GILGFVFTL_2681,2.6641
GILGFVFTL_2682,4.3945
GILGFVFTL_2683,2.4805
GILGFVFTL_2684,5.2891
GILGFVFTL_2685,3.9648
GILGFVFTL_2686,3.6094
GILGFVFTL_2687,4.3711
GILGFVFTL_2688,2.2539
GILGFVFTL_269,2.6289
GILGFVFTL_2690,2.8711
GILGFVFTL_2691,4.0742
GILGFVFTL_2692,5.2227
GILGFVFTL_2693,3.2773
GILGFVFTL_2694,3.8555
GILGFVFTL_2696,3.0039
GILGFVFTL_2698,2.0664
GILGFVFTL_2699,2.3945
GILGFVFTL_27,5.0234
GILGFVFTL_270,3.207
GILGFVFTL_2700,1.8691
GILGFVFTL_2701,3.2715
GILGFVFTL_2709,5.7227
GILGFVFTL_2710,3.6094
GILGFVFTL_2711,3.7656
GILGFVFTL_2712,2.1582
GILGFVFTL_2713,2.9688
GILGFVFTL_2714,9.0547
GILGFVFTL_2715,4.7734
GILGFVFTL_2716,4.2578
GILGFVFTL_2718,8.0
GILGFVFTL_2719,2.3984
GILGFVFTL_272,2.2227
GILGFVFTL_2720,6.0625
GILGFVFTL_2722,4.6016
GILGFVFTL_2725,4.0781
GILGFVFTL_2726,6.6875
GILGFVFTL_2728,4.2461
GILGFVFTL_2729,4.7578
GILGFVFTL_273,7.7617
GILGFVFTL_2730,3.2266
GILGFVFTL_2731,5.0664
GILGFVFTL_2734,2.9414
GILGFVFTL_2738,6.5
GILGFVFTL_274,1.7979
GILGFVFTL_2740,5.6641
GILGFVFTL_2741,3.0391
GILGFVFTL_2742,2.1348
GILGFVFTL_2743,3.625
GILGFVFTL_2744,12.125
GILGFVFTL_2745,3.1133
GILGFVFTL_2746,4.0664
GILGFVFTL_2747,1.9141
GILGFVFTL_2748,4.0938
GILGFVFTL_2749,4.2188
GILGFVFTL_2750,4.4883
GILGFVFTL_2751,4.2188
GILGFVFTL_2752,1.9072
GILGFVFTL_2753,5.1641
GILGFVFTL_2755,1.9854
GILGFVFTL_2756,5.5312
GILGFVFTL_2759,2.5762
GILGFVFTL_2760,1.9854
GILGFVFTL_2761,1.9854
GILGFVFTL_2762,8.1172
GILGFVFTL_2763,3.2246
GILGFVFTL_2765,4.3828
GILGFVFTL_2766,3.3281
GILGFVFTL_2767,2.8457
GILGFVFTL_2768,3.6074
GILGFVFTL_277,4.0742
GILGFVFTL_2770,8.6562
GILGFVFTL_2771,5.4414
GILGFVFTL_2772,2.7969
GILGFVFTL_2774,2.1426
GILGFVFTL_2775,5.3047
GILGFVFTL_2776,3.5449
GILGFVFTL_2778,3.7617
GILGFVFTL_2779,3.6797
GILGFVFTL_2780,9.4688
GILGFVFTL_2781,3.7461
GILGFVFTL_2782,8.9844
GILGFVFTL_2783,4.7734
GILGFVFTL_2784,3.8418
GILGFVFTL_2785,4.0391
GILGFVFTL_2787,7.2812
GILGFVFTL_2789,6.4102
GILGFVFTL_279,3.5469
GILGFVFTL_2790,3.3633
GILGFVFTL_2791,3.3711
GILGFVFTL_2792,1.8232
GILGFVFTL_2796,5.6172
GILGFVFTL_2797,3.2148
GILGFVFTL_2800,4.7734
GILGFVFTL_2801,3.3594
GILGFVFTL_2802,3.0938
GILGFVFTL_2803,7.9844
GILGFVFTL_2804,4.2578
GILGFVFTL_2805,4.2969
GILGFVFTL_2806,4.6016
GILGFVFTL_2807,5.625
GILGFVFTL_2808,4.2969
GILGFVFTL_2809,4.8711
GILGFVFTL_281,1.9854
GILGFVFTL_2810,3.4414
GILGFVFTL_2813,6.832
GILGFVFTL_2814,4.832
GILGFVFTL_2815,4.4961
GILGFVFTL_2816,7.9219
GILGFVFTL_2817,1.8994
GILGFVFTL_2818,6.9531
GILGFVFTL_2819,2.7969
GILGFVFTL_2824,1.9854
GILGFVFTL_2828,1.8711
GILGFVFTL_283,4.6172
GILGFVFTL_2834,4.8906
GILGFVFTL_2837,3.5215
GILGFVFTL_2838,4.3906
GILGFVFTL_2839,4.4258
GILGFVFTL_2840,3.4766
GILGFVFTL_2841,6.75
GILGFVFTL_2842,4.9922
GILGFVFTL_2843,2.1523
GILGFVFTL_2844,4.2656
GILGFVFTL_2845,2.418
GILGFVFTL_2846,3.3984
GILGFVFTL_2848,2.875
GILGFVFTL_285,4.2109
GILGFVFTL_2850,3.7461
GILGFVFTL_2851,2.0977
GILGFVFTL_2852,2.8262
GILGFVFTL_2854,4.8164
GILGFVFTL_2855,1.8672
GILGFVFTL_2856,12.125
GILGFVFTL_2857,6.4609
GILGFVFTL_2858,12.5938
GILGFVFTL_2859,3.5703
GILGFVFTL_2860,9.1172
GILGFVFTL_2862,3.3906
GILGFVFTL_2864,3.5781
GILGFVFTL_2865,9.7969
GILGFVFTL_2867,2.9844
GILGFVFTL_2869,6.7148
GILGFVFTL_287,7.4453
GILGFVFTL_2870,4.0078
GILGFVFTL_2871,4.6016
GILGFVFTL_2873,5.7812
GILGFVFTL_2874,4.3828
GILGFVFTL_2875,3.875
GILGFVFTL_2876,5.0156
GILGFVFTL_2877,6.0352
GILGFVFTL_2878,1.8848
GILGFVFTL_2880,6.9727
GILGFVFTL_2881,3.2363
GILGFVFTL_2882,1.8848
GILGFVFTL_2883,5.9961
GILGFVFTL_2884,6.1172
GILGFVFTL_2885,3.9414
GILGFVFTL_2886,3.5781
GILGFVFTL_2887,8.5469
GILGFVFTL_2888,1.7637
GILGFVFTL_2889,7.7031
GILGFVFTL_289,2.6289
GILGFVFTL_2890,1.9854
GILGFVFTL_2891,6.8047
GILGFVFTL_2893,3.6094
GILGFVFTL_29,8.0625
GILGFVFTL_290,3.4863
GILGFVFTL_2902,3.3125
GILGFVFTL_2903,6.2617
GILGFVFTL_2904,2.3867
GILGFVFTL_2909,4.6016
GILGFVFTL_291,4.2852
GILGFVFTL_2910,9.6562
GILGFVFTL_2911,1.9072
GILGFVFTL_2912,4.8164
GILGFVFTL_2913,6.0039
GILGFVFTL_2914,2.5859
GILGFVFTL_2915,3.7344
GILGFVFTL_2916,4.5234
GILGFVFTL_2917,1.9854
GILGFVFTL_2919,8.0625
GILGFVFTL_292,3.1992
GILGFVFTL_2920,3.9688
GILGFVFTL_2922,8.4375
GILGFVFTL_2923,4.3398
GILGFVFTL_2926,4.0703
GILGFVFTL_2928,6.4609
GILGFVFTL_2929,3.9023
GILGFVFTL_2931,4.6289
GILGFVFTL_2932,9.0
GILGFVFTL_2934,2.7363
GILGFVFTL_2935,4.0859
GILGFVFTL_2936,2.7285
GILGFVFTL_2937,4.957
GILGFVFTL_2939,3.8828
GILGFVFTL_2940,12.125
GILGFVFTL_2941,3.5293
GILGFVFTL_2943,3.5215
GILGFVFTL_2945,1.8232
GILGFVFTL_2947,5.3594
GILGFVFTL_2948,3.9023
GILGFVFTL_2949,3.3359
GILGFVFTL_2950,3.4297
GILGFVFTL_2951,5.1484
GILGFVFTL_2952,6.5273
GILGFVFTL_2953,3.627
GILGFVFTL_2954,4.6172
GILGFVFTL_2955,5.9531
GILGFVFTL_2956,5.6797
GILGFVFTL_2957,8.4375
GILGFVFTL_2958,3.4922
GILGFVFTL_2959,1.8232
GILGFVFTL_2960,3.375
GILGFVFTL_2961,4.5391
GILGFVFTL_2962,4.6445
GILGFVFTL_2963,2.2109
GILGFVFTL_2964,4.0039
GILGFVFTL_2965,3.8125
GILGFVFTL_2968,5.1094
GILGFVFTL_2969,3.2539
GILGFVFTL_297,3.8398
GILGFVFTL_2970,3.5273
GILGFVFTL_2973,4.707
GILGFVFTL_2974,3.4023
GILGFVFTL_2975,2.2461
GILGFVFTL_2976,4.6484
GILGFVFTL_2977,4.9219
GILGFVFTL_2978,10.4062
GILGFVFTL_2979,4.168
GILGFVFTL_2980,8.9609
GILGFVFTL_2982,5.5898
GILGFVFTL_2983,5.0586
GILGFVFTL_2984,2.8398
GILGFVFTL_2986,4.0508
GILGFVFTL_2987,5.0039
GILGFVFTL_2988,6.2812
GILGFVFTL_2989,3.2246
GILGFVFTL_299,4.4609
GILGFVFTL_2990,4.3359
GILGFVFTL_2991,9.6094
GILGFVFTL_2992,5.5117
GILGFVFTL_2995,3.4824
GILGFVFTL_2996,7.0469
GILGFVFTL_2997,8.3125
GILGFVFTL_2998,1.9072
GILGFVFTL_2999,2.4102
GILGFVFTL_300,3.7227
GILGFVFTL_3000,5.4375
GILGFVFTL_3001,6.1875
GILGFVFTL_3003,3.0957
GILGFVFTL_3004,1.9854
GILGFVFTL_3006,2.9531
GILGFVFTL_3007,6.3164
GILGFVFTL_3008,2.2598
GILGFVFTL_3010,3.5781
GILGFVFTL_3011,5.8906
GILGFVFTL_3012,3.2266
GILGFVFTL_3013,6.4375
GILGFVFTL_3014,3.1484
GILGFVFTL_3015,5.8906
GILGFVFTL_3016,3.293
GILGFVFTL_3018,4.0273
GILGFVFTL_3023,4.5234
GILGFVFTL_3024,3.9531
GILGFVFTL_3025,2.8672
GILGFVFTL_3027,4.0977
GILGFVFTL_3028,4.1523
GILGFVFTL_3029,10.0469
GILGFVFTL_3030,3.9004
GILGFVFTL_3032,6.6562
GILGFVFTL_3033,6.6133
GILGFVFTL_3034,4.2344
GILGFVFTL_3037,4.0703
GILGFVFTL_3038,8.2578
GILGFVFTL_3039,4.6172
GILGFVFTL_304,6.6367
GILGFVFTL_3042,2.2109
GILGFVFTL_3043,7.6016
GILGFVFTL_3044,5.2227
GILGFVFTL_3045,3.5449
GILGFVFTL_3047,2.1699
GILGFVFTL_3048,3.9531
GILGFVFTL_3049,3.5273
GILGFVFTL_3050,2.6094
GILGFVFTL_3051,4.1914
GILGFVFTL_3054,3.4844
GILGFVFTL_3056,4.0859
GILGFVFTL_3057,5.1406
GILGFVFTL_3059,1.9316
GILGFVFTL_306,3.7812
GILGFVFTL_3060,4.3086
GILGFVFTL_3062,3.7891
GILGFVFTL_3064,6.6484
GILGFVFTL_3065,3.1289
GILGFVFTL_3067,3.1328
GILGFVFTL_3068,4.7031
GILGFVFTL_3069,5.2695
GILGFVFTL_307,4.8086
GILGFVFTL_3070,6.3359
GILGFVFTL_3071,2.1582
GILGFVFTL_3072,7.0664
GILGFVFTL_3073,3.8047
GILGFVFTL_3074,5.0664
GILGFVFTL_3078,5.8828
GILGFVFTL_308,4.2891
GILGFVFTL_3085,3.9297
GILGFVFTL_3089,8.0
GILGFVFTL_3090,3.3984
GILGFVFTL_3091,5.1406
GILGFVFTL_3092,5.1211
GILGFVFTL_3093,3.5684
GILGFVFTL_3094,9.0312
GILGFVFTL_3095,3.793
GILGFVFTL_3096,4.1367
GILGFVFTL_3098,9.6875
GILGFVFTL_3099,4.7656
GILGFVFTL_3100,4.5547
GILGFVFTL_3101,7.9062
GILGFVFTL_3102,3.0508
GILGFVFTL_3103,3.9102
GILGFVFTL_3104,3.2227
GILGFVFTL_3105,6.9102
GILGFVFTL_3106,3.6875
GILGFVFTL_3107,3.0625
GILGFVFTL_3108,3.9102
GILGFVFTL_311,6.1992
GILGFVFTL_3112,5.2109
GILGFVFTL_3113,1.9424
GILGFVFTL_3114,4.3594
GILGFVFTL_3115,2.5664
GILGFVFTL_3116,1.7979
GILGFVFTL_3119,3.2344
GILGFVFTL_312,4.0195
GILGFVFTL_3120,6.7891
GILGFVFTL_3121,3.3672
GILGFVFTL_3122,3.0195
GILGFVFTL_3124,5.3438
GILGFVFTL_3125,2.293
GILGFVFTL_3126,7.6562
GILGFVFTL_3127,5.6172
GILGFVFTL_3128,6.4531
GILGFVFTL_3129,4.7266
GILGFVFTL_313,5.1953
GILGFVFTL_3130,4.3828
GILGFVFTL_3131,5.7109
GILGFVFTL_3132,4.1133
GILGFVFTL_3133,5.5078
GILGFVFTL_3134,5.1992
GILGFVFTL_3135,1.9854
GILGFVFTL_3136,11.1719
GILGFVFTL_3137,3.4336
GILGFVFTL_3138,4.9219
GILGFVFTL_3139,2.8594
GILGFVFTL_314,1.9854
GILGFVFTL_3140,4.1328
GILGFVFTL_3141,5.0508
GILGFVFTL_3142,5.5469
GILGFVFTL_3143,2.8242
GILGFVFTL_3144,4.7656
GILGFVFTL_3145,4.832
GILGFVFTL_3146,5.4922
GILGFVFTL_3149,8.0547
GILGFVFTL_3150,8.0
GILGFVFTL_3151,3.8359
GILGFVFTL_3152,4.7539
GILGFVFTL_3153,1.9512
GILGFVFTL_3154,3.2188
GILGFVFTL_3155,1.9766
GILGFVFTL_3156,4.3359
GILGFVFTL_3157,6.4648
GILGFVFTL_3158,3.3984
GILGFVFTL_316,6.5586
GILGFVFTL_3160,4.8945
GILGFVFTL_3161,4.3086
GILGFVFTL_3162,8.3281
GILGFVFTL_3163,3.793
GILGFVFTL_317,6.4609
GILGFVFTL_3170,8.2266
GILGFVFTL_3172,4.2695
GILGFVFTL_3173,4.7969
GILGFVFTL_3178,4.2305
GILGFVFTL_3179,3.2695
GILGFVFTL_318,1.7969
GILGFVFTL_3180,1.9854
GILGFVFTL_3181,4.4883
GILGFVFTL_3183,1.8135
GILGFVFTL_3184,3.3594
GILGFVFTL_3186,3.4609
GILGFVFTL_3188,2.8887
GILGFVFTL_3189,7.6562
GILGFVFTL_319,3.1992
GILGFVFTL_3190,3.0781
GILGFVFTL_3191,2.7891
GILGFVFTL_3193,7.4688
GILGFVFTL_3194,3.2383
GILGFVFTL_3195,4.4766
GILGFVFTL_3196,2.8711
GILGFVFTL_3198,3.8242
GILGFVFTL_3199,8.0391
GILGFVFTL_32,4.5547
GILGFVFTL_320,2.4141
GILGFVFTL_3200,3.2383
GILGFVFTL_3201,4.2969
GILGFVFTL_3203,2.6016
GILGFVFTL_3207,6.8359
GILGFVFTL_3209,4.707
GILGFVFTL_321,4.5664
GILGFVFTL_3210,5.7148
GILGFVFTL_3211,3.4902
GILGFVFTL_3212,3.8613
GILGFVFTL_3213,4.125
GILGFVFTL_3214,2.332
GILGFVFTL_3215,3.4258
GILGFVFTL_3216,1.9854
GILGFVFTL_3217,7.6562
GILGFVFTL_3218,3.0703
GILGFVFTL_3219,4.2578
GILGFVFTL_3220,1.7637
GILGFVFTL_3221,6.6758
GILGFVFTL_3224,2.8418
GILGFVFTL_3225,2.1211
GILGFVFTL_3228,5.4336
GILGFVFTL_3229,7.0234
GILGFVFTL_3230,3.7852
GILGFVFTL_3237,2.252
GILGFVFTL_3238,6.2617
GILGFVFTL_3239,2.8105
GILGFVFTL_3240,3.2305
GILGFVFTL_3241,4.4648
GILGFVFTL_3242,5.2227
GILGFVFTL_3243,3.9258
GILGFVFTL_3244,5.5781
GILGFVFTL_3245,5.0859
GILGFVFTL_3246,2.1426
GILGFVFTL_3247,4.2617
GILGFVFTL_325,4.6797
GILGFVFTL_3253,3.7461
GILGFVFTL_3254,8.1094
GILGFVFTL_3257,4.2383
GILGFVFTL_3260,4.5898
GILGFVFTL_3261,8.8438
GILGFVFTL_3262,4.375
GILGFVFTL_3263,8.4531
GILGFVFTL_3264,3.2344
GILGFVFTL_3265,7.8906
GILGFVFTL_3266,4.5586
GILGFVFTL_3267,2.1699
GILGFVFTL_3268,4.3477
GILGFVFTL_3269,4.3438
GILGFVFTL_3270,2.293
GILGFVFTL_3273,4.1211
GILGFVFTL_3275,6.2188
GILGFVFTL_3276,2.3828
GILGFVFTL_3277,4.1641
GILGFVFTL_3278,9.3516
GILGFVFTL_3279,2.748
GILGFVFTL_3280,9.1094
GILGFVFTL_3281,4.8398
GILGFVFTL_3282,3.3105
GILGFVFTL_3285,2.9473
GILGFVFTL_3286,1.8555
GILGFVFTL_3290,3.5352
GILGFVFTL_3292,5.2695
GILGFVFTL_3293,5.4141
GILGFVFTL_3295,4.6758
GILGFVFTL_3296,7.8555
GILGFVFTL_3297,2.2949
GILGFVFTL_33,5.2383
GILGFVFTL_330,3.9824
GILGFVFTL_3300,4.25
GILGFVFTL_3301,2.0684
GILGFVFTL_3302,5.0703
GILGFVFTL_3303,9.8359
GILGFVFTL_3304,3.3203
GILGFVFTL_3305,8.1875
GILGFVFTL_3306,3.5039
GILGFVFTL_3307,1.9854
GILGFVFTL_3308,6.4531
GILGFVFTL_3309,3.6348
GILGFVFTL_331,2.9531
GILGFVFTL_3310,3.6094
GILGFVFTL_3311,7.2109
GILGFVFTL_3312,3.7578
GILGFVFTL_3315,3.4062
GILGFVFTL_3316,4.2344
GILGFVFTL_3317,4.6367
GILGFVFTL_332,1.9854
GILGFVFTL_3323,3.1406
GILGFVFTL_3324,9.9375
GILGFVFTL_3325,4.6562
GILGFVFTL_3326,4.3438
GILGFVFTL_3328,3.4297
GILGFVFTL_333,3.8594
GILGFVFTL_3330,11.7031
GILGFVFTL_3331,5.0547
GILGFVFTL_3332,3.7793
GILGFVFTL_3333,5.418
GILGFVFTL_3334,4.332
GILGFVFTL_3336,5.5195
GILGFVFTL_3337,2.8203
GILGFVFTL_3339,7.8281
GILGFVFTL_334,1.7979
GILGFVFTL_3340,1.9854
GILGFVFTL_3342,3.0977
GILGFVFTL_3343,6.6484
GILGFVFTL_3344,6.9609
GILGFVFTL_3345,3.2715
GILGFVFTL_3346,9.3281
GILGFVFTL_3347,4.2227
GILGFVFTL_3348,7.8438
GILGFVFTL_3349,1.9854
GILGFVFTL_335,6.1992
GILGFVFTL_3350,4.3359
GILGFVFTL_3351,6.5703
GILGFVFTL_3352,3.0625
GILGFVFTL_3353,5.0117
GILGFVFTL_3354,2.1699
GILGFVFTL_3361,2.4316
GILGFVFTL_3362,4.3555
GILGFVFTL_3363,2.6914
GILGFVFTL_3365,5.4414
GILGFVFTL_3366,2.8711
GILGFVFTL_3368,3.8652
GILGFVFTL_3369,3.6758
GILGFVFTL_337,4.3164
GILGFVFTL_3370,5.5312
GILGFVFTL_3371,4.2031
GILGFVFTL_3372,4.3438
GILGFVFTL_3373,1.9854
GILGFVFTL_3374,11.8594
GILGFVFTL_3375,5.625
GILGFVFTL_3376,10.8281
GILGFVFTL_3377,4.8047
GILGFVFTL_338,3.5273
GILGFVFTL_3383,11.0547
GILGFVFTL_3384,2.7422
GILGFVFTL_3385,3.9297
GILGFVFTL_3387,1.9072
GILGFVFTL_3388,2.875
GILGFVFTL_3389,4.9062
GILGFVFTL_339,4.3359
GILGFVFTL_3390,10.4062
GILGFVFTL_3391,3.6641
GILGFVFTL_3392,3.6738
GILGFVFTL_3393,3.4023
GILGFVFTL_3394,2.4668
GILGFVFTL_3395,1.915
GILGFVFTL_3396,5.8125
GILGFVFTL_3397,1.8232
GILGFVFTL_3398,3.6328
GILGFVFTL_3399,2.8828
GILGFVFTL_34,2.5566
GILGFVFTL_340,3.4453
GILGFVFTL_3400,4.8438
GILGFVFTL_3401,6.25
GILGFVFTL_3403,2.2773
GILGFVFTL_341,7.3203
GILGFVFTL_343,9.0625
GILGFVFTL_3435,4.3477
GILGFVFTL_344,3.5312
GILGFVFTL_3445,2.8945
GILGFVFTL_3450,3.6348
GILGFVFTL_3459,5.7891
GILGFVFTL_346,4.2422
GILGFVFTL_3460,4.5742
GILGFVFTL_3463,2.9883
GILGFVFTL_3464,6.3203
GILGFVFTL_3471,3.7129
GILGFVFTL_3472,5.168
GILGFVFTL_3473,3.5273
GILGFVFTL_3474,2.8027
GILGFVFTL_349,8.0703
GILGFVFTL_3498,3.8633
GILGFVFTL_3499,3.625
GILGFVFTL_35,6.2422
GILGFVFTL_3503,4.9844
GILGFVFTL_3504,4.0352
GILGFVFTL_351,5.0781
GILGFVFTL_352,6.9805
GILGFVFTL_353,6.6172
GILGFVFTL_354,7.2656
GILGFVFTL_355,3.5664
GILGFVFTL_357,2.3301
GILGFVFTL_358,3.6289
GILGFVFTL_36,4.5859
GILGFVFTL_361,4.4141
GILGFVFTL_362,8.1406
GILGFVFTL_363,3.0938
GILGFVFTL_365,3.5195
GILGFVFTL_368,4.4297
GILGFVFTL_37,7.4258
GILGFVFTL_370,2.2578
GILGFVFTL_371,5.875
GILGFVFTL_372,4.0469
GILGFVFTL_373,4.6758
GILGFVFTL_374,3.6094
GILGFVFTL_375,6.0664
GILGFVFTL_379,3.9629
GILGFVFTL_38,4.8438
GILGFVFTL_382,5.2969
GILGFVFTL_383,3.2871
GILGFVFTL_384,4.6367
GILGFVFTL_386,3.582
GILGFVFTL_388,1.6543
GILGFVFTL_389,6.0586
GILGFVFTL_391,1.7979
GILGFVFTL_393,4.7422
GILGFVFTL_394,5.0312
GILGFVFTL_395,4.9297
GILGFVFTL_396,4.7188
GILGFVFTL_397,3.4141
GILGFVFTL_399,7.4883
GILGFVFTL_4,5.0898
GILGFVFTL_40,3.252
GILGFVFTL_403,3.0098
GILGFVFTL_407,4.543
GILGFVFTL_408,4.8906
GILGFVFTL_410,1.9854
GILGFVFTL_411,2.4961
GILGFVFTL_412,2.502
GILGFVFTL_415,4.0898
GILGFVFTL_416,4.7656
GILGFVFTL_417,4.0586
GILGFVFTL_418,5.7031
GILGFVFTL_419,1.9072
GILGFVFTL_42,3.0273
GILGFVFTL_420,6.6172
GILGFVFTL_422,4.0
GILGFVFTL_424,3.4551
GILGFVFTL_425,2.1699
GILGFVFTL_426,3.3633
GILGFVFTL_427,3.9707
GILGFVFTL_429,4.2578
GILGFVFTL_43,2.5801
GILGFVFTL_430,4.8125
GILGFVFTL_431,5.6562
GILGFVFTL_432,5.0859
GILGFVFTL_433,4.1719
GILGFVFTL_434,6.5352
GILGFVFTL_436,5.2344
GILGFVFTL_437,5.8203
GILGFVFTL_438,4.9727
GILGFVFTL_443,4.7969
GILGFVFTL_444,2.0977
GILGFVFTL_445,4.0273
GILGFVFTL_446,1.9854
GILGFVFTL_447,4.9219
GILGFVFTL_452,1.8906
GILGFVFTL_454,4.2148
GILGFVFTL_455,8.8594
GILGFVFTL_456,4.4492
GILGFVFTL_457,9.7656
GILGFVFTL_458,3.4336
GILGFVFTL_459,4.6797
GILGFVFTL_46,5.4297
GILGFVFTL_464,3.3633
GILGFVFTL_465,2.7422
GILGFVFTL_466,7.0469
GILGFVFTL_467,4.6016
GILGFVFTL_468,4.3203
GILGFVFTL_469,2.7168
GILGFVFTL_47,4.043
GILGFVFTL_479,4.8125
GILGFVFTL_48,6.6719
GILGFVFTL_480,1.7979
GILGFVFTL_481,8.1562
GILGFVFTL_490,2.8184
GILGFVFTL_491,9.9766
GILGFVFTL_492,5.1562
GILGFVFTL_494,3.7266
GILGFVFTL_495,2.7168
GILGFVFTL_498,4.2148
GILGFVFTL_499,3.6543
GILGFVFTL_500,5.3867
GILGFVFTL_504,6.0938
GILGFVFTL_506,1.7266
GILGFVFTL_508,3.2305
GILGFVFTL_510,3.0273
GILGFVFTL_511,3.0938
GILGFVFTL_514,4.0938
GILGFVFTL_52,4.9297
GILGFVFTL_520,8.5781
GILGFVFTL_521,4.207
GILGFVFTL_522,3.5449
GILGFVFTL_523,2.707
GILGFVFTL_524,4.0508
GILGFVFTL_525,5.6328
GILGFVFTL_528,1.8652
GILGFVFTL_529,4.3164
GILGFVFTL_53,3.9121
GILGFVFTL_530,4.3008
GILGFVFTL_531,4.9062
GILGFVFTL_532,8.5938
GILGFVFTL_533,4.5781
GILGFVFTL_534,2.6094
GILGFVFTL_535,3.1504
GILGFVFTL_536,4.1797
GILGFVFTL_537,4.2812
GILGFVFTL_539,3.4023
GILGFVFTL_54,2.2852
GILGFVFTL_540,5.0273
GILGFVFTL_541,3.332
GILGFVFTL_542,6.8047
GILGFVFTL_543,4.6562
GILGFVFTL_544,8.5156
GILGFVFTL_547,4.4883
GILGFVFTL_548,10.6562
GILGFVFTL_549,3.7812
GILGFVFTL_55,2.4961
GILGFVFTL_550,4.0117
GILGFVFTL_551,4.3242
GILGFVFTL_552,1.7979
GILGFVFTL_553,5.7461
GILGFVFTL_554,5.5078
GILGFVFTL_555,2.3945
GILGFVFTL_557,11.1562
GILGFVFTL_558,8.375
GILGFVFTL_559,4.8906
GILGFVFTL_561,7.1719
GILGFVFTL_562,5.1406
GILGFVFTL_563,4.8047
GILGFVFTL_564,8.5938
GILGFVFTL_565,4.2383
GILGFVFTL_566,5.4844
GILGFVFTL_567,3.3125
GILGFVFTL_568,6.7266
GILGFVFTL_569,4.9141
GILGFVFTL_571,2.2949
GILGFVFTL_573,7.2812
GILGFVFTL_574,3.3828
GILGFVFTL_577,7.9961
GILGFVFTL_578,6.625
GILGFVFTL_579,8.5469
GILGFVFTL_58,1.7969
GILGFVFTL_580,7.0195
GILGFVFTL_582,3.6133
GILGFVFTL_583,4.0586
GILGFVFTL_586,8.3828
GILGFVFTL_587,3.582
GILGFVFTL_590,1.9854
GILGFVFTL_592,6.3398
GILGFVFTL_593,5.5391
GILGFVFTL_594,3.8789
GILGFVFTL_597,3.2441
GILGFVFTL_598,9.5312
GILGFVFTL_6,5.1172
GILGFVFTL_60,3.3203
GILGFVFTL_602,7.6953
GILGFVFTL_603,5.5547
GILGFVFTL_608,3.6133
GILGFVFTL_61,4.6367
GILGFVFTL_610,1.9854
GILGFVFTL_611,3.0781
GILGFVFTL_612,3.7578
GILGFVFTL_613,4.1016
GILGFVFTL_614,3.6289
GILGFVFTL_618,5.6406
GILGFVFTL_619,2.6113
GILGFVFTL_62,1.7979
GILGFVFTL_620,2.6562
GILGFVFTL_622,4.3203
GILGFVFTL_627,5.5117
GILGFVFTL_628,7.4883
GILGFVFTL_629,6.3203
GILGFVFTL_631,4.5
GILGFVFTL_634,3.7832
GILGFVFTL_637,4.7734
GILGFVFTL_638,3.5195
GILGFVFTL_643,4.8281
GILGFVFTL_648,3.8828
GILGFVFTL_65,4.0234
GILGFVFTL_650,1.8691
GILGFVFTL_651,1.7979
GILGFVFTL_652,2.8164
GILGFVFTL_653,5.0
GILGFVFTL_654,2.8027
GILGFVFTL_655,3.9883
GILGFVFTL_656,8.4219
GILGFVFTL_657,3.9863
GILGFVFTL_659,2.2676
GILGFVFTL_66,4.6797
GILGFVFTL_660,4.0234
GILGFVFTL_661,1.7979
GILGFVFTL_664,1.7979
GILGFVFTL_665,6.8125
GILGFVFTL_666,4.4414
GILGFVFTL_667,4.375
GILGFVFTL_668,8.75
GILGFVFTL_67,6.1406
GILGFVFTL_670,4.3203
GILGFVFTL_672,4.2148
GILGFVFTL_673,3.6602
GILGFVFTL_674,3.9141
GILGFVFTL_676,3.8945
GILGFVFTL_679,3.0312
GILGFVFTL_680,4.8789
GILGFVFTL_681,1.9854
GILGFVFTL_682,2.2695
GILGFVFTL_688,4.0859
GILGFVFTL_69,2.4512
GILGFVFTL_691,4.3203
GILGFVFTL_693,9.3906
GILGFVFTL_694,2.6289
GILGFVFTL_698,3.7578
GILGFVFTL_70,8.1797
GILGFVFTL_701,1.9854
GILGFVFTL_704,1.9854
GILGFVFTL_705,4.0547
GILGFVFTL_706,6.2344
GILGFVFTL_707,4.7891
GILGFVFTL_708,5.125
GILGFVFTL_71,3.7344
GILGFVFTL_712,4.793
GILGFVFTL_713,4.1289
GILGFVFTL_714,4.3945
GILGFVFTL_715,4.625
GILGFVFTL_716,3.4277
GILGFVFTL_717,3.7656
GILGFVFTL_718,9.0156
GILGFVFTL_724,2.6016
GILGFVFTL_725,4.5781
GILGFVFTL_728,2.2578
GILGFVFTL_729,5.043
GILGFVFTL_732,3.4727
GILGFVFTL_733,6.1484
GILGFVFTL_734,4.7188
GILGFVFTL_735,7.332
GILGFVFTL_736,4.1641
GILGFVFTL_737,4.1758
GILGFVFTL_739,4.1328
GILGFVFTL_74,2.5391
GILGFVFTL_741,7.9688
GILGFVFTL_744,7.1641
GILGFVFTL_745,3.7461
GILGFVFTL_749,3.1055
GILGFVFTL_750,2.8398
GILGFVFTL_752,4.0156
GILGFVFTL_756,5.8242
GILGFVFTL_757,2.7812
GILGFVFTL_758,2.7148
GILGFVFTL_760,6.8125
GILGFVFTL_766,2.8926
GILGFVFTL_77,4.6172
GILGFVFTL_771,2.2305
GILGFVFTL_772,1.7637
GILGFVFTL_773,4.4648
GILGFVFTL_774,2.6094
GILGFVFTL_776,5.1992
GILGFVFTL_777,3.1055
GILGFVFTL_779,2.7285
GILGFVFTL_78,4.7891
GILGFVFTL_780,4.1328
GILGFVFTL_781,7.9062
GILGFVFTL_786,3.1016
GILGFVFTL_787,3.2578
GILGFVFTL_788,1.9531
GILGFVFTL_789,6.0938
GILGFVFTL_792,8.1328
GILGFVFTL_793,6.2344
GILGFVFTL_794,8.4375
GILGFVFTL_795,4.7383
GILGFVFTL_796,1.9072
GILGFVFTL_797,4.4102
GILGFVFTL_798,4.0781
GILGFVFTL_799,9.0625
GILGFVFTL_8,4.2461
GILGFVFTL_800,7.8047
GILGFVFTL_802,3.1875
GILGFVFTL_804,5.2461
GILGFVFTL_806,6.5781
GILGFVFTL_810,3.6367
GILGFVFTL_811,3.1895
GILGFVFTL_816,7.8867
GILGFVFTL_817,4.7188
GILGFVFTL_818,5.4688
GILGFVFTL_819,3.9648
GILGFVFTL_82,5.0469
GILGFVFTL_820,5.168
GILGFVFTL_821,4.6797
GILGFVFTL_822,3.2344
GILGFVFTL_823,6.2422
GILGFVFTL_825,3.8711
GILGFVFTL_827,4.0742
GILGFVFTL_828,4.1016
GILGFVFTL_83,4.2266
GILGFVFTL_830,4.2031
GILGFVFTL_831,6.0273
GILGFVFTL_832,1.9854
GILGFVFTL_836,4.8203
GILGFVFTL_837,4.9414
GILGFVFTL_838,2.9258
GILGFVFTL_839,2.7344
GILGFVFTL_84,4.7656
GILGFVFTL_840,6.7852
GILGFVFTL_841,5.0664
GILGFVFTL_842,6.793
GILGFVFTL_843,4.0664
GILGFVFTL_845,2.6934
GILGFVFTL_846,2.1465
GILGFVFTL_848,3.5
GILGFVFTL_849,4.1875
GILGFVFTL_85,3.6406
GILGFVFTL_850,4.1211
GILGFVFTL_853,2.1016
GILGFVFTL_855,4.2188
GILGFVFTL_859,7.8203
GILGFVFTL_86,6.1094
GILGFVFTL_860,5.6562
GILGFVFTL_861,8.5156
GILGFVFTL_862,9.0859
GILGFVFTL_863,9.625
GILGFVFTL_864,4.3047
GILGFVFTL_865,1.8232
GILGFVFTL_868,3.7812
GILGFVFTL_869,3.2812
GILGFVFTL_87,3.9199
GILGFVFTL_871,3.1055
GILGFVFTL_872,2.8203
GILGFVFTL_876,4.9297
GILGFVFTL_877,4.7227
GILGFVFTL_879,6.3672
GILGFVFTL_88,4.9531
GILGFVFTL_880,3.9004
GILGFVFTL_881,4.5234
GILGFVFTL_882,2.0156
GILGFVFTL_884,4.5859
GILGFVFTL_886,3.4023
GILGFVFTL_888,8.4062
GILGFVFTL_89,1.9473
GILGFVFTL_891,3.6328
GILGFVFTL_892,2.9531
GILGFVFTL_893,5.4219
GILGFVFTL_894,9.875
GILGFVFTL_895,1.9092
GILGFVFTL_896,8.1172
GILGFVFTL_897,1.7637
GILGFVFTL_898,2.4746
GILGFVFTL_9,3.2617
GILGFVFTL_90,4.2578
GILGFVFTL_900,7.2852
GILGFVFTL_904,6.4375
GILGFVFTL_907,3.6406
GILGFVFTL_911,2.4062
GILGFVFTL_914,4.3672
GILGFVFTL_92,1.8691
GILGFVFTL_920,4.9883
GILGFVFTL_921,4.8125
GILGFVFTL_922,4.043
GILGFVFTL_923,2.6055
GILGFVFTL_924,5.043
GILGFVFTL_925,1.9854
GILGFVFTL_927,1.8691
GILGFVFTL_930,8.9844
GILGFVFTL_931,3.6543
GILGFVFTL_932,8.7031
GILGFVFTL_933,2.1016
GILGFVFTL_934,4.625
GILGFVFTL_935,1.7979
GILGFVFTL_937,3.5586
GILGFVFTL_938,4.4609
GILGFVFTL_940,5.0703
GILGFVFTL_941,3.7461
GILGFVFTL_942,5.2148
GILGFVFTL_943,4.2539
GILGFVFTL_944,1.915
GILGFVFTL_95,8.6484
GILGFVFTL_951,4.1758
GILGFVFTL_952,8.2734
GILGFVFTL_953,4.6562
GILGFVFTL_954,3.2676
GILGFVFTL_956,3.1953
GILGFVFTL_957,1.9854
GILGFVFTL_958,4.0
GILGFVFTL_959,2.1562
GILGFVFTL_96,2.3125
GILGFVFTL_960,3.1055
GILGFVFTL_961,8.4297
GILGFVFTL_962,5.2617
GILGFVFTL_963,4.7812
GILGFVFTL_968,4.7188
GILGFVFTL_969,2.8184
GILGFVFTL_970,3.7539
GILGFVFTL_971,4.3438
GILGFVFTL_972,6.875
GILGFVFTL_973,1.6582
GILGFVFTL_976,1.7969
GILGFVFTL_978,5.0781
GILGFVFTL_979,4.4219
GILGFVFTL_98,1.9854
GILGFVFTL_983,3.0273
GILGFVFTL_985,2.7578
GILGFVFTL_986,4.8906
GILGFVFTL_987,6.6719
GILGFVFTL_989,2.9004
GILGFVFTL_99,3.1914
GILGFVFTL_992,2.5391
GILGFVFTL_993,2.1953
GILGFVFTL_994,5.1172
GILGFVFTL_995,3.2617
GILGFVFTL_996,4.3203
GILGFVFTL_997,2.9531
GILGFVFTL_999,4.4375
GILGFVFTL_nb_10000,8.7891
GILGFVFTL_nb_10001,4.8477
GILGFVFTL_nb_10002,7.1992
GILGFVFTL_nb_10003,7.0742
GILGFVFTL_nb_10004,4.7969
GILGFVFTL_nb_10005,4.0547
GILGFVFTL_nb_10006,3.7227
GILGFVFTL_nb_10007,5.3945
GILGFVFTL_nb_10008,3.8359
GILGFVFTL_nb_10009,5.3047
GILGFVFTL_nb_10010,6.1641
GILGFVFTL_nb_10013,8.3203
GILGFVFTL_nb_10014,5.8672
GILGFVFTL_nb_1107,5.6953
GILGFVFTL_nb_1108,7.3086
GILGFVFTL_nb_1109,6.8789
GILGFVFTL_nb_1110,7.0234
GILGFVFTL_nb_1111,8.8594
GILGFVFTL_nb_1113,5.9961
GILGFVFTL_nb_1115,5.8594
GILGFVFTL_nb_1116,5.875
GILGFVFTL_nb_1117,5.1875
GILGFVFTL_nb_1118,8.5859
GILGFVFTL_nb_1119,7.9297
GILGFVFTL_nb_1120,4.8672
GILGFVFTL_nb_1121,9.2109
GILGFVFTL_nb_1122,16.5156
GILGFVFTL_nb_1123,10.5312
GILGFVFTL_nb_1126,2.6504
GILGFVFTL_nb_1127,7.1328
GILGFVFTL_nb_1129,4.3438
GILGFVFTL_nb_1130,5.1094
GILGFVFTL_nb_1132,6.0742
GILGFVFTL_nb_1133,6.9922
GILGFVFTL_nb_1137,5.7422
GILGFVFTL_nb_1138,8.7891
GILGFVFTL_nb_1139,5.418
GILGFVFTL_nb_1140,5.2969
GILGFVFTL_nb_1142,7.0938
GILGFVFTL_nb_1143,6.9141
GILGFVFTL_nb_1145,5.7734
GILGFVFTL_nb_1146,5.3281
GILGFVFTL_nb_1149,5.7578
GILGFVFTL_nb_1150,5.3672
GILGFVFTL_nb_1151,3.8945
GILGFVFTL_nb_1153,5.2891
GILGFVFTL_nb_1157,7.3633
GILGFVFTL_nb_1158,5.7422
GILGFVFTL_nb_1159,5.7109
GILGFVFTL_nb_1161,5.6328
GILGFVFTL_nb_1163,4.6406
GILGFVFTL_nb_1164,6.5547
GILGFVFTL_nb_1165,6.668
GILGFVFTL_nb_1166,6.8672
GILGFVFTL_nb_1167,5.7812
GILGFVFTL_nb_1168,7.4531
GILGFVFTL_nb_1169,5.9531
GILGFVFTL_nb_1170,8.3672
GILGFVFTL_nb_1171,9.0938
GILGFVFTL_nb_1175,8.4844
GILGFVFTL_nb_1176,4.582
GILGFVFTL_nb_11760,5.5078
GILGFVFTL_nb_11762,9.2891
GILGFVFTL_nb_11763,5.3203
GILGFVFTL_nb_11765,7.3984
GILGFVFTL_nb_11767,5.7969
GILGFVFTL_nb_11768,8.1875
GILGFVFTL_nb_1177,4.3203
GILGFVFTL_nb_11771,4.668
GILGFVFTL_nb_11773,4.5938
GILGFVFTL_nb_11774,5.2188
GILGFVFTL_nb_11776,3.8164
GILGFVFTL_nb_11777,5.375
GILGFVFTL_nb_11778,10.8906
GILGFVFTL_nb_11779,4.4375
GILGFVFTL_nb_1178,5.6406
GILGFVFTL_nb_11782,4.4375
GILGFVFTL_nb_11784,7.6211
GILGFVFTL_nb_11785,5.6758
GILGFVFTL_nb_11786,8.4609
GILGFVFTL_nb_11787,5.1484
GILGFVFTL_nb_11788,4.4258
GILGFVFTL_nb_1179,3.8125
GILGFVFTL_nb_11790,5.9102
GILGFVFTL_nb_11791,5.6016
GILGFVFTL_nb_11793,6.5469
GILGFVFTL_nb_11794,8.3125
GILGFVFTL_nb_11796,8.0469
GILGFVFTL_nb_11797,9.7891
GILGFVFTL_nb_11798,6.6641
GILGFVFTL_nb_1180,4.0703
GILGFVFTL_nb_11800,7.375
GILGFVFTL_nb_11802,7.1875
GILGFVFTL_nb_11803,7.3203
GILGFVFTL_nb_11804,6.7148
GILGFVFTL_nb_11806,7.6016
GILGFVFTL_nb_11808,8.6094
GILGFVFTL_nb_11809,6.2422
GILGFVFTL_nb_11810,7.2812
GILGFVFTL_nb_11812,8.0625
GILGFVFTL_nb_11814,6.1016
GILGFVFTL_nb_1182,6.3516
GILGFVFTL_nb_11820,8.7344
GILGFVFTL_nb_11821,6.5938
GILGFVFTL_nb_11822,6.2656
GILGFVFTL_nb_1183,6.9453
GILGFVFTL_nb_1184,9.8359
GILGFVFTL_nb_1185,5.5547
GILGFVFTL_nb_1186,5.4883
GILGFVFTL_nb_1189,6.3906
GILGFVFTL_nb_1191,5.0938
GILGFVFTL_nb_1194,7.5938
GILGFVFTL_nb_1196,9.6406
GILGFVFTL_nb_1198,5.375
GILGFVFTL_nb_1199,6.082
GILGFVFTL_nb_1200,7.2891
GILGFVFTL_nb_1202,6.5781
GILGFVFTL_nb_1203,7.5742
GILGFVFTL_nb_1205,7.5703
GILGFVFTL_nb_1206,9.6719
GILGFVFTL_nb_1207,8.0859
GILGFVFTL_nb_1209,5.5625
GILGFVFTL_nb_1210,6.6172
GILGFVFTL_nb_1212,11.375
GILGFVFTL_nb_1213,8.4688
GILGFVFTL_nb_1216,10.7188
GILGFVFTL_nb_1219,7.5977
GILGFVFTL_nb_1220,6.707
GILGFVFTL_nb_1221,13.7812
GILGFVFTL_nb_1223,7.0078
GILGFVFTL_nb_1224,6.8398
GILGFVFTL_nb_1225,6.7773
GILGFVFTL_nb_1226,4.4883
GILGFVFTL_nb_1228,9.7656
GILGFVFTL_nb_1229,4.9336
GILGFVFTL_nb_1230,4.5
GILGFVFTL_nb_1232,7.3203
GILGFVFTL_nb_1233,5.4688
GILGFVFTL_nb_1234,8.625
GILGFVFTL_nb_1235,6.4297
GILGFVFTL_nb_1236,5.1641
GILGFVFTL_nb_1237,4.3672
GILGFVFTL_nb_1238,5.7695
GILGFVFTL_nb_1239,6.8125
GILGFVFTL_nb_1242,4.3164
GILGFVFTL_nb_1243,5.2266
GILGFVFTL_nb_1244,6.3477
GILGFVFTL_nb_1245,7.1406
GILGFVFTL_nb_1246,4.5234
GILGFVFTL_nb_1247,4.8555
GILGFVFTL_nb_1249,6.4531
GILGFVFTL_nb_1250,7.6641
GILGFVFTL_nb_1251,5.2031
GILGFVFTL_nb_1252,8.0781
GILGFVFTL_nb_1253,6.4922
GILGFVFTL_nb_1254,7.0977
GILGFVFTL_nb_1255,3.9258
GILGFVFTL_nb_1256,4.7578
GILGFVFTL_nb_1257,8.5312
GILGFVFTL_nb_1258,6.4648
GILGFVFTL_nb_1262,8.3672
GILGFVFTL_nb_1265,7.4336
GILGFVFTL_nb_1268,8.9062
GILGFVFTL_nb_1269,5.75
GILGFVFTL_nb_1270,3.0234
GILGFVFTL_nb_1271,5.4453
GILGFVFTL_nb_1275,8.2578
GILGFVFTL_nb_1276,7.9766
GILGFVFTL_nb_1277,6.8242
GILGFVFTL_nb_4700,4.9531
GILGFVFTL_nb_4701,8.1406
GILGFVFTL_nb_4704,4.3867
GILGFVFTL_nb_4705,12.4688
GILGFVFTL_nb_4706,6.2617
GILGFVFTL_nb_4707,6.2852
GILGFVFTL_nb_4708,6.0625
GILGFVFTL_nb_4709,6.6016
GILGFVFTL_nb_4711,6.9844
GILGFVFTL_nb_4716,5.8906
GILGFVFTL_nb_4717,7.7656
GILGFVFTL_nb_4718,4.7109
GILGFVFTL_nb_4719,10.0312
GILGFVFTL_nb_4720,6.7461
GILGFVFTL_nb_4721,3.7871
GILGFVFTL_nb_4723,9.5
GILGFVFTL_nb_4724,8.5781
GILGFVFTL_nb_4725,8.1797
GILGFVFTL_nb_4727,6.7422
GILGFVFTL_nb_4728,6.8164
GILGFVFTL_nb_4729,9.3125
GILGFVFTL_nb_4730,5.4688
GILGFVFTL_nb_4731,4.4062
GILGFVFTL_nb_4735,9.0391
GILGFVFTL_nb_4736,6.5312
GILGFVFTL_nb_4737,6.3203
GILGFVFTL_nb_4742,7.2891
GILGFVFTL_nb_4743,4.5078
GILGFVFTL_nb_4745,5.7344
GILGFVFTL_nb_4746,4.8203
GILGFVFTL_nb_4747,7.1055
GILGFVFTL_nb_4749,5.0352
GILGFVFTL_nb_4750,6.6328
GILGFVFTL_nb_4751,5.8359
GILGFVFTL_nb_4752,8.7031
GILGFVFTL_nb_4753,5.875
GILGFVFTL_nb_4755,9.2344
GILGFVFTL_nb_4756,5.668
GILGFVFTL_nb_4758,4.8594
GILGFVFTL_nb_4759,4.3672
GILGFVFTL_nb_4761,11.1875
GILGFVFTL_nb_4762,7.4883
GILGFVFTL_nb_4763,6.6641
GILGFVFTL_nb_4764,6.0781
GILGFVFTL_nb_4765,5.2578
GILGFVFTL_nb_4768,8.6875
GILGFVFTL_nb_4769,8.8594
GILGFVFTL_nb_4770,7.0547
GILGFVFTL_nb_4771,4.7656
GILGFVFTL_nb_4772,8.7422
GILGFVFTL_nb_4773,3.8672
GILGFVFTL_nb_4775,8.9531
GILGFVFTL_nb_4776,6.0938
GILGFVFTL_nb_4779,6.2852
GILGFVFTL_nb_4780,3.5508
GILGFVFTL_nb_4782,9.25
GILGFVFTL_nb_4783,5.7383
GILGFVFTL_nb_4786,5.4375
GILGFVFTL_nb_4788,6.8281
GILGFVFTL_nb_4790,7.0859
GILGFVFTL_nb_4791,6.75
GILGFVFTL_nb_4792,5.0156
GILGFVFTL_nb_4793,7.75
GILGFVFTL_nb_4794,6.2695
GILGFVFTL_nb_4795,5.7148
GILGFVFTL_nb_4796,7.2578
GILGFVFTL_nb_4798,10.625
GILGFVFTL_nb_4799,5.3516
GILGFVFTL_nb_4800,7.0547
GILGFVFTL_nb_4802,4.2539
GILGFVFTL_nb_4803,6.0547
GILGFVFTL_nb_4804,6.9688
GILGFVFTL_nb_4805,4.7188
GILGFVFTL_nb_4807,3.7344
GILGFVFTL_nb_4808,6.9062
GILGFVFTL_nb_4809,5.9141
GILGFVFTL_nb_4810,5.543
GILGFVFTL_nb_4812,5.1328
GILGFVFTL_nb_4813,7.1328
GILGFVFTL_nb_4814,5.4219
GILGFVFTL_nb_4817,9.0
GILGFVFTL_nb_4818,4.2891
GILGFVFTL_nb_4819,7.7188
GILGFVFTL_nb_4821,6.0859
GILGFVFTL_nb_4822,6.1875
GILGFVFTL_nb_4823,7.6172
GILGFVFTL_nb_4824,4.875
GILGFVFTL_nb_4825,8.6406
GILGFVFTL_nb_4827,5.7617
GILGFVFTL_nb_4829,7.0312
GILGFVFTL_nb_4831,7.0078
GILGFVFTL_nb_4832,2.5469
GILGFVFTL_nb_4835,5.7891
GILGFVFTL_nb_4838,6.5898
GILGFVFTL_nb_4839,5.3633
GILGFVFTL_nb_4842,8.6406
GILGFVFTL_nb_4843,9.5781
GILGFVFTL_nb_4845,4.3984
GILGFVFTL_nb_4847,6.5898
GILGFVFTL_nb_4848,6.1094
GILGFVFTL_nb_4851,4.4922
GILGFVFTL_nb_4852,6.4453
GILGFVFTL_nb_4853,7.25
GILGFVFTL_nb_4854,7.8984
GILGFVFTL_nb_4855,7.7422
GILGFVFTL_nb_4856,6.6016
GILGFVFTL_nb_4858,5.9375
GILGFVFTL_nb_4859,9.2969
GILGFVFTL_nb_4860,7.875
GILGFVFTL_nb_4863,3.3477
GILGFVFTL_nb_4865,8.5156
GILGFVFTL_nb_4866,8.5938
GILGFVFTL_nb_4867,5.4453
GILGFVFTL_nb_4868,5.6562
GILGFVFTL_nb_4869,4.4688
GILGFVFTL_nb_4870,6.7891
GILGFVFTL_nb_4871,5.0938
GILGFVFTL_nb_4872,8.3672
GILGFVFTL_nb_4873,5.7734
GILGFVFTL_nb_4874,7.6367
GILGFVFTL_nb_4875,4.6797
GILGFVFTL_nb_4876,8.9375
GILGFVFTL_nb_4879,9.7031
GILGFVFTL_nb_4882,8.9062
GILGFVFTL_nb_4883,7.9219
GILGFVFTL_nb_4885,8.2344
GILGFVFTL_nb_4887,5.9062
GILGFVFTL_nb_4888,6.1875
GILGFVFTL_nb_4889,5.8203
GILGFVFTL_nb_4890,4.3047
GILGFVFTL_nb_4891,8.3594
GILGFVFTL_nb_4893,9.1562
GILGFVFTL_nb_4894,8.0703
GILGFVFTL_nb_4896,7.832
GILGFVFTL_nb_4897,5.5234
GILGFVFTL_nb_4898,8.5156
GILGFVFTL_nb_4899,5.1094
GILGFVFTL_nb_4901,5.2266
GILGFVFTL_nb_4902,6.5859
GILGFVFTL_nb_4903,9.2656
GILGFVFTL_nb_4904,6.7305
GILGFVFTL_nb_4905,4.9922
GILGFVFTL_nb_4906,8.7734
GILGFVFTL_nb_4907,7.3516
GILGFVFTL_nb_4911,4.6094
GILGFVFTL_nb_4912,9.1484
GILGFVFTL_nb_4913,7.2461
GILGFVFTL_nb_4914,6.7383
GILGFVFTL_nb_4915,6.2422
GILGFVFTL_nb_4916,3.8281
GILGFVFTL_nb_4918,8.0781
GILGFVFTL_nb_4919,8.5312
GILGFVFTL_nb_4920,6.5312
GILGFVFTL_nb_4921,8.0781
GILGFVFTL_nb_4923,9.8594
GILGFVFTL_nb_4927,9.3594
GILGFVFTL_nb_4928,6.4688
GILGFVFTL_nb_4929,6.6484
GILGFVFTL_nb_4930,4.1328
GILGFVFTL_nb_4931,6.0703
GILGFVFTL_nb_4932,6.3672
GILGFVFTL_nb_4933,5.9336
GILGFVFTL_nb_4934,4.9062
GILGFVFTL_nb_4936,7.4258
GILGFVFTL_nb_4937,5.457
GILGFVFTL_nb_4940,6.5469
GILGFVFTL_nb_4941,8.9531
GILGFVFTL_nb_4942,6.3867
GILGFVFTL_nb_4943,6.8906
GILGFVFTL_nb_4944,10.5625
GILGFVFTL_nb_4947,4.9102
GILGFVFTL_nb_4948,7.0156
GILGFVFTL_nb_4949,6.4922
GILGFVFTL_nb_4950,10.5625
GILGFVFTL_nb_4951,8.3203
GILGFVFTL_nb_4952,8.9531
GILGFVFTL_nb_4954,5.8594
GILGFVFTL_nb_4955,7.1953
GILGFVFTL_nb_4956,7.875
GILGFVFTL_nb_4957,3.875
GILGFVFTL_nb_4959,6.418
GILGFVFTL_nb_4960,5.6875
GILGFVFTL_nb_4961,9.0
GILGFVFTL_nb_4962,10.3281
GILGFVFTL_nb_4963,6.9688
GILGFVFTL_nb_4965,9.7031
GILGFVFTL_nb_4966,5.2266
GILGFVFTL_nb_4967,3.9883
GILGFVFTL_nb_4968,7.0234
GILGFVFTL_nb_4970,8.4453
GILGFVFTL_nb_4971,6.5938
GILGFVFTL_nb_4972,5.8633
GILGFVFTL_nb_4974,6.625
GILGFVFTL_nb_4975,6.3594
GILGFVFTL_nb_4976,6.5234
GILGFVFTL_nb_4978,6.7617
GILGFVFTL_nb_4979,8.5
GILGFVFTL_nb_4980,5.6953
GILGFVFTL_nb_4982,5.0078
GILGFVFTL_nb_4983,5.3789
GILGFVFTL_nb_4985,8.0938
GILGFVFTL_nb_4987,9.9062
GILGFVFTL_nb_4988,9.6484
GILGFVFTL_nb_4989,8.2812
GILGFVFTL_nb_4990,8.4688
GILGFVFTL_nb_4993,9.1328
GILGFVFTL_nb_4994,6.5508
GILGFVFTL_nb_4995,8.9609
GILGFVFTL_nb_4997,9.3203
GILGFVFTL_nb_4998,7.1914
GILGFVFTL_nb_4999,8.5625
GILGFVFTL_nb_5000,8.2188
GILGFVFTL_nb_5002,7.7656
GILGFVFTL_nb_5005,6.625
GILGFVFTL_nb_5006,6.0469
GILGFVFTL_nb_5008,6.4453
GILGFVFTL_nb_5010,6.2188
GILGFVFTL_nb_5012,7.2734
GILGFVFTL_nb_5013,5.7969
GILGFVFTL_nb_5014,6.9531
GILGFVFTL_nb_5015,6.8516
GILGFVFTL_nb_5017,5.0352
GILGFVFTL_nb_5018,7.0312
GILGFVFTL_nb_5022,14.1875
GILGFVFTL_nb_5026,8.3203
GILGFVFTL_nb_5027,5.6953
GILGFVFTL_nb_5028,4.9688
GILGFVFTL_nb_5032,6.5234
GILGFVFTL_nb_5034,9.8906
GILGFVFTL_nb_5035,5.8672
GILGFVFTL_nb_5036,5.4062
GILGFVFTL_nb_5037,7.1133
GILGFVFTL_nb_5038,9.2656
GILGFVFTL_nb_5039,6.9844
GILGFVFTL_nb_5040,3.375
GILGFVFTL_nb_5041,7.1016
GILGFVFTL_nb_5042,7.5547
GILGFVFTL_nb_5043,5.0
GILGFVFTL_nb_5044,4.6719
GILGFVFTL_nb_5045,5.2617
GILGFVFTL_nb_5046,7.5469
GILGFVFTL_nb_5047,4.7812
GILGFVFTL_nb_5048,5.4141
GILGFVFTL_nb_5049,8.8281
GILGFVFTL_nb_5050,6.8516
GILGFVFTL_nb_5051,6.1016
GILGFVFTL_nb_5052,5.9375
GILGFVFTL_nb_5054,7.9609
GILGFVFTL_nb_5057,5.4922
GILGFVFTL_nb_5058,5.3906
GILGFVFTL_nb_5059,6.8047
GILGFVFTL_nb_5060,7.8438
GILGFVFTL_nb_5062,8.9844
GILGFVFTL_nb_5065,3.7812
GILGFVFTL_nb_5066,7.1602
GILGFVFTL_nb_5070,7.1328
GILGFVFTL_nb_5071,6.2852
GILGFVFTL_nb_5072,7.1094
GILGFVFTL_nb_5073,9.75
GILGFVFTL_nb_5075,7.1797
GILGFVFTL_nb_5076,8.0781
GILGFVFTL_nb_5078,4.9023
GILGFVFTL_nb_5079,7.1328
GILGFVFTL_nb_5080,4.7266
GILGFVFTL_nb_5083,5.9297
GILGFVFTL_nb_5084,7.5234
GILGFVFTL_nb_5087,8.3125
GILGFVFTL_nb_5088,7.2969
GILGFVFTL_nb_5089,6.1445
GILGFVFTL_nb_5090,7.9688
GILGFVFTL_nb_5091,6.7227
GILGFVFTL_nb_5092,7.7617
GILGFVFTL_nb_5094,8.5078
GILGFVFTL_nb_5097,8.6094
GILGFVFTL_nb_5098,6.0469
GILGFVFTL_nb_5099,6.9688
GILGFVFTL_nb_5100,6.7109
GILGFVFTL_nb_5103,5.5547
GILGFVFTL_nb_5104,5.9531
GILGFVFTL_nb_5107,7.2031
GILGFVFTL_nb_5108,6.9297
GILGFVFTL_nb_5111,8.7109
GILGFVFTL_nb_5112,7.2656
GILGFVFTL_nb_5113,4.8516
GILGFVFTL_nb_5114,7.2734
GILGFVFTL_nb_5115,7.8359
GILGFVFTL_nb_5116,8.7734
GILGFVFTL_nb_5118,6.7891
GILGFVFTL_nb_5119,7.0742
GILGFVFTL_nb_5121,5.9844
GILGFVFTL_nb_5123,6.0469
GILGFVFTL_nb_5125,7.8906
GILGFVFTL_nb_5126,7.5938
GILGFVFTL_nb_5127,6.1094
GILGFVFTL_nb_5128,3.668
GILGFVFTL_nb_5129,8.5547
GILGFVFTL_nb_5130,5.4531
GILGFVFTL_nb_5131,8.1406
GILGFVFTL_nb_5134,5.5703
GILGFVFTL_nb_5135,7.8125
GILGFVFTL_nb_5136,8.8125
GILGFVFTL_nb_5138,7.0703
GILGFVFTL_nb_5141,7.0234
GILGFVFTL_nb_5143,6.0039
GILGFVFTL_nb_5144,9.4375
GILGFVFTL_nb_5146,12.0469
GILGFVFTL_nb_5147,6.5117
GILGFVFTL_nb_5149,4.7188
GILGFVFTL_nb_5151,5.875
GILGFVFTL_nb_5152,4.7109
GILGFVFTL_nb_5153,6.4727
GILGFVFTL_nb_5157,7.5156
GILGFVFTL_nb_5158,5.2422
GILGFVFTL_nb_5160,5.8008
GILGFVFTL_nb_5163,5.6953
GILGFVFTL_nb_5164,9.2578
GILGFVFTL_nb_5165,4.5117
GILGFVFTL_nb_5166,6.7812
GILGFVFTL_nb_5170,6.5664
GILGFVFTL_nb_5171,11.6484
GILGFVFTL_nb_5172,4.6758
GILGFVFTL_nb_5173,8.1406
GILGFVFTL_nb_5175,4.8047
GILGFVFTL_nb_5177,8.2344
GILGFVFTL_nb_5178,6.5
GILGFVFTL_nb_5180,4.2656
GILGFVFTL_nb_5181,9.7656
GILGFVFTL_nb_5182,4.6172
GILGFVFTL_nb_5184,7.5547
GILGFVFTL_nb_5186,5.9453
GILGFVFTL_nb_5187,4.9297
GILGFVFTL_nb_5189,7.4453
GILGFVFTL_nb_5191,5.3867
GILGFVFTL_nb_5192,6.7812
GILGFVFTL_nb_5193,5.6133
GILGFVFTL_nb_5194,5.9453
GILGFVFTL_nb_5195,6.5469
GILGFVFTL_nb_5196,10.6562
GILGFVFTL_nb_5197,5.9258
GILGFVFTL_nb_5199,8.8672
GILGFVFTL_nb_9243,7.6328
GILGFVFTL_nb_9244,5.5508
GILGFVFTL_nb_9245,5.6914
GILGFVFTL_nb_9246,8.3438
GILGFVFTL_nb_9249,5.5312
GILGFVFTL_nb_9250,4.4062
GILGFVFTL_nb_9251,3.3047
GILGFVFTL_nb_9252,7.6484
GILGFVFTL_nb_9255,6.4141
GILGFVFTL_nb_9256,6.2266
GILGFVFTL_nb_9259,5.168
GILGFVFTL_nb_9260,7.6836
GILGFVFTL_nb_9261,6.125
GILGFVFTL_nb_9262,6.4141
GILGFVFTL_nb_9263,4.1641
GILGFVFTL_nb_9267,7.125
GILGFVFTL_nb_9268,6.1172
GILGFVFTL_nb_9269,2.9336
GILGFVFTL_nb_9270,6.1328
GILGFVFTL_nb_9271,4.8633
GILGFVFTL_nb_9272,5.5625
GILGFVFTL_nb_9273,8.3984
GILGFVFTL_nb_9276,7.3164
GILGFVFTL_nb_9277,6.8906
GILGFVFTL_nb_9278,10.9062
GILGFVFTL_nb_9280,5.5586
GILGFVFTL_nb_9283,4.3984
GILGFVFTL_nb_9285,7.7461
GILGFVFTL_nb_9287,4.9414
GILGFVFTL_nb_9288,8.8359
GILGFVFTL_nb_9289,6.6328
GILGFVFTL_nb_9290,4.1719
GILGFVFTL_nb_9291,8.5469
GILGFVFTL_nb_9293,6.5742
GILGFVFTL_nb_9294,5.0469
GILGFVFTL_nb_9295,7.1992
GILGFVFTL_nb_9296,7.1641
GILGFVFTL_nb_9298,8.2422
GILGFVFTL_nb_9299,4.2656
GILGFVFTL_nb_9300,5.3828
GILGFVFTL_nb_9302,7.8828
GILGFVFTL_nb_9303,5.0742
GILGFVFTL_nb_9304,7.2188
GILGFVFTL_nb_9305,4.7578
GILGFVFTL_nb_9306,6.1094
GILGFVFTL_nb_9307,6.0156
GILGFVFTL_nb_9309,7.2109
GILGFVFTL_nb_9310,5.7812
GILGFVFTL_nb_9312,8.0391
GILGFVFTL_nb_9316,6.3398
GILGFVFTL_nb_9319,8.4375
GILGFVFTL_nb_9320,5.2891
GILGFVFTL_nb_9322,4.8867
GILGFVFTL_nb_9323,4.8359
GILGFVFTL_nb_9324,5.2891
GILGFVFTL_nb_9325,3.877
GILGFVFTL_nb_9327,5.9688
GILGFVFTL_nb_9328,8.6562
GILGFVFTL_nb_9329,12.4219
GILGFVFTL_nb_9331,8.5234
GILGFVFTL_nb_9332,4.5664
GILGFVFTL_nb_9334,4.1719
GILGFVFTL_nb_9335,5.1094
GILGFVFTL_nb_9337,5.4727
GILGFVFTL_nb_9340,6.082
GILGFVFTL_nb_9341,7.8984
GILGFVFTL_nb_9342,7.7695
GILGFVFTL_nb_9345,6.4883
GILGFVFTL_nb_9346,6.1992
GILGFVFTL_nb_9348,4.1562
GILGFVFTL_nb_9349,8.1875
GILGFVFTL_nb_9351,4.9453
GILGFVFTL_nb_9352,5.1289
GILGFVFTL_nb_9353,7.543
GILGFVFTL_nb_9354,7.4297
GILGFVFTL_nb_9355,7.8203
GILGFVFTL_nb_9358,7.7617
GILGFVFTL_nb_9359,9.375
GILGFVFTL_nb_9360,5.3125
GILGFVFTL_nb_9361,5.3125
GILGFVFTL_nb_9362,9.0312
GILGFVFTL_nb_9363,6.918
GILGFVFTL_nb_9364,8.6562
GILGFVFTL_nb_9366,4.5898
GILGFVFTL_nb_9367,6.5547
GILGFVFTL_nb_9369,6.7266
GILGFVFTL_nb_9370,4.9219
GILGFVFTL_nb_9372,4.793
GILGFVFTL_nb_9374,7.5781
GILGFVFTL_nb_9376,6.1914
GILGFVFTL_nb_9377,7.3672
GILGFVFTL_nb_9379,6.5156
GILGFVFTL_nb_9383,8.2656
GILGFVFTL_nb_9385,7.8516
GILGFVFTL_nb_9386,7.4141
GILGFVFTL_nb_9388,7.0898
GILGFVFTL_nb_9389,7.5312
GILGFVFTL_nb_9390,7.9336
GILGFVFTL_nb_9391,8.8125
GILGFVFTL_nb_9392,6.1797
GILGFVFTL_nb_9393,5.5
GILGFVFTL_nb_9394,7.7266
GILGFVFTL_nb_9395,7.4062
GILGFVFTL_nb_9397,8.5234
GILGFVFTL_nb_9400,6.5234
GILGFVFTL_nb_9404,8.9688
GILGFVFTL_nb_9406,4.7188
GILGFVFTL_nb_9407,5.5078
GILGFVFTL_nb_9409,6.5
GILGFVFTL_nb_9410,9.8438
GILGFVFTL_nb_9411,6.293
GILGFVFTL_nb_9412,8.2812
GILGFVFTL_nb_9417,4.4844
GILGFVFTL_nb_9419,8.4062
GILGFVFTL_nb_9420,6.8633
GILGFVFTL_nb_9421,6.6602
GILGFVFTL_nb_9422,4.043
GILGFVFTL_nb_9423,5.3281
GILGFVFTL_nb_9424,4.5703
GILGFVFTL_nb_9425,4.3672
GILGFVFTL_nb_9426,7.0
GILGFVFTL_nb_9428,6.3828
GILGFVFTL_nb_9429,9.3672
GILGFVFTL_nb_9430,5.2539
GILGFVFTL_nb_9432,5.5469
GILGFVFTL_nb_9433,6.793
GILGFVFTL_nb_9434,7.8047
GILGFVFTL_nb_9435,5.2969
GILGFVFTL_nb_9437,10.4375
GILGFVFTL_nb_9438,9.4375
GILGFVFTL_nb_9439,5.3047
GILGFVFTL_nb_9440,9.0078
GILGFVFTL_nb_9441,4.5664
GILGFVFTL_nb_9443,6.1797
GILGFVFTL_nb_9444,5.5664
GILGFVFTL_nb_9445,6.0625
GILGFVFTL_nb_9446,6.6016
GILGFVFTL_nb_9448,7.7656
GILGFVFTL_nb_9451,5.0898
GILGFVFTL_nb_9452,6.5312
GILGFVFTL_nb_9454,3.793
GILGFVFTL_nb_9455,6.1992
GILGFVFTL_nb_9456,8.3359
GILGFVFTL_nb_9457,5.5547
GILGFVFTL_nb_9459,6.875
GILGFVFTL_nb_9460,2.9258
GILGFVFTL_nb_9462,6.5234
GILGFVFTL_nb_9464,8.2344
GILGFVFTL_nb_9465,7.6797
GILGFVFTL_nb_9466,7.0234
GILGFVFTL_nb_9467,7.0898
GILGFVFTL_nb_9470,6.6797
GILGFVFTL_nb_9471,8.0781
GILGFVFTL_nb_9472,6.0156
GILGFVFTL_nb_9474,4.6367
GILGFVFTL_nb_9475,3.6445
GILGFVFTL_nb_9477,4.4023
GILGFVFTL_nb_9478,7.3281
GILGFVFTL_nb_9479,8.4375
GILGFVFTL_nb_9480,8.8516
GILGFVFTL_nb_9483,9.4375
GILGFVFTL_nb_9484,7.5586
GILGFVFTL_nb_9487,7.9844
GILGFVFTL_nb_9488,4.6094
GILGFVFTL_nb_9490,8.2656
GILGFVFTL_nb_9491,6.9102
GILGFVFTL_nb_9493,6.6523
GILGFVFTL_nb_9494,11.8125
GILGFVFTL_nb_9495,3.168
GILGFVFTL_nb_9496,7.3594
GILGFVFTL_nb_9497,6.6406
GILGFVFTL_nb_9498,7.582
GILGFVFTL_nb_9499,5.5352
GILGFVFTL_nb_9501,7.5156
GILGFVFTL_nb_9502,7.9414
GILGFVFTL_nb_9504,4.9297
GILGFVFTL_nb_9505,9.0156
GILGFVFTL_nb_9508,5.4453
GILGFVFTL_nb_9509,6.8281
GILGFVFTL_nb_9511,5.1172
GILGFVFTL_nb_9513,4.9141
GILGFVFTL_nb_9514,6.8281
GILGFVFTL_nb_9515,7.125
GILGFVFTL_nb_9516,6.9531
GILGFVFTL_nb_9517,6.4688
GILGFVFTL_nb_9518,5.8086
GILGFVFTL_nb_9519,4.5078
GILGFVFTL_nb_9520,4.8906
GILGFVFTL_nb_9522,8.7578
GILGFVFTL_nb_9523,8.1172
GILGFVFTL_nb_9525,5.0078
GILGFVFTL_nb_9526,8.8594
GILGFVFTL_nb_9529,9.0312
GILGFVFTL_nb_9530,5.8906
GILGFVFTL_nb_9531,9.0
GILGFVFTL_nb_9532,5.8281
GILGFVFTL_nb_9533,8.2422
GILGFVFTL_nb_9534,4.3984
GILGFVFTL_nb_9536,6.8398
GILGFVFTL_nb_9537,5.1602
GILGFVFTL_nb_9538,6.2188
GILGFVFTL_nb_9539,6.4844
GILGFVFTL_nb_9540,4.4609
GILGFVFTL_nb_9542,7.6289
GILGFVFTL_nb_9544,8.6406
GILGFVFTL_nb_9545,6.5195
GILGFVFTL_nb_9548,6.3125
GILGFVFTL_nb_9551,6.8672
GILGFVFTL_nb_9552,6.3945
GILGFVFTL_nb_9553,6.5352
GILGFVFTL_nb_9554,6.3477
GILGFVFTL_nb_9555,5.3594
GILGFVFTL_nb_9556,5.0312
GILGFVFTL_nb_9557,4.9375
GILGFVFTL_nb_9558,8.8281
GILGFVFTL_nb_9559,9.6562
GILGFVFTL_nb_9560,7.3516
GILGFVFTL_nb_9561,6.0859
GILGFVFTL_nb_9562,8.5781
GILGFVFTL_nb_9563,7.793
GILGFVFTL_nb_9564,9.9219
GILGFVFTL_nb_9567,9.9844
GILGFVFTL_nb_9568,7.4453
GILGFVFTL_nb_9569,9.1094
GILGFVFTL_nb_9571,6.1016
GILGFVFTL_nb_9572,8.4219
GILGFVFTL_nb_9573,6.9688
GILGFVFTL_nb_9575,4.9688
GILGFVFTL_nb_9576,5.918
GILGFVFTL_nb_9577,8.5469
GILGFVFTL_nb_9578,5.0312
GILGFVFTL_nb_9582,4.4023
GILGFVFTL_nb_9583,4.8438
GILGFVFTL_nb_9587,5.3828
GILGFVFTL_nb_9589,6.7266
GILGFVFTL_nb_9591,8.0391
GILGFVFTL_nb_9593,8.5
GILGFVFTL_nb_9594,11.8594
GILGFVFTL_nb_9596,7.2266
GILGFVFTL_nb_9597,5.043
GILGFVFTL_nb_9598,5.8945
GILGFVFTL_nb_9599,6.3047
GILGFVFTL_nb_9600,11.4844
GILGFVFTL_nb_9602,7.5508
GILGFVFTL_nb_9606,7.0312
GILGFVFTL_nb_9608,8.8281
GILGFVFTL_nb_9609,4.6914
GILGFVFTL_nb_9610,7.5312
GILGFVFTL_nb_9612,5.3906
GILGFVFTL_nb_9614,7.4375
GILGFVFTL_nb_9615,5.2617
GILGFVFTL_nb_9618,4.7578
GILGFVFTL_nb_9619,5.9766
GILGFVFTL_nb_9621,5.4766
GILGFVFTL_nb_9622,9.1328
GILGFVFTL_nb_9624,4.5078
GILGFVFTL_nb_9626,4.6094
GILGFVFTL_nb_9627,8.8516
GILGFVFTL_nb_9629,7.9336
GILGFVFTL_nb_9630,4.6094
GILGFVFTL_nb_9631,8.375
GILGFVFTL_nb_9632,3.832
GILGFVFTL_nb_9633,5.5508
GILGFVFTL_nb_9634,7.2891
GILGFVFTL_nb_9635,5.2969
GILGFVFTL_nb_9636,6.4609
GILGFVFTL_nb_9639,5.9297
GILGFVFTL_nb_9641,9.1562
GILGFVFTL_nb_9642,6.1914
GILGFVFTL_nb_9643,9.2891
GILGFVFTL_nb_9644,7.6094
GILGFVFTL_nb_9645,6.3281
GILGFVFTL_nb_9646,6.7266
GILGFVFTL_nb_9647,4.1016
GILGFVFTL_nb_9649,4.3789
GILGFVFTL_nb_9650,6.5547
GILGFVFTL_nb_9653,10.4688
GILGFVFTL_nb_9654,7.8203
GILGFVFTL_nb_9655,4.9375
GILGFVFTL_nb_9656,5.3906
GILGFVFTL_nb_9657,7.8906
GILGFVFTL_nb_9660,5.9883
GILGFVFTL_nb_9661,3.416
GILGFVFTL_nb_9662,6.2656
GILGFVFTL_nb_9666,7.6719
GILGFVFTL_nb_9667,8.0703
GILGFVFTL_nb_9668,10.0156
GILGFVFTL_nb_9669,8.7656
GILGFVFTL_nb_9670,5.9688
GILGFVFTL_nb_9671,7.2812
GILGFVFTL_nb_9672,6.9375
GILGFVFTL_nb_9673,5.4609
GILGFVFTL_nb_9674,7.4102
GILGFVFTL_nb_9676,9.8594
GILGFVFTL_nb_9677,8.0156
GILGFVFTL_nb_9678,6.4219
GILGFVFTL_nb_9679,4.7852
GILGFVFTL_nb_9680,9.4609
GILGFVFTL_nb_9681,6.5312
GILGFVFTL_nb_9685,12.0938
GILGFVFTL_nb_9686,9.5391
GILGFVFTL_nb_9687,7.582
GILGFVFTL_nb_9688,5.9219
GILGFVFTL_nb_9689,6.1797
GILGFVFTL_nb_9691,7.7031
GILGFVFTL_nb_9694,5.5391
GILGFVFTL_nb_9695,9.8047
GILGFVFTL_nb_9698,4.6016
GILGFVFTL_nb_9701,7.4766
GILGFVFTL_nb_9703,9.7344
GILGFVFTL_nb_9704,5.1328
GILGFVFTL_nb_9709,8.6562
GILGFVFTL_nb_9712,5.0156
GILGFVFTL_nb_9713,5.2734
GILGFVFTL_nb_9715,3.9805
GILGFVFTL_nb_9716,5.4219
GILGFVFTL_nb_9717,7.1328
GILGFVFTL_nb_9718,5.1367
GILGFVFTL_nb_9719,5.1016
GILGFVFTL_nb_9720,7.2656
GILGFVFTL_nb_9721,7.3789
GILGFVFTL_nb_9723,5.7422
GILGFVFTL_nb_9724,9.2344
GILGFVFTL_nb_9725,10.0
GILGFVFTL_nb_9726,4.8281
GILGFVFTL_nb_9729,5.9531
GILGFVFTL_nb_9731,4.9219
GILGFVFTL_nb_9732,5.5859
GILGFVFTL_nb_9733,6.75
GILGFVFTL_nb_9734,7.6562
GILGFVFTL_nb_9735,7.2891
GILGFVFTL_nb_9736,8.4375
GILGFVFTL_nb_9738,8.8281
GILGFVFTL_nb_9739,6.1719
GILGFVFTL_nb_9740,10.1328
GILGFVFTL_nb_9741,4.668
GILGFVFTL_nb_9742,7.7578
GILGFVFTL_nb_9743,9.3359
GILGFVFTL_nb_9744,10.8125
GILGFVFTL_nb_9745,5.1172
GILGFVFTL_nb_9747,6.3984
GILGFVFTL_nb_9748,8.9531
GILGFVFTL_nb_9749,4.4492
GILGFVFTL_nb_9750,7.875
GILGFVFTL_nb_9751,8.6016
GILGFVFTL_nb_9752,6.2812
GILGFVFTL_nb_9753,7.5273
GILGFVFTL_nb_9757,5.1055
GILGFVFTL_nb_9759,9.7812
GILGFVFTL_nb_9761,5.8594
GILGFVFTL_nb_9762,8.4688
GILGFVFTL_nb_9763,4.9766
GILGFVFTL_nb_9766,6.5156
GILGFVFTL_nb_9768,6.3438
GILGFVFTL_nb_9770,6.4766
GILGFVFTL_nb_9771,4.7695
GILGFVFTL_nb_9773,6.4766
GILGFVFTL_nb_9774,7.4141
GILGFVFTL_nb_9775,4.9297
GILGFVFTL_nb_9777,5.0273
GILGFVFTL_nb_9778,11.4844
GILGFVFTL_nb_9781,4.5
GILGFVFTL_nb_9782,10.0469
GILGFVFTL_nb_9784,12.4844
GILGFVFTL_nb_9787,6.9648
GILGFVFTL_nb_9788,7.6328
GILGFVFTL_nb_9790,4.4375
GILGFVFTL_nb_9791,7.8281
GILGFVFTL_nb_9793,7.2891
GILGFVFTL_nb_9794,5.5625
GILGFVFTL_nb_9796,8.5625
GILGFVFTL_nb_9797,5.1094
GILGFVFTL_nb_9798,5.4531
GILGFVFTL_nb_9801,8.4766
GILGFVFTL_nb_9806,6.2227
GILGFVFTL_nb_9807,8.3906
GILGFVFTL_nb_9808,6.6562
GILGFVFTL_nb_9809,8.1406
GILGFVFTL_nb_9810,7.6484
GILGFVFTL_nb_9811,5.6953
GILGFVFTL_nb_9812,3.6445
GILGFVFTL_nb_9813,6.0781
GILGFVFTL_nb_9818,8.3281
GILGFVFTL_nb_9819,5.1367
GILGFVFTL_nb_9821,6.3008
GILGFVFTL_nb_9822,6.1406
GILGFVFTL_nb_9824,8.1016
GILGFVFTL_nb_9825,7.5078
GILGFVFTL_nb_9826,8.6875
GILGFVFTL_nb_9828,9.1016
GILGFVFTL_nb_9830,8.6953
GILGFVFTL_nb_9831,6.4844
GILGFVFTL_nb_9832,9.1094
GILGFVFTL_nb_9836,7.8281
GILGFVFTL_nb_9837,3.873
GILGFVFTL_nb_9838,4.5898
GILGFVFTL_nb_9840,5.5625
GILGFVFTL_nb_9845,8.8359
GILGFVFTL_nb_9846,6.5469
GILGFVFTL_nb_9847,6.2891
GILGFVFTL_nb_9848,11.0469
GILGFVFTL_nb_9849,5.75
GILGFVFTL_nb_9850,8.5625
GILGFVFTL_nb_9851,10.1562
GILGFVFTL_nb_9853,5.8828
GILGFVFTL_nb_9854,7.8125
GILGFVFTL_nb_9855,7.2383
GILGFVFTL_nb_9856,6.3555
GILGFVFTL_nb_9861,5.5781
GILGFVFTL_nb_9863,6.4609
GILGFVFTL_nb_9864,11.4844
GILGFVFTL_nb_9865,9.8594
GILGFVFTL_nb_9868,4.6836
GILGFVFTL_nb_9869,7.8047
GILGFVFTL_nb_9870,9.4062
GILGFVFTL_nb_9871,6.4141
GILGFVFTL_nb_9872,7.2266
GILGFVFTL_nb_9873,8.4688
GILGFVFTL_nb_9876,8.125
GILGFVFTL_nb_9877,6.7344
GILGFVFTL_nb_9878,6.6484
GILGFVFTL_nb_9879,8.125
GILGFVFTL_nb_9882,8.2266
GILGFVFTL_nb_9883,6.3945
GILGFVFTL_nb_9884,7.668
GILGFVFTL_nb_9886,7.168
GILGFVFTL_nb_9887,6.9688
GILGFVFTL_nb_9889,6.9375
GILGFVFTL_nb_9892,6.5078
GILGFVFTL_nb_9893,7.4727
GILGFVFTL_nb_9895,4.6016
GILGFVFTL_nb_9896,7.2344
GILGFVFTL_nb_9899,11.3438
GILGFVFTL_nb_9901,7.5938
GILGFVFTL_nb_9903,4.4102
GILGFVFTL_nb_9904,6.2617
GILGFVFTL_nb_9905,7.9062
GILGFVFTL_nb_9907,5.6406
GILGFVFTL_nb_9910,6.2109
GILGFVFTL_nb_9911,7.9766
GILGFVFTL_nb_9912,8.8203
GILGFVFTL_nb_9913,7.1016
GILGFVFTL_nb_9914,7.6328
GILGFVFTL_nb_9915,5.4844
GILGFVFTL_nb_9916,9.2344
GILGFVFTL_nb_9918,5.0078
GILGFVFTL_nb_9923,6.7578
GILGFVFTL_nb_9925,7.1016
GILGFVFTL_nb_9927,4.2695
GILGFVFTL_nb_9928,6.3867
GILGFVFTL_nb_9929,6.5234
GILGFVFTL_nb_9931,7.1797
GILGFVFTL_nb_9932,7.1445
GILGFVFTL_nb_9933,3.4707
GILGFVFTL_nb_9934,6.0469
GILGFVFTL_nb_9935,7.1758
GILGFVFTL_nb_9936,11.3125
GILGFVFTL_nb_9938,5.2812
GILGFVFTL_nb_9939,4.4375
GILGFVFTL_nb_9940,8.4062
GILGFVFTL_nb_9941,8.2656
GILGFVFTL_nb_9942,6.1484
GILGFVFTL_nb_9943,5.0547
GILGFVFTL_nb_9946,11.3672
GILGFVFTL_nb_9948,12.1094
GILGFVFTL_nb_9949,5.3867
GILGFVFTL_nb_9950,6.4141
GILGFVFTL_nb_9953,8.3516
GILGFVFTL_nb_9954,3.8359
GILGFVFTL_nb_9955,6.3516
GILGFVFTL_nb_9957,7.6562
GILGFVFTL_nb_9959,6.2812
GILGFVFTL_nb_9960,8.1641
GILGFVFTL_nb_9962,6.0
GILGFVFTL_nb_9963,7.0859
GILGFVFTL_nb_9964,5.3672
GILGFVFTL_nb_9965,10.5547
GILGFVFTL_nb_9966,5.7578
GILGFVFTL_nb_9967,6.8594
GILGFVFTL_nb_9968,5.3047
GILGFVFTL_nb_9969,5.4648
GILGFVFTL_nb_9971,6.2969
GILGFVFTL_nb_9972,9.0234
GILGFVFTL_nb_9973,6.5312
GILGFVFTL_nb_9974,6.4297
GILGFVFTL_nb_9977,6.3594
GILGFVFTL_nb_9978,7.4844
GILGFVFTL_nb_9980,10.9531
GILGFVFTL_nb_9984,5.0859
GILGFVFTL_nb_9985,7.8242
GILGFVFTL_nb_9987,6.7969
GILGFVFTL_nb_9988,9.1172
GILGFVFTL_nb_9989,6.8242
GILGFVFTL_nb_9990,7.1016
GILGFVFTL_nb_9991,9.7656
GILGFVFTL_nb_9992,5.5859
GILGFVFTL_nb_9993,5.1484
GILGFVFTL_nb_9994,7.75
GILGFVFTL_nb_9996,5.7461
GILGFVFTL_nb_9997,5.5977
GILGFVFTL_nb_9998,9.3281
GLCTLVAML_1068,5.9062
GLCTLVAML_1082,3.1016
GLCTLVAML_1121,6.3359
GLCTLVAML_1133,2.1445
GLCTLVAML_1167,3.6523
GLCTLVAML_1168,10.3594
GLCTLVAML_1321,7.9531
GLCTLVAML_1322,4.5664
GLCTLVAML_1328,6.625
GLCTLVAML_1337,3.0508
GLCTLVAML_1341,6.4492
GLCTLVAML_1342,6.1016
GLCTLVAML_1353,6.3047
GLCTLVAML_1376,5.7031
GLCTLVAML_1377,7.3828
GLCTLVAML_1378,9.0234
GLCTLVAML_1412,5.3672
GLCTLVAML_1414,4.5781
GLCTLVAML_142,7.1797
GLCTLVAML_143,8.5234
GLCTLVAML_1448,9.5
GLCTLVAML_1449,10.6562
GLCTLVAML_1503,6.4922
GLCTLVAML_1554,7.1836
GLCTLVAML_1564,8.2578
GLCTLVAML_1574,4.8047
GLCTLVAML_1576,5.9141
GLCTLVAML_1577,4.5664
GLCTLVAML_1585,5.3906
GLCTLVAML_159,4.9258
GLCTLVAML_1596,9.1562
GLCTLVAML_160,4.8125
GLCTLVAML_1606,8.0625
GLCTLVAML_1612,4.918
GLCTLVAML_1616,5.2969
GLCTLVAML_1629,5.6602
GLCTLVAML_1652,5.832
GLCTLVAML_1653,7.7812
GLCTLVAML_1665,4.8516
GLCTLVAML_1667,8.0938
GLCTLVAML_1672,6.4492
GLCTLVAML_1675,5.5312
GLCTLVAML_1695,7.7266
GLCTLVAML_1778,6.4922
GLCTLVAML_1780,6.4141
GLCTLVAML_1781,8.7734
GLCTLVAML_1782,13.1406
GLCTLVAML_1795,6.4141
GLCTLVAML_1796,6.4297
GLCTLVAML_1810,7.7188
GLCTLVAML_1811,3.3516
GLCTLVAML_1818,7.1484
GLCTLVAML_1822,7.5078
GLCTLVAML_1823,5.9531
GLCTLVAML_1826,7.9375
GLCTLVAML_1840,7.1836
GLCTLVAML_1842,8.9062
GLCTLVAML_1860,5.3906
GLCTLVAML_1861,6.4492
GLCTLVAML_1862,4.5664
GLCTLVAML_1869,3.375
GLCTLVAML_1870,4.5781
GLCTLVAML_1871,5.125
GLCTLVAML_1872,5.293
GLCTLVAML_1878,4.6953
GLCTLVAML_1895,10.1719
GLCTLVAML_1896,7.9805
GLCTLVAML_1897,7.5078
GLCTLVAML_1898,5.6641
GLCTLVAML_1916,4.3359
GLCTLVAML_1945,7.2891
GLCTLVAML_1947,8.0703
GLCTLVAML_1955,8.3281
GLCTLVAML_1989,2.9824
GLCTLVAML_1995,4.0898
GLCTLVAML_1996,4.5977
GLCTLVAML_2013,4.1016
GLCTLVAML_2014,4.0898
GLCTLVAML_2025,6.4453
GLCTLVAML_2091,4.0898
GLCTLVAML_2133,4.3906
GLCTLVAML_2146,3.8867
GLCTLVAML_2149,5.9766
GLCTLVAML_2150,6.4141
GLCTLVAML_2162,7.7422
GLCTLVAML_2170,7.3125
GLCTLVAML_2171,6.8906
GLCTLVAML_2184,10.375
GLCTLVAML_2201,9.1562
GLCTLVAML_2206,4.0
GLCTLVAML_2214,5.8125
GLCTLVAML_2215,4.0898
GLCTLVAML_2216,4.1797
GLCTLVAML_2243,4.6953
GLCTLVAML_2244,4.3906
GLCTLVAML_2252,6.5703
GLCTLVAML_2266,8.3125
GLCTLVAML_2292,6.1523
GLCTLVAML_2303,8.5391
GLCTLVAML_2305,5.832
GLCTLVAML_2306,5.4531
GLCTLVAML_2319,6.8633
GLCTLVAML_2323,7.0234
GLCTLVAML_2342,5.5859
GLCTLVAML_2367,5.2891
GLCTLVAML_2418,4.5039
GLCTLVAML_2426,6.7188
GLCTLVAML_2427,6.3477
GLCTLVAML_2459,4.3672
GLCTLVAML_2460,2.8242
GLCTLVAML_2461,7.9609
GLCTLVAML_2462,6.7969
GLCTLVAML_2503,7.4922
GLCTLVAML_2517,7.4922
GLCTLVAML_2518,6.4492
GLCTLVAML_2534,8.6719
GLCTLVAML_257,5.5742
GLCTLVAML_2578,5.5781
GLCTLVAML_2579,4.9609
GLCTLVAML_258,6.8281
GLCTLVAML_2591,5.8477
GLCTLVAML_2609,4.5039
GLCTLVAML_2610,7.5
GLCTLVAML_2611,6.3359
GLCTLVAML_2619,7.5
GLCTLVAML_2620,6.4492
GLCTLVAML_2621,6.3359
GLCTLVAML_2622,4.5664
GLCTLVAML_2642,4.6953
GLCTLVAML_2643,3.75
GLCTLVAML_2644,8.3359
GLCTLVAML_2655,4.5664
GLCTLVAML_2658,7.5078
GLCTLVAML_2661,6.2461
GLCTLVAML_2664,5.4844
GLCTLVAML_2665,6.2461
GLCTLVAML_2689,7.8086
GLCTLVAML_2697,9.8281
GLCTLVAML_2702,6.125
GLCTLVAML_2703,8.9062
GLCTLVAML_2704,6.0156
GLCTLVAML_2705,6.8516
GLCTLVAML_2706,5.832
GLCTLVAML_2717,3.0332
GLCTLVAML_2758,6.4492
GLCTLVAML_2793,4.8828
GLCTLVAML_2794,8.3438
GLCTLVAML_2795,6.375
GLCTLVAML_2827,8.2969
GLCTLVAML_2829,7.4727
GLCTLVAML_2830,8.7812
GLCTLVAML_2831,5.4844
GLCTLVAML_2832,6.2461
GLCTLVAML_2836,4.0898
GLCTLVAML_2896,5.832
GLCTLVAML_2899,8.2578
GLCTLVAML_2946,3.0723
GLCTLVAML_2966,4.4922
GLCTLVAML_2967,4.4414
GLCTLVAML_2972,4.3945
GLCTLVAML_2981,4.0898
GLCTLVAML_3022,10.3906
GLCTLVAML_3031,4.2969
GLCTLVAML_3041,9.2812
GLCTLVAML_3055,5.8281
GLCTLVAML_3079,12.7969
GLCTLVAML_3080,7.7344
GLCTLVAML_3081,6.5586
GLCTLVAML_3082,7.1836
GLCTLVAML_3083,9.3438
GLCTLVAML_3084,7.4453
GLCTLVAML_3111,8.625
GLCTLVAML_3117,8.0938
GLCTLVAML_3164,4.875
GLCTLVAML_3165,6.2461
GLCTLVAML_3166,11.4688
GLCTLVAML_3167,7.0312
GLCTLVAML_3168,4.6953
GLCTLVAML_3169,6.0547
GLCTLVAML_3175,3.0723
GLCTLVAML_3177,5.1953
GLCTLVAML_3205,4.5703
GLCTLVAML_3222,6.9766
GLCTLVAML_3226,4.0078
GLCTLVAML_3227,4.5781
GLCTLVAML_324,3.582
GLCTLVAML_3248,5.9844
GLCTLVAML_3249,4.0938
GLCTLVAML_3251,7.4492
GLCTLVAML_3252,9.0547
GLCTLVAML_326,7.4375
GLCTLVAML_328,7.875
GLCTLVAML_3289,2.666
GLCTLVAML_3291,3.3945
GLCTLVAML_3294,7.8633
GLCTLVAML_3318,8.7812
GLCTLVAML_3319,7.9766
GLCTLVAML_3381,7.7812
GLCTLVAML_3506,5.0781
GLCTLVAML_409,5.5742
GLCTLVAML_448,4.0898
GLCTLVAML_449,4.1523
GLCTLVAML_450,6.3359
GLCTLVAML_556,7.3516
GLCTLVAML_632,6.5039
GLCTLVAML_743,4.1523
GLCTLVAML_875,8.3438
GLCTLVAML_878,4.8125
GLCTLVAML_919,3.832
GLCTLVAML_939,4.1719
GLCTLVAML_980,5.625
GLCTLVAML_981,7.2656
GLCTLVAML_988,4.0898
GLCTLVAML_nb_10017,7.4492
GLCTLVAML_nb_10019,9.9141
GLCTLVAML_nb_10020,8.7891
GLCTLVAML_nb_10021,9.1172
GLCTLVAML_nb_10022,9.0469
GLCTLVAML_nb_10025,4.9062
GLCTLVAML_nb_10026,4.1406
GLCTLVAML_nb_10027,4.2266
GLCTLVAML_nb_10028,5.6328
GLCTLVAML_nb_10029,11.1953
GLCTLVAML_nb_10032,5.8398
GLCTLVAML_nb_10033,8.3516
GLCTLVAML_nb_10035,9.3984
GLCTLVAML_nb_10036,9.6875
GLCTLVAML_nb_10037,7.0312
GLCTLVAML_nb_10038,6.9922
GLCTLVAML_nb_10039,3.2773
GLCTLVAML_nb_10041,9.4844
GLCTLVAML_nb_10043,8.0156
GLCTLVAML_nb_10044,8.0781
GLCTLVAML_nb_10045,4.8281
GLCTLVAML_nb_10046,6.8125
GLCTLVAML_nb_10047,6.1953
GLCTLVAML_nb_10048,8.1562
GLCTLVAML_nb_10049,8.4844
GLCTLVAML_nb_10052,8.0703
GLCTLVAML_nb_10059,5.4844
GLCTLVAML_nb_10061,6.9492
GLCTLVAML_nb_10062,7.7266
GLCTLVAML_nb_10063,6.3594
GLCTLVAML_nb_10065,6.75
GLCTLVAML_nb_10066,6.6797
GLCTLVAML_nb_10069,8.1484
GLCTLVAML_nb_10070,6.5391
GLCTLVAML_nb_10071,9.1641
GLCTLVAML_nb_10074,6.5195
GLCTLVAML_nb_10075,6.0703
GLCTLVAML_nb_10078,8.3594
GLCTLVAML_nb_10080,11.5312
GLCTLVAML_nb_10081,4.9766
GLCTLVAML_nb_10082,7.0078
GLCTLVAML_nb_10085,7.1406
GLCTLVAML_nb_10086,6.3086
GLCTLVAML_nb_10088,5.8984
GLCTLVAML_nb_10092,6.1016
GLCTLVAML_nb_10095,8.7969
GLCTLVAML_nb_10096,5.0859
GLCTLVAML_nb_10098,7.1562
GLCTLVAML_nb_10099,6.125
GLCTLVAML_nb_10100,6.8789
GLCTLVAML_nb_10101,5.0859
GLCTLVAML_nb_10103,5.9609
GLCTLVAML_nb_10105,8.5391
GLCTLVAML_nb_10107,6.5469
GLCTLVAML_nb_10108,6.7539
GLCTLVAML_nb_10110,6.0547
GLCTLVAML_nb_10113,4.7617
GLCTLVAML_nb_10116,4.9922
GLCTLVAML_nb_10117,8.6719
GLCTLVAML_nb_10118,6.4375
GLCTLVAML_nb_10121,6.2422
GLCTLVAML_nb_10122,10.0
GLCTLVAML_nb_10124,5.1016
GLCTLVAML_nb_10125,10.8438
GLCTLVAML_nb_10127,5.7109
GLCTLVAML_nb_10128,5.5078
GLCTLVAML_nb_10130,6.1797
GLCTLVAML_nb_10134,9.5078
GLCTLVAML_nb_10136,4.7656
GLCTLVAML_nb_10137,5.7773
GLCTLVAML_nb_10138,9.3281
GLCTLVAML_nb_10140,6.7734
GLCTLVAML_nb_10142,9.7656
GLCTLVAML_nb_10143,5.25
GLCTLVAML_nb_10145,7.2578
GLCTLVAML_nb_10146,6.9883
GLCTLVAML_nb_10148,6.7852
GLCTLVAML_nb_10151,9.0312
GLCTLVAML_nb_10152,5.7969
GLCTLVAML_nb_10154,5.2656
GLCTLVAML_nb_10155,5.5547
GLCTLVAML_nb_10156,11.125
GLCTLVAML_nb_10158,7.3477
GLCTLVAML_nb_10159,8.8906
GLCTLVAML_nb_10161,6.8711
GLCTLVAML_nb_10162,5.3789
GLCTLVAML_nb_10164,8.9531
GLCTLVAML_nb_10165,7.7578
GLCTLVAML_nb_10167,9.9922
GLCTLVAML_nb_10168,6.8516
GLCTLVAML_nb_10169,4.4258
GLCTLVAML_nb_10170,8.4531
GLCTLVAML_nb_10171,11.4062
GLCTLVAML_nb_10173,5.1055
GLCTLVAML_nb_10176,8.0938
GLCTLVAML_nb_10180,8.5781
GLCTLVAML_nb_10182,5.6172
GLCTLVAML_nb_10183,7.1914
GLCTLVAML_nb_10185,5.7617
GLCTLVAML_nb_10186,8.8438
GLCTLVAML_nb_10187,6.6172
GLCTLVAML_nb_10188,8.1797
GLCTLVAML_nb_10193,5.2266
GLCTLVAML_nb_10195,7.1289
GLCTLVAML_nb_10196,7.0898
GLCTLVAML_nb_10197,7.4844
GLCTLVAML_nb_10198,5.7578
GLCTLVAML_nb_10199,5.4766
GLCTLVAML_nb_10200,7.1797
GLCTLVAML_nb_10201,6.5078
GLCTLVAML_nb_10202,8.0938
GLCTLVAML_nb_10206,6.4297
GLCTLVAML_nb_10209,9.125
GLCTLVAML_nb_10211,5.0547
GLCTLVAML_nb_10213,10.3438
GLCTLVAML_nb_10214,6.8359
GLCTLVAML_nb_10215,8.9375
GLCTLVAML_nb_10217,5.957
GLCTLVAML_nb_10218,9.5469
GLCTLVAML_nb_10220,6.1094
GLCTLVAML_nb_10221,9.7031
GLCTLVAML_nb_10222,7.8438
GLCTLVAML_nb_10224,6.1094
GLCTLVAML_nb_10227,6.0625
GLCTLVAML_nb_10228,6.4062
GLCTLVAML_nb_10229,8.2422
GLCTLVAML_nb_10232,8.4922
GLCTLVAML_nb_10233,4.3906
GLCTLVAML_nb_10235,6.9844
GLCTLVAML_nb_10236,3.9785
GLCTLVAML_nb_10238,6.0547
GLCTLVAML_nb_10239,11.3438
GLCTLVAML_nb_10240,6.3047
GLCTLVAML_nb_10241,5.9141
GLCTLVAML_nb_10242,6.4375
GLCTLVAML_nb_10246,7.0703
GLCTLVAML_nb_10248,8.875
GLCTLVAML_nb_10250,5.0898
GLCTLVAML_nb_10251,4.8828
GLCTLVAML_nb_10253,5.3594
GLCTLVAML_nb_10254,7.1094
GLCTLVAML_nb_10255,9.2734
GLCTLVAML_nb_10259,8.6172
GLCTLVAML_nb_10260,8.8203
GLCTLVAML_nb_10264,5.2734
GLCTLVAML_nb_10265,5.875
GLCTLVAML_nb_10267,6.5703
GLCTLVAML_nb_10268,8.1172
GLCTLVAML_nb_10269,5.4258
GLCTLVAML_nb_10271,5.3984
GLCTLVAML_nb_10272,7.3008
GLCTLVAML_nb_10274,9.7578
GLCTLVAML_nb_10275,6.5781
GLCTLVAML_nb_10278,11.1094
GLCTLVAML_nb_10280,5.0703
GLCTLVAML_nb_10284,7.3672
GLCTLVAML_nb_10285,6.375
GLCTLVAML_nb_10287,4.9375
GLCTLVAML_nb_10289,5.0
GLCTLVAML_nb_10290,7.3359
GLCTLVAML_nb_10292,8.3203
GLCTLVAML_nb_10293,9.2969
GLCTLVAML_nb_10295,9.2188
GLCTLVAML_nb_10301,6.3203
GLCTLVAML_nb_10302,7.6914
GLCTLVAML_nb_10306,6.8867
GLCTLVAML_nb_10308,5.1914
GLCTLVAML_nb_10309,4.6953
GLCTLVAML_nb_10310,6.0078
GLCTLVAML_nb_10311,9.125
GLCTLVAML_nb_10312,7.3203
GLCTLVAML_nb_10314,8.7422
GLCTLVAML_nb_10315,6.8125
GLCTLVAML_nb_10318,9.7188
GLCTLVAML_nb_10319,13.125
GLCTLVAML_nb_10321,5.3086
GLCTLVAML_nb_10324,7.2578
GLCTLVAML_nb_10327,6.3672
GLCTLVAML_nb_10328,9.4062
GLCTLVAML_nb_10329,6.9141
GLCTLVAML_nb_10330,6.418
GLCTLVAML_nb_10331,9.2188
GLCTLVAML_nb_10332,5.9297
GLCTLVAML_nb_10333,6.793
GLCTLVAML_nb_10334,12.5156
GLCTLVAML_nb_10335,10.9844
GLCTLVAML_nb_10336,7.3125
GLCTLVAML_nb_10337,7.6133
GLCTLVAML_nb_10338,8.1719
GLCTLVAML_nb_10339,8.8516
GLCTLVAML_nb_10340,9.4062
GLCTLVAML_nb_10341,8.9141
GLCTLVAML_nb_10344,6.875
GLCTLVAML_nb_10346,6.9414
GLCTLVAML_nb_10347,8.6328
GLCTLVAML_nb_10348,5.9766
GLCTLVAML_nb_10349,7.3672
GLCTLVAML_nb_10351,5.6719
GLCTLVAML_nb_10352,5.418
GLCTLVAML_nb_10353,8.2656
GLCTLVAML_nb_10354,9.9453
GLCTLVAML_nb_10355,12.1172
GLCTLVAML_nb_10358,3.9863
GLCTLVAML_nb_10359,7.9766
GLCTLVAML_nb_10361,9.5469
GLCTLVAML_nb_10363,6.0781
GLCTLVAML_nb_10364,9.2422
GLCTLVAML_nb_10365,5.3359
GLCTLVAML_nb_10366,9.25
GLCTLVAML_nb_10367,8.875
GLCTLVAML_nb_10372,7.1758
GLCTLVAML_nb_10373,7.3516
GLCTLVAML_nb_10374,7.6172
GLCTLVAML_nb_10375,7.207
GLCTLVAML_nb_10378,4.2734
GLCTLVAML_nb_10382,6.4062
GLCTLVAML_nb_10384,8.5781
GLCTLVAML_nb_10385,5.5703
GLCTLVAML_nb_10386,9.3984
GLCTLVAML_nb_10388,6.7734
GLCTLVAML_nb_10389,11.5781
GLCTLVAML_nb_10390,7.0117
GLCTLVAML_nb_10393,9.0078
GLCTLVAML_nb_10394,6.4805
GLCTLVAML_nb_10395,7.1641
GLCTLVAML_nb_10398,8.8438
GLCTLVAML_nb_10400,6.2578
GLCTLVAML_nb_10402,6.5938
GLCTLVAML_nb_10403,9.0703
GLCTLVAML_nb_10405,8.4844
GLCTLVAML_nb_10406,6.668
GLCTLVAML_nb_10407,7.6797
GLCTLVAML_nb_10408,4.4844
GLCTLVAML_nb_10409,4.4336
GLCTLVAML_nb_10411,6.1875
GLCTLVAML_nb_10412,8.6719
GLCTLVAML_nb_10413,7.5898
GLCTLVAML_nb_10414,9.6094
GLCTLVAML_nb_10415,6.6328
GLCTLVAML_nb_10418,7.8672
GLCTLVAML_nb_10421,8.7188
GLCTLVAML_nb_10423,4.1016
GLCTLVAML_nb_10425,7.6133
GLCTLVAML_nb_10426,6.0469
GLCTLVAML_nb_10429,8.8438
GLCTLVAML_nb_10430,9.6094
GLCTLVAML_nb_10431,6.1797
GLCTLVAML_nb_10432,5.8047
GLCTLVAML_nb_10436,7.3047
GLCTLVAML_nb_10437,2.6016
GLCTLVAML_nb_10438,7.9922
GLCTLVAML_nb_10442,8.0
GLCTLVAML_nb_10443,7.1719
GLCTLVAML_nb_10444,7.8672
GLCTLVAML_nb_10445,6.4375
GLCTLVAML_nb_10446,7.8203
GLCTLVAML_nb_10447,5.8672
GLCTLVAML_nb_10449,6.8594
GLCTLVAML_nb_10450,9.7812
GLCTLVAML_nb_10453,9.1328
GLCTLVAML_nb_10455,5.5898
GLCTLVAML_nb_10456,7.7852
GLCTLVAML_nb_10457,8.6953
GLCTLVAML_nb_10462,9.6406
GLCTLVAML_nb_10463,8.5
GLCTLVAML_nb_10464,6.7812
GLCTLVAML_nb_10465,6.3164
GLCTLVAML_nb_10467,8.7656
GLCTLVAML_nb_10470,5.9375
GLCTLVAML_nb_10471,11.5938
GLCTLVAML_nb_10472,10.2188
GLCTLVAML_nb_10474,5.6094
GLCTLVAML_nb_10477,6.4766
GLCTLVAML_nb_10479,9.8594
GLCTLVAML_nb_10480,6.4453
GLCTLVAML_nb_10482,8.0469
GLCTLVAML_nb_10485,10.2969
GLCTLVAML_nb_10486,9.9375
GLCTLVAML_nb_10488,6.293
GLCTLVAML_nb_10489,6.5664
GLCTLVAML_nb_10491,5.0195
GLCTLVAML_nb_10492,8.6797
GLCTLVAML_nb_10493,5.7266
GLCTLVAML_nb_10494,5.8633
GLCTLVAML_nb_10495,7.0938
GLCTLVAML_nb_10496,7.7812
GLCTLVAML_nb_10497,5.5117
GLCTLVAML_nb_10499,6.3047
GLCTLVAML_nb_10500,5.2422
GLCTLVAML_nb_10502,4.9023
GLCTLVAML_nb_10505,7.4688
GLCTLVAML_nb_10507,5.6602
GLCTLVAML_nb_10509,8.7344
GLCTLVAML_nb_10511,6.4961
GLCTLVAML_nb_10512,6.9297
GLCTLVAML_nb_10514,6.5
GLCTLVAML_nb_10515,12.6016
GLCTLVAML_nb_10516,9.6797
GLCTLVAML_nb_10517,6.0312
GLCTLVAML_nb_10518,6.4219
GLCTLVAML_nb_10522,8.7031
GLCTLVAML_nb_10523,8.0078
GLCTLVAML_nb_10524,9.0625
GLCTLVAML_nb_10525,4.5859
GLCTLVAML_nb_10527,10.3203
GLCTLVAML_nb_10528,5.0234
GLCTLVAML_nb_10529,6.6953
GLCTLVAML_nb_10533,7.5312
GLCTLVAML_nb_10535,7.9805
GLCTLVAML_nb_10537,7.1641
GLCTLVAML_nb_10538,6.7812
GLCTLVAML_nb_10539,9.3438
GLCTLVAML_nb_10542,10.2344
GLCTLVAML_nb_10543,11.8359
GLCTLVAML_nb_10544,8.0078
GLCTLVAML_nb_10546,3.4629
GLCTLVAML_nb_10549,5.8125
GLCTLVAML_nb_10550,6.5312
GLCTLVAML_nb_10551,6.4375
GLCTLVAML_nb_10553,4.5156
GLCTLVAML_nb_10555,10.3438
GLCTLVAML_nb_10557,4.6641
GLCTLVAML_nb_10558,7.3047
GLCTLVAML_nb_10563,8.1797
GLCTLVAML_nb_10564,5.5
GLCTLVAML_nb_10566,6.1094
GLCTLVAML_nb_10567,9.5312
GLCTLVAML_nb_10569,6.5547
GLCTLVAML_nb_10570,7.0469
GLCTLVAML_nb_10572,5.0625
GLCTLVAML_nb_10573,7.7656
GLCTLVAML_nb_10574,6.8984
GLCTLVAML_nb_10576,8.9062
GLCTLVAML_nb_10577,7.2812
GLCTLVAML_nb_10579,9.4844
GLCTLVAML_nb_10581,9.8203
GLCTLVAML_nb_10583,7.6875
GLCTLVAML_nb_10584,6.4648
GLCTLVAML_nb_10585,8.3906
GLCTLVAML_nb_10586,9.2656
GLCTLVAML_nb_10588,3.5156
GLCTLVAML_nb_10589,7.0742
GLCTLVAML_nb_10595,4.7578
GLCTLVAML_nb_10597,5.3906
GLCTLVAML_nb_10598,10.9922
GLCTLVAML_nb_10604,8.5625
GLCTLVAML_nb_10607,4.1328
GLCTLVAML_nb_10611,10.625
GLCTLVAML_nb_10612,10.9297
GLCTLVAML_nb_10613,9.9844
GLCTLVAML_nb_10614,8.9062
GLCTLVAML_nb_10616,6.3789
GLCTLVAML_nb_10618,6.5195
GLCTLVAML_nb_10620,8.4609
GLCTLVAML_nb_10622,6.6406
GLCTLVAML_nb_10623,8.3984
GLCTLVAML_nb_10624,10.7812
GLCTLVAML_nb_10625,4.9961
GLCTLVAML_nb_10627,7.8945
GLCTLVAML_nb_10629,5.25
GLCTLVAML_nb_10630,10.5234
GLCTLVAML_nb_10631,7.1719
GLCTLVAML_nb_10632,7.2266
GLCTLVAML_nb_10634,7.3281
GLCTLVAML_nb_10637,6.3516
GLCTLVAML_nb_10639,7.6562
GLCTLVAML_nb_10640,8.5312
GLCTLVAML_nb_10641,8.8125
GLCTLVAML_nb_10643,9.1328
GLCTLVAML_nb_10645,8.5781
GLCTLVAML_nb_10646,8.3281
GLCTLVAML_nb_10647,6.3281
GLCTLVAML_nb_10648,8.5781
GLCTLVAML_nb_10652,8.7422
GLCTLVAML_nb_10653,6.0547
GLCTLVAML_nb_10654,6.6484
GLCTLVAML_nb_10655,6.8203
GLCTLVAML_nb_10658,9.4844
GLCTLVAML_nb_10659,7.0273
GLCTLVAML_nb_10660,7.1875
GLCTLVAML_nb_10662,8.2109
GLCTLVAML_nb_10668,8.8047
GLCTLVAML_nb_10669,7.3672
GLCTLVAML_nb_10670,9.6328
GLCTLVAML_nb_10671,6.2227
GLCTLVAML_nb_10672,8.4688
GLCTLVAML_nb_10673,7.4023
GLCTLVAML_nb_10675,8.9766
GLCTLVAML_nb_10677,7.5625
GLCTLVAML_nb_10679,5.0234
GLCTLVAML_nb_10680,6.0547
GLCTLVAML_nb_10682,9.0859
GLCTLVAML_nb_10683,6.8203
GLCTLVAML_nb_10684,7.9102
GLCTLVAML_nb_10686,8.5
GLCTLVAML_nb_10687,6.082
GLCTLVAML_nb_10688,6.8516
GLCTLVAML_nb_10689,7.5625
GLCTLVAML_nb_10690,7.9219
GLCTLVAML_nb_10691,6.3594
GLCTLVAML_nb_10692,6.8047
GLCTLVAML_nb_10695,6.4453
GLCTLVAML_nb_10699,9.5312
GLCTLVAML_nb_10700,7.6172
GLCTLVAML_nb_10702,8.1953
GLCTLVAML_nb_10704,3.9492
GLCTLVAML_nb_10706,6.7109
GLCTLVAML_nb_10708,6.7344
GLCTLVAML_nb_10710,5.3984
GLCTLVAML_nb_10711,10.1641
GLCTLVAML_nb_10712,6.5625
GLCTLVAML_nb_10715,7.3047
GLCTLVAML_nb_10716,6.3906
GLCTLVAML_nb_10718,10.7344
GLCTLVAML_nb_10719,6.4531
GLCTLVAML_nb_10720,4.9141
GLCTLVAML_nb_10723,8.0078
GLCTLVAML_nb_10726,5.3711
GLCTLVAML_nb_10727,8.1562
GLCTLVAML_nb_10729,6.2891
GLCTLVAML_nb_10730,6.7031
GLCTLVAML_nb_10731,4.1445
GLCTLVAML_nb_10732,7.0703
GLCTLVAML_nb_10734,5.4922
GLCTLVAML_nb_10735,6.0234
GLCTLVAML_nb_10736,6.7266
GLCTLVAML_nb_10737,7.1484
GLCTLVAML_nb_10739,8.1562
GLCTLVAML_nb_10740,7.5
GLCTLVAML_nb_10741,8.7891
GLCTLVAML_nb_10742,6.8906
GLCTLVAML_nb_10744,5.9219
GLCTLVAML_nb_10745,7.5664
GLCTLVAML_nb_10746,6.4766
GLCTLVAML_nb_10747,5.9023
GLCTLVAML_nb_10749,5.5898
GLCTLVAML_nb_10750,6.9375
GLCTLVAML_nb_10752,7.6406
GLCTLVAML_nb_10753,7.0078
GLCTLVAML_nb_10755,10.5469
GLCTLVAML_nb_10756,6.8984
GLCTLVAML_nb_10759,12.6562
GLCTLVAML_nb_10762,6.5469
GLCTLVAML_nb_10763,7.0234
GLCTLVAML_nb_10765,5.75
GLCTLVAML_nb_10766,9.6562
GLCTLVAML_nb_10767,7.4453
GLCTLVAML_nb_10768,7.7539
GLCTLVAML_nb_10769,10.4531
GLCTLVAML_nb_10770,6.7266
GLCTLVAML_nb_10771,7.4453
GLCTLVAML_nb_10772,8.1172
GLCTLVAML_nb_10774,5.9805
GLCTLVAML_nb_10775,9.8125
GLCTLVAML_nb_10776,7.9141
GLCTLVAML_nb_10779,4.918
GLCTLVAML_nb_10780,8.2812
GLCTLVAML_nb_10781,5.3711
GLCTLVAML_nb_10782,7.3789
GLCTLVAML_nb_10784,5.0117
GLCTLVAML_nb_10785,5.8672
GLCTLVAML_nb_10788,9.5781
GLCTLVAML_nb_10791,5.4609
GLCTLVAML_nb_10792,7.2578
GLCTLVAML_nb_10794,8.7656
GLCTLVAML_nb_11826,5.5078
GLCTLVAML_nb_11827,9.6406
GLCTLVAML_nb_11828,8.5703
GLCTLVAML_nb_11829,4.6133
GLCTLVAML_nb_11831,8.3594
GLCTLVAML_nb_11833,6.6172
GLCTLVAML_nb_11834,9.3672
GLCTLVAML_nb_11835,10.2969
GLCTLVAML_nb_11837,5.5156
GLCTLVAML_nb_11839,5.7891
GLCTLVAML_nb_11840,5.3594
GLCTLVAML_nb_11842,4.6133
GLCTLVAML_nb_11843,6.7695
GLCTLVAML_nb_11848,7.7812
GLCTLVAML_nb_11849,4.2734
GLCTLVAML_nb_11851,5.0
GLCTLVAML_nb_11852,7.7812
GLCTLVAML_nb_11853,8.5938
GLCTLVAML_nb_11854,6.6875
GLCTLVAML_nb_11857,5.2656
GLCTLVAML_nb_11860,8.8125
GLCTLVAML_nb_11861,7.5352
GLCTLVAML_nb_11863,8.7031
GLCTLVAML_nb_11864,10.9219
GLCTLVAML_nb_11865,7.1797
GLCTLVAML_nb_11867,7.2031
GLCTLVAML_nb_11869,8.3047
GLCTLVAML_nb_11871,5.5586
GLCTLVAML_nb_11872,8.9688
GLCTLVAML_nb_11875,9.3906
GLCTLVAML_nb_11876,7.8672
GLCTLVAML_nb_11881,8.9375
GLCTLVAML_nb_11883,8.1172
GLCTLVAML_nb_11887,8.6172
GLCTLVAML_nb_11888,6.9883
GLCTLVAML_nb_11889,8.0156
GLCTLVAML_nb_1278,6.4023
GLCTLVAML_nb_1281,5.2383
GLCTLVAML_nb_1282,3.9062
GLCTLVAML_nb_1284,3.4648
GLCTLVAML_nb_1285,6.8945
GLCTLVAML_nb_1286,6.9883
GLCTLVAML_nb_1287,9.875
GLCTLVAML_nb_1288,7.6602
GLCTLVAML_nb_1289,9.0625
GLCTLVAML_nb_1290,7.168
GLCTLVAML_nb_1291,5.7422
GLCTLVAML_nb_1292,3.8164
GLCTLVAML_nb_1293,6.0156
GLCTLVAML_nb_1294,4.3516
GLCTLVAML_nb_1295,14.1484
GLCTLVAML_nb_1296,4.4805
GLCTLVAML_nb_1297,7.2578
GLCTLVAML_nb_1298,5.0781
GLCTLVAML_nb_1300,7.2852
GLCTLVAML_nb_1302,8.4219
GLCTLVAML_nb_1303,6.1836
GLCTLVAML_nb_1304,5.3555
GLCTLVAML_nb_1306,5.2812
GLCTLVAML_nb_1307,3.9219
GLCTLVAML_nb_1308,3.5078
GLCTLVAML_nb_1310,5.8516
GLCTLVAML_nb_1311,6.3633
GLCTLVAML_nb_1312,6.6875
GLCTLVAML_nb_1313,4.0859
GLCTLVAML_nb_1315,5.1094
GLCTLVAML_nb_1316,6.4648
GLCTLVAML_nb_1317,7.25
GLCTLVAML_nb_1318,7.793
GLCTLVAML_nb_1322,9.3047
GLCTLVAML_nb_1323,16.0938
GLCTLVAML_nb_1326,3.9023
GLCTLVAML_nb_1328,6.5469
GLCTLVAML_nb_1329,5.4648
GLCTLVAML_nb_1330,4.4609
GLCTLVAML_nb_1331,9.8828
GLCTLVAML_nb_1332,6.6875
GLCTLVAML_nb_1333,3.7812
GLCTLVAML_nb_1334,5.6875
GLCTLVAML_nb_1335,10.8594
GLCTLVAML_nb_1336,8.3438
GLCTLVAML_nb_1337,6.7656
GLCTLVAML_nb_1338,4.7539
GLCTLVAML_nb_1339,7.7031
GLCTLVAML_nb_1341,4.0859
GLCTLVAML_nb_1342,6.6406
GLCTLVAML_nb_1343,6.3828
GLCTLVAML_nb_1344,4.832
GLCTLVAML_nb_1346,6.0273
GLCTLVAML_nb_1347,3.9062
GLCTLVAML_nb_1351,7.0078
GLCTLVAML_nb_1352,4.9688
GLCTLVAML_nb_1354,7.6797
GLCTLVAML_nb_1355,6.7109
GLCTLVAML_nb_1357,6.9766
GLCTLVAML_nb_1360,8.0547
GLCTLVAML_nb_1361,5.5078
GLCTLVAML_nb_1363,7.207
GLCTLVAML_nb_1364,7.4102
GLCTLVAML_nb_1365,10.2812
GLCTLVAML_nb_1367,5.1211
GLCTLVAML_nb_1370,8.0156
GLCTLVAML_nb_1371,4.8633
GLCTLVAML_nb_1372,3.8164
GLCTLVAML_nb_1373,7.7461
GLCTLVAML_nb_1374,4.6328
GLCTLVAML_nb_1375,6.1055
GLCTLVAML_nb_1376,3.9062
GLCTLVAML_nb_1378,7.1406
GLCTLVAML_nb_1380,5.1484
GLCTLVAML_nb_1381,6.1133
GLCTLVAML_nb_1384,5.6211
GLCTLVAML_nb_1385,7.1172
GLCTLVAML_nb_1387,7.0039
GLCTLVAML_nb_1388,5.1797
GLCTLVAML_nb_1389,6.6953
GLCTLVAML_nb_1392,7.0312
GLCTLVAML_nb_1393,9.6328
GLCTLVAML_nb_1394,5.3516
GLCTLVAML_nb_1395,8.0781
GLCTLVAML_nb_1396,6.6953
GLCTLVAML_nb_1400,7.6328
GLCTLVAML_nb_1401,5.1016
GLCTLVAML_nb_1402,9.9219
GLCTLVAML_nb_1404,6.2227
GLCTLVAML_nb_1405,7.4219
GLCTLVAML_nb_1407,8.0781
GLCTLVAML_nb_1408,7.457
GLCTLVAML_nb_1409,8.6094
GLCTLVAML_nb_1410,6.3828
GLCTLVAML_nb_1411,4.8125
GLCTLVAML_nb_1412,12.0781
GLCTLVAML_nb_1413,8.6172
GLCTLVAML_nb_1414,7.4023
GLCTLVAML_nb_1420,9.4375
GLCTLVAML_nb_1421,7.9648
GLCTLVAML_nb_1422,6.7578
GLCTLVAML_nb_1423,8.3906
GLCTLVAML_nb_1424,9.7812
GLCTLVAML_nb_1425,4.5312
GLCTLVAML_nb_1426,4.1172
GLCTLVAML_nb_1427,4.7812
GLCTLVAML_nb_1429,6.332
GLCTLVAML_nb_1430,10.5156
GLCTLVAML_nb_1432,7.9453
GLCTLVAML_nb_1433,6.6328
GLCTLVAML_nb_1436,3.9004
GLCTLVAML_nb_1437,3.9336
GLCTLVAML_nb_1440,7.6758
GLCTLVAML_nb_1441,8.4375
GLCTLVAML_nb_1443,7.9062
GLCTLVAML_nb_1445,4.8203
GLCTLVAML_nb_1446,9.375
GLCTLVAML_nb_1447,5.3555
GLCTLVAML_nb_1448,11.0312
GLCTLVAML_nb_1450,5.0547
GLCTLVAML_nb_1451,9.5
GLCTLVAML_nb_1452,7.457
GLCTLVAML_nb_1453,6.0625
GLCTLVAML_nb_1456,7.0625
GLCTLVAML_nb_1458,4.9141
GLCTLVAML_nb_1460,10.4219
GLCTLVAML_nb_1461,5.8906
GLCTLVAML_nb_1462,4.9688
GLCTLVAML_nb_1465,5.6445
GLCTLVAML_nb_1466,3.9062
GLCTLVAML_nb_1467,12.3906
GLCTLVAML_nb_1468,3.9062
GLCTLVAML_nb_1472,6.8516
GLCTLVAML_nb_1476,7.5859
GLCTLVAML_nb_1478,5.543
GLCTLVAML_nb_1481,6.1562
GLCTLVAML_nb_1483,7.2891
GLCTLVAML_nb_1484,9.4609
GLCTLVAML_nb_1485,3.2773
GLCTLVAML_nb_1487,6.0
GLCTLVAML_nb_1488,7.0234
GLCTLVAML_nb_1489,7.3516
GLCTLVAML_nb_1490,6.7656
GLCTLVAML_nb_1491,8.1875
GLCTLVAML_nb_1492,6.9844
GLCTLVAML_nb_1495,9.5312
GLCTLVAML_nb_1496,6.832
GLCTLVAML_nb_1497,5.2891
GLCTLVAML_nb_1498,4.4805
GLCTLVAML_nb_1500,5.2734
GLCTLVAML_nb_1501,6.7188
GLCTLVAML_nb_1502,9.2188
GLCTLVAML_nb_1503,5.2383
GLCTLVAML_nb_1504,5.6172
GLCTLVAML_nb_1506,5.1836
GLCTLVAML_nb_1507,6.1641
GLCTLVAML_nb_1509,7.75
GLCTLVAML_nb_1510,7.4531
GLCTLVAML_nb_1511,4.1797
GLCTLVAML_nb_1514,8.1484
GLCTLVAML_nb_1515,7.1953
GLCTLVAML_nb_1517,6.8047
GLCTLVAML_nb_1518,5.8281
GLCTLVAML_nb_1519,3.9629
GLCTLVAML_nb_1520,5.7109
GLCTLVAML_nb_1522,6.8438
GLCTLVAML_nb_1524,6.8477
GLCTLVAML_nb_1525,6.8203
GLCTLVAML_nb_1526,9.2031
GLCTLVAML_nb_1527,3.8164
GLCTLVAML_nb_1528,5.8203
GLCTLVAML_nb_1531,6.5938
GLCTLVAML_nb_1533,6.8086
GLCTLVAML_nb_1534,6.7656
GLCTLVAML_nb_1535,3.9336
GLCTLVAML_nb_1536,6.2656
GLCTLVAML_nb_1539,5.6094
GLCTLVAML_nb_1540,3.9062
GLCTLVAML_nb_1541,6.5469
GLCTLVAML_nb_1542,8.2188
GLCTLVAML_nb_1543,7.1328
GLCTLVAML_nb_1544,7.0117
GLCTLVAML_nb_1546,9.5312
GLCTLVAML_nb_1547,5.6953
GLCTLVAML_nb_1549,9.3594
GLCTLVAML_nb_1550,8.8828
GLCTLVAML_nb_1552,7.4688
GLCTLVAML_nb_1554,5.5547
GLCTLVAML_nb_1555,3.9062
GLCTLVAML_nb_1556,4.6484
GLCTLVAML_nb_1557,3.9062
GLCTLVAML_nb_1558,6.8164
GLCTLVAML_nb_1559,8.6719
GLCTLVAML_nb_1560,10.0312
GLCTLVAML_nb_1561,6.0469
GLCTLVAML_nb_1562,7.5508
GLCTLVAML_nb_1563,7.375
GLCTLVAML_nb_1564,9.4844
GLCTLVAML_nb_1565,6.5859
GLCTLVAML_nb_1568,5.7109
GLCTLVAML_nb_1569,6.4648
GLCTLVAML_nb_1570,5.375
GLCTLVAML_nb_1571,7.2734
GLCTLVAML_nb_1572,5.5547
GLCTLVAML_nb_1575,4.0859
GLCTLVAML_nb_1576,7.0195
GLCTLVAML_nb_1578,5.9141
GLCTLVAML_nb_1579,8.3125
GLCTLVAML_nb_1580,8.3438
GLCTLVAML_nb_1581,8.3438
GLCTLVAML_nb_1582,7.1328
GLCTLVAML_nb_1583,7.5938
GLCTLVAML_nb_1584,5.1953
GLCTLVAML_nb_1585,8.5234
GLCTLVAML_nb_1587,3.9062
GLCTLVAML_nb_1588,5.2031
GLCTLVAML_nb_1589,5.2578
GLCTLVAML_nb_1590,5.1719
GLCTLVAML_nb_1591,7.957
GLCTLVAML_nb_1592,7.3203
GLCTLVAML_nb_1593,4.4141
GLCTLVAML_nb_1594,7.1562
GLCTLVAML_nb_1595,3.3867
GLCTLVAML_nb_1598,8.5469
GLCTLVAML_nb_1599,8.5
GLCTLVAML_nb_1600,6.7812
GLCTLVAML_nb_1601,8.4062
GLCTLVAML_nb_1602,3.9062
GLCTLVAML_nb_1605,6.2031
GLCTLVAML_nb_1606,3.9004
GLCTLVAML_nb_1607,4.8672
GLCTLVAML_nb_1610,5.1602
GLCTLVAML_nb_1612,7.0547
GLCTLVAML_nb_1614,4.5742
GLCTLVAML_nb_1616,6.1289
GLCTLVAML_nb_1618,6.3086
GLCTLVAML_nb_1621,6.8906
GLCTLVAML_nb_1625,6.0352
GLCTLVAML_nb_1626,5.2344
GLCTLVAML_nb_1627,5.1719
GLCTLVAML_nb_1628,6.2266
GLCTLVAML_nb_1629,8.7031
GLCTLVAML_nb_1633,5.207
GLCTLVAML_nb_1634,7.4453
GLCTLVAML_nb_1635,10.5781
GLCTLVAML_nb_1636,7.6133
GLCTLVAML_nb_1638,6.3516
GLCTLVAML_nb_1639,4.0859
GLCTLVAML_nb_1640,8.4531
GLCTLVAML_nb_5201,7.0312
GLCTLVAML_nb_5202,9.75
GLCTLVAML_nb_5204,7.75
GLCTLVAML_nb_5206,4.7461
GLCTLVAML_nb_5209,8.6406
GLCTLVAML_nb_5210,3.9062
GLCTLVAML_nb_5212,6.7734
GLCTLVAML_nb_5213,5.1719
GLCTLVAML_nb_5215,5.2031
GLCTLVAML_nb_5216,5.8828
GLCTLVAML_nb_5217,5.5117
GLCTLVAML_nb_5220,4.7891
GLCTLVAML_nb_5221,13.25
GLCTLVAML_nb_5222,6.4062
GLCTLVAML_nb_5223,5.5781
GLCTLVAML_nb_5224,6.2422
GLCTLVAML_nb_5226,6.2461
GLCTLVAML_nb_5227,5.9141
GLCTLVAML_nb_5228,7.9922
GLCTLVAML_nb_5229,4.4102
GLCTLVAML_nb_5230,4.4102
GLCTLVAML_nb_5231,7.7109
GLCTLVAML_nb_5234,12.2031
GLCTLVAML_nb_5235,7.6328
GLCTLVAML_nb_5236,7.5625
GLCTLVAML_nb_5237,4.8906
GLCTLVAML_nb_5238,6.8672
GLCTLVAML_nb_5240,4.7656
GLCTLVAML_nb_5241,6.3594
GLCTLVAML_nb_5243,3.9629
GLCTLVAML_nb_5244,8.4219
GLCTLVAML_nb_5248,6.8281
GLCTLVAML_nb_5250,7.2695
GLCTLVAML_nb_5252,9.9297
GLCTLVAML_nb_5253,5.8984
GLCTLVAML_nb_5254,8.6719
GLCTLVAML_nb_5256,8.4844
GLCTLVAML_nb_5257,7.207
GLCTLVAML_nb_5259,7.0039
GLCTLVAML_nb_5261,3.6816
GLCTLVAML_nb_5264,3.9062
GLCTLVAML_nb_5266,7.6602
GLCTLVAML_nb_5267,8.5625
GLCTLVAML_nb_5268,5.8984
GLCTLVAML_nb_5269,5.625
GLCTLVAML_nb_5270,3.5469
GLCTLVAML_nb_5271,5.5625
GLCTLVAML_nb_5273,6.5195
GLCTLVAML_nb_5274,5.3281
GLCTLVAML_nb_5276,3.8828
GLCTLVAML_nb_5277,4.75
GLCTLVAML_nb_5279,6.5742
GLCTLVAML_nb_5282,8.3203
GLCTLVAML_nb_5283,4.5938
GLCTLVAML_nb_5285,6.0312
GLCTLVAML_nb_5287,5.293
GLCTLVAML_nb_5288,6.4062
GLCTLVAML_nb_5289,5.5469
GLCTLVAML_nb_5290,6.0078
GLCTLVAML_nb_5291,6.9805
GLCTLVAML_nb_5292,7.7383
GLCTLVAML_nb_5293,9.1875
GLCTLVAML_nb_5294,8.2031
GLCTLVAML_nb_5295,7.9375
GLCTLVAML_nb_5296,12.3203
GLCTLVAML_nb_5297,6.9492
GLCTLVAML_nb_5299,7.8203
GLCTLVAML_nb_5301,5.8281
GLCTLVAML_nb_5303,6.7188
GLCTLVAML_nb_5304,8.625
GLCTLVAML_nb_5305,7.0547
GLCTLVAML_nb_5306,5.5391
GLCTLVAML_nb_5307,5.4766
GLCTLVAML_nb_5308,3.3555
GLCTLVAML_nb_5309,6.543
GLCTLVAML_nb_5310,9.1016
GLCTLVAML_nb_5311,6.4453
GLCTLVAML_nb_5315,6.8125
GLCTLVAML_nb_5316,7.3828
GLCTLVAML_nb_5318,8.3906
GLCTLVAML_nb_5320,9.1719
GLCTLVAML_nb_5321,9.8906
GLCTLVAML_nb_5322,8.8906
GLCTLVAML_nb_5323,8.2188
GLCTLVAML_nb_5324,8.6016
GLCTLVAML_nb_5325,3.2422
GLCTLVAML_nb_5326,4.6719
GLCTLVAML_nb_5328,6.5664
GLCTLVAML_nb_5329,4.8672
GLCTLVAML_nb_5333,10.8203
GLCTLVAML_nb_5336,3.7266
GLCTLVAML_nb_5338,3.9629
GLCTLVAML_nb_5342,7.043
GLCTLVAML_nb_5343,10.5
GLCTLVAML_nb_5344,6.4023
GLCTLVAML_nb_5350,7.9531
GLCTLVAML_nb_5352,7.9688
GLCTLVAML_nb_5353,9.4531
GLCTLVAML_nb_5354,5.5508
GLCTLVAML_nb_5355,6.8438
GLCTLVAML_nb_5357,6.7969
GLCTLVAML_nb_5359,7.5547
GLCTLVAML_nb_5360,8.1875
GLCTLVAML_nb_5362,4.5391
GLCTLVAML_nb_5364,3.4766
GLCTLVAML_nb_5365,4.0938
GLCTLVAML_nb_5366,8.4219
GLCTLVAML_nb_5367,4.3164
GLCTLVAML_nb_5368,5.5391
GLCTLVAML_nb_5370,8.375
GLCTLVAML_nb_5374,12.8516
GLCTLVAML_nb_5375,9.5312
GLCTLVAML_nb_5376,6.5859
GLCTLVAML_nb_5377,11.5312
GLCTLVAML_nb_5378,6.7578
GLCTLVAML_nb_5379,9.4297
GLCTLVAML_nb_5380,7.1445
GLCTLVAML_nb_5381,4.6719
GLCTLVAML_nb_5383,7.2617
GLCTLVAML_nb_5384,9.2031
GLCTLVAML_nb_5385,6.2656
GLCTLVAML_nb_5386,7.0312
GLCTLVAML_nb_5387,8.3281
GLCTLVAML_nb_5389,9.4688
GLCTLVAML_nb_5391,6.9688
GLCTLVAML_nb_5392,7.7422
GLCTLVAML_nb_5393,4.6328
GLCTLVAML_nb_5394,8.7734
GLCTLVAML_nb_5395,7.0547
GLCTLVAML_nb_5396,5.6797
GLCTLVAML_nb_5397,7.1992
GLCTLVAML_nb_5400,5.1484
GLCTLVAML_nb_5402,10.4297
GLCTLVAML_nb_5404,6.0625
GLCTLVAML_nb_5405,10.75
GLCTLVAML_nb_5406,6.8438
GLCTLVAML_nb_5408,5.4883
GLCTLVAML_nb_5410,9.8828
GLCTLVAML_nb_5412,6.0547
GLCTLVAML_nb_5413,4.6992
GLCTLVAML_nb_5414,7.3672
GLCTLVAML_nb_5415,7.6289
GLCTLVAML_nb_5417,3.2031
GLCTLVAML_nb_5419,6.8828
GLCTLVAML_nb_5420,6.5703
GLCTLVAML_nb_5421,6.5742
GLCTLVAML_nb_5423,6.9531
GLCTLVAML_nb_5424,6.8281
GLCTLVAML_nb_5425,10.0938
GLCTLVAML_nb_5428,6.6016
GLCTLVAML_nb_5430,6.8672
GLCTLVAML_nb_5432,6.5938
GLCTLVAML_nb_5433,3.7812
GLCTLVAML_nb_5434,8.9062
GLCTLVAML_nb_5437,8.9219
GLCTLVAML_nb_5438,9.4688
GLCTLVAML_nb_5439,6.6719
GLCTLVAML_nb_5441,7.2656
GLCTLVAML_nb_5442,4.8672
GLCTLVAML_nb_5444,9.2422
GLCTLVAML_nb_5449,5.3281
GLCTLVAML_nb_5451,6.2148
GLCTLVAML_nb_5453,9.1016
GLCTLVAML_nb_5454,7.5625
GLCTLVAML_nb_5455,6.7188
GLCTLVAML_nb_5456,6.2812
GLCTLVAML_nb_5457,5.9844
GLCTLVAML_nb_5458,5.6016
GLCTLVAML_nb_5460,6.5742
GLCTLVAML_nb_5461,6.0234
GLCTLVAML_nb_5462,7.8281
GLCTLVAML_nb_5463,5.8672
GLCTLVAML_nb_5464,9.7734
GLCTLVAML_nb_5465,6.332
GLCTLVAML_nb_5466,6.2344
GLCTLVAML_nb_5467,6.4844
GLCTLVAML_nb_5468,8.3672
GLCTLVAML_nb_5469,8.6328
GLCTLVAML_nb_5470,5.7305
GLCTLVAML_nb_5472,8.4297
GLCTLVAML_nb_5474,10.2734
GLCTLVAML_nb_5477,10.6797
GLCTLVAML_nb_5478,7.4844
GLCTLVAML_nb_5480,8.3125
GLCTLVAML_nb_5482,6.8398
GLCTLVAML_nb_5483,4.3125
GLCTLVAML_nb_5485,5.8594
GLCTLVAML_nb_5486,3.9062
GLCTLVAML_nb_5487,7.8359
GLCTLVAML_nb_5488,4.6719
GLCTLVAML_nb_5489,10.2266
GLCTLVAML_nb_5491,6.7266
GLCTLVAML_nb_5492,3.9062
GLCTLVAML_nb_5493,5.4258
GLCTLVAML_nb_5495,4.9023
GLCTLVAML_nb_5496,8.7812
GLCTLVAML_nb_5497,5.25
GLCTLVAML_nb_5500,3.5898
GLCTLVAML_nb_5501,7.6406
GLCTLVAML_nb_5502,7.668
GLCTLVAML_nb_5503,5.5234
GLCTLVAML_nb_5504,7.7109
GLCTLVAML_nb_5505,4.707
GLCTLVAML_nb_5506,7.0234
GLCTLVAML_nb_5507,3.875
GLCTLVAML_nb_5508,5.1562
GLCTLVAML_nb_5510,6.8281
GLCTLVAML_nb_5511,5.2891
GLCTLVAML_nb_5515,3.3027
GLCTLVAML_nb_5516,5.3203
GLCTLVAML_nb_5517,5.2344
GLCTLVAML_nb_5518,10.3125
GLCTLVAML_nb_5520,7.2578
GLCTLVAML_nb_5521,9.1641
GLCTLVAML_nb_5522,10.4844
GLCTLVAML_nb_5523,6.7461
GLCTLVAML_nb_5524,6.418
GLCTLVAML_nb_5526,5.2305
GLCTLVAML_nb_5527,8.6719
GLCTLVAML_nb_5528,7.0547
GLCTLVAML_nb_5531,8.75
GLCTLVAML_nb_5533,6.9609
GLCTLVAML_nb_5534,8.3438
GLCTLVAML_nb_5536,5.1562
GLCTLVAML_nb_5537,6.0547
GLCTLVAML_nb_5538,8.5312
GLCTLVAML_nb_5540,6.5312
GLCTLVAML_nb_5541,4.7891
GLCTLVAML_nb_5542,6.8984
GLCTLVAML_nb_5544,8.7188
GLCTLVAML_nb_5546,7.1172
GLCTLVAML_nb_5549,6.8672
GLCTLVAML_nb_5551,6.707
GLCTLVAML_nb_5552,7.2578
GLCTLVAML_nb_5553,10.5703
GLCTLVAML_nb_5554,8.4062
GLCTLVAML_nb_5555,6.2109
GLCTLVAML_nb_5556,6.2422
GLCTLVAML_nb_5557,7.5977
GLCTLVAML_nb_5558,3.9629
GLCTLVAML_nb_5559,5.6328
GLCTLVAML_nb_5560,5.6719
GLCTLVAML_nb_5561,8.8359
GLCTLVAML_nb_5562,4.9023
GLCTLVAML_nb_5565,7.4766
GLCTLVAML_nb_5567,7.3281
GLCTLVAML_nb_5568,6.2734
GLCTLVAML_nb_5569,9.5938
GLCTLVAML_nb_5570,5.4375
GLCTLVAML_nb_5571,8.5469
GLCTLVAML_nb_5572,10.1875
GLCTLVAML_nb_5573,6.5742
GLCTLVAML_nb_5576,7.6094
GLCTLVAML_nb_5581,7.7539
GLCTLVAML_nb_5583,6.8398
GLCTLVAML_nb_5584,7.9609
GLCTLVAML_nb_5585,6.5078
GLCTLVAML_nb_5586,9.2734
GLCTLVAML_nb_5587,8.875
GLCTLVAML_nb_5588,9.1719
GLCTLVAML_nb_5589,8.3281
GLCTLVAML_nb_5590,6.0547
GLCTLVAML_nb_5591,9.9688
GLCTLVAML_nb_5592,9.7812
GLCTLVAML_nb_5593,8.0859
GLCTLVAML_nb_5594,4.1797
GLCTLVAML_nb_5595,9.7188
GLCTLVAML_nb_5597,6.75
GLCTLVAML_nb_5598,5.3828
GLCTLVAML_nb_5599,6.0156
GLCTLVAML_nb_5600,8.1875
GLCTLVAML_nb_5601,5.1992
GLCTLVAML_nb_5602,8.4375
GLCTLVAML_nb_5603,7.0117
GLCTLVAML_nb_5604,7.4375
GLCTLVAML_nb_5605,8.1562
GLCTLVAML_nb_5608,4.332
GLCTLVAML_nb_5609,7.8164
GLCTLVAML_nb_5611,4.7148
GLCTLVAML_nb_5612,5.5391
GLCTLVAML_nb_5616,7.8867
GLCTLVAML_nb_5618,6.7656
GLCTLVAML_nb_5619,6.7109
GLCTLVAML_nb_5621,4.7891
GLCTLVAML_nb_5622,6.2969
GLCTLVAML_nb_5623,6.8516
GLCTLVAML_nb_5624,9.1484
GLCTLVAML_nb_5625,6.8359
GLCTLVAML_nb_5626,9.6172
GLCTLVAML_nb_5627,6.4727
GLCTLVAML_nb_5628,7.5312
GLCTLVAML_nb_5630,5.8828
GLCTLVAML_nb_5631,6.875
GLCTLVAML_nb_5632,9.9141
GLCTLVAML_nb_5634,7.5234
GLCTLVAML_nb_5635,7.8359
GLCTLVAML_nb_5636,9.5547
GLCTLVAML_nb_5639,6.0703
GLCTLVAML_nb_5641,9.0938
GLCTLVAML_nb_5643,8.6719
GLCTLVAML_nb_5644,6.7578
GLCTLVAML_nb_5645,5.3086
GLCTLVAML_nb_5646,8.0859
GLCTLVAML_nb_5648,9.4297
GLCTLVAML_nb_5650,7.7461
GLCTLVAML_nb_5652,6.4688
GLCTLVAML_nb_5653,7.2891
GLCTLVAML_nb_5654,9.6562
GLCTLVAML_nb_5655,3.9531
GLCTLVAML_nb_5656,3.9062
GLCTLVAML_nb_5657,5.7773
GLCTLVAML_nb_5658,8.5938
GLCTLVAML_nb_5659,4.7109
GLCTLVAML_nb_5660,9.0078
GLCTLVAML_nb_5661,9.4297
GLCTLVAML_nb_5662,5.4688
GLCTLVAML_nb_5663,8.8281
GLCTLVAML_nb_5665,8.25
GLCTLVAML_nb_5666,6.1562
GLCTLVAML_nb_5667,7.2969
GLCTLVAML_nb_5668,5.9102
GLCTLVAML_nb_5669,10.2812
GLCTLVAML_nb_5670,6.4844
GLCTLVAML_nb_5673,4.6875
GLCTLVAML_nb_5674,8.0469
GLCTLVAML_nb_5675,6.2656
GLCTLVAML_nb_5677,4.9922
GLCTLVAML_nb_5679,8.1875
GLCTLVAML_nb_5680,4.5859
GLCTLVAML_nb_5681,6.1289
GLCTLVAML_nb_5682,10.1484
GLCTLVAML_nb_5683,5.1562
GLCTLVAML_nb_5685,7.0547
GLCTLVAML_nb_5686,5.1484
GLCTLVAML_nb_5687,6.1758
GLCTLVAML_nb_5688,6.2109
GLCTLVAML_nb_5689,7.8281
GLCTLVAML_nb_5691,5.2734
GLCTLVAML_nb_5694,8.7344
GLCTLVAML_nb_5695,7.4766
GLCTLVAML_nb_5696,3.7695
GLCTLVAML_nb_5697,4.7969
GLCTLVAML_nb_5698,8.1562
GLCTLVAML_nb_5699,12.5781
GLCTLVAML_nb_5700,6.5703
GLCTLVAML_nb_5701,5.75
GLCTLVAML_nb_5702,6.8125
GLCTLVAML_nb_5703,7.8438
GLCTLVAML_nb_5704,5.2383
GLCTLVAML_nb_5705,9.5
GLCTLVAML_nb_5706,7.4062
GLCTLVAML_nb_5707,5.4531
GLCTLVAML_nb_5708,3.8125
GLCTLVAML_nb_5709,7.8828
GLCTLVAML_nb_5710,8.7891
GLCTLVAML_nb_5711,4.9141
GLCTLVAML_nb_5712,7.875
GLCTLVAML_nb_5713,5.5859
GLCTLVAML_nb_5715,5.5469
GLCTLVAML_nb_5716,3.8477
GLCTLVAML_nb_5717,7.4414
GLCTLVAML_nb_5718,5.8984
GLCTLVAML_nb_5719,4.1797
GLCTLVAML_nb_5720,8.1016
GLCTLVAML_nb_5721,4.8086
GLCTLVAML_nb_5722,5.5078
GLCTLVAML_nb_5723,3.8164
GLCTLVAML_nb_5724,10.2188
GLCTLVAML_nb_5727,7.8516
GLCTLVAML_nb_5732,5.832
GLCTLVAML_nb_5733,10.2969
GLCTLVAML_nb_5734,4.5
GLCTLVAML_nb_5735,7.2109
GLCTLVAML_nb_5736,7.2734
GLCTLVAML_nb_5738,4.0312
GLCTLVAML_nb_5739,7.4492
GLCTLVAML_nb_5741,6.9531
GLCTLVAML_nb_5742,8.1719
GLCTLVAML_nb_5747,3.9062
GLCTLVAML_nb_5749,5.1719
GLCTLVAML_nb_5750,6.5977
GLCTLVAML_nb_5751,7.8125
GLCTLVAML_nb_5752,8.2188
GLCTLVAML_nb_5753,7.8125
GLCTLVAML_nb_5754,7.4336
GLCTLVAML_nb_5756,7.0547
GLCTLVAML_nb_5758,8.4219
GLCTLVAML_nb_5759,7.2969
GLCTLVAML_nb_5760,9.4375
GLCTLVAML_nb_5761,8.7734
GLCTLVAML_nb_5762,4.4102
GLCTLVAML_nb_5763,6.3125
GLCTLVAML_nb_5765,3.9062
GLCTLVAML_nb_5767,9.8438
GLCTLVAML_nb_5769,6.5547
GLCTLVAML_nb_5771,6.6602
GLCTLVAML_nb_5772,5.9648
GLCTLVAML_nb_5773,6.6758
GLCTLVAML_nb_5774,4.832
GLCTLVAML_nb_5775,7.6719
GLCTLVAML_nb_5778,6.4297
GLCTLVAML_nb_5779,3.2188
GLCTLVAML_nb_5780,5.9453
GLCTLVAML_nb_5781,8.2734
GLCTLVAML_nb_5783,4.6719
GLCTLVAML_nb_5784,12.0938
GLCTLVAML_nb_5787,13.5625
GLCTLVAML_nb_5791,5.3555
GLCTLVAML_nb_5792,6.6094
GLCTLVAML_nb_5795,4.8867
GLCTLVAML_nb_5796,5.3359
GLCTLVAML_nb_5802,6.582
GLCTLVAML_nb_5803,6.6758
GLCTLVAML_nb_5804,5.8906
GLCTLVAML_nb_5805,7.875
GLCTLVAML_nb_5809,6.0
GLCTLVAML_nb_5810,5.1406
GLCTLVAML_nb_5811,7.0938
GLCTLVAML_nb_5813,5.8008
GLCTLVAML_nb_5814,7.5117
GLCTLVAML_nb_5815,4.6953
GLCTLVAML_nb_5816,7.1172
GLCTLVAML_nb_5817,7.6094
GLCTLVAML_nb_5818,6.6562
GLCTLVAML_nb_5819,5.4375
GLCTLVAML_nb_5820,9.5312
GLCTLVAML_nb_5821,2.9688
GLCTLVAML_nb_5822,5.2578
GLCTLVAML_nb_5823,6.7188
GLCTLVAML_nb_5824,5.1719
GLCTLVAML_nb_5828,10.6328
GLCTLVAML_nb_5830,5.5
GLCTLVAML_nb_5831,5.793
GLCTLVAML_nb_5834,8.7969
GLCTLVAML_nb_5835,10.6875
GLCTLVAML_nb_5837,11.3594
GLCTLVAML_nb_5842,8.7031
GLCTLVAML_nb_5845,6.2812
GLCTLVAML_nb_5846,9.5625
GLCTLVAML_nb_5850,9.0312
GLCTLVAML_nb_5851,6.6445
GLCTLVAML_nb_5852,4.7891
GLCTLVAML_nb_5856,6.8828
GLCTLVAML_nb_5858,6.5391
GLCTLVAML_nb_5860,5.4375
GLCTLVAML_nb_5861,4.2891
GLCTLVAML_nb_5862,5.207
GLCTLVAML_nb_5865,5.8828
GLCTLVAML_nb_5866,5.0898
GLCTLVAML_nb_5867,6.2734
GLCTLVAML_nb_5869,8.6016
GLCTLVAML_nb_5870,3.9766
GLCTLVAML_nb_5872,3.9766
GLCTLVAML_nb_5873,5.4648
GLCTLVAML_nb_5874,3.9062
GLCTLVAML_nb_5875,6.8516
GLCTLVAML_nb_5876,12.5938
GLCTLVAML_nb_5877,5.4883
GLCTLVAML_nb_5878,7.3828
GLCTLVAML_nb_5879,7.7617
GLCTLVAML_nb_5882,8.3984
GLCTLVAML_nb_5883,5.4375
GLCTLVAML_nb_5884,7.832
GLCTLVAML_nb_5885,8.9375
GLCTLVAML_nb_5887,5.6758
GLCTLVAML_nb_5888,9.0
GLCTLVAML_nb_5891,6.8164
GLCTLVAML_nb_5892,5.0391
GLCTLVAML_nb_5893,6.4961
GLCTLVAML_nb_5894,6.0781
GLCTLVAML_nb_5895,8.2656
GLCTLVAML_nb_5896,6.4688
GLCTLVAML_nb_5897,6.9609
GLCTLVAML_nb_5901,10.2031
GLCTLVAML_nb_5902,6.9219
GLCTLVAML_nb_5903,7.7031
GLCTLVAML_nb_5907,5.1406
GLCTLVAML_nb_5908,7.1953
GLCTLVAML_nb_5910,8.0312
GLCTLVAML_nb_5911,9.625
GLCTLVAML_nb_5913,3.9004
GLCTLVAML_nb_5914,6.9648
GLCTLVAML_nb_5916,4.4141
GLCTLVAML_nb_5917,7.8516
GLCTLVAML_nb_5918,6.4062
GLCTLVAML_nb_5919,9.1719
GLCTLVAML_nb_5921,5.4531
GLCTLVAML_nb_5922,8.4844
GLCTLVAML_nb_5923,6.2539
GLCTLVAML_nb_5925,8.0078
GLCTLVAML_nb_5928,7.7969
GLCTLVAML_nb_5929,7.4375
GLCTLVAML_nb_5931,6.4102
GLCTLVAML_nb_5934,5.2578
GLCTLVAML_nb_5935,7.1602
GLCTLVAML_nb_5936,6.8203
GLCTLVAML_nb_5937,4.6641
GLCTLVAML_nb_5938,7.3906
GLCTLVAML_nb_5940,8.5703
GLCTLVAML_nb_5941,8.8594
GLCTLVAML_nb_5942,5.4297
GLCTLVAML_nb_5943,5.1562
GLCTLVAML_nb_5944,8.2891
GLCTLVAML_nb_5945,7.5547
GLCTLVAML_nb_5946,6.5469
GLCTLVAML_nb_5949,7.5234
GLCTLVAML_nb_5950,4.7383
GLCTLVAML_nb_5951,9.4297
GLCTLVAML_nb_5952,8.0078
GLCTLVAML_nb_5953,5.2266
GLCTLVAML_nb_5954,7.4258
GLCTLVAML_nb_5955,6.1836
GLCTLVAML_nb_5956,4.2734
GLCTLVAML_nb_5957,6.0391
GLCTLVAML_nb_5958,9.1484
GLCTLVAML_nb_5959,7.5
GLCTLVAML_nb_5962,7.3047
GLCTLVAML_nb_5963,5.918
GLCTLVAML_nb_5964,8.5312
GLCTLVAML_nb_5965,9.3906
GLCTLVAML_nb_5966,9.5391
GLCTLVAML_nb_5968,10.1094
GLCTLVAML_nb_5970,5.8594
GLCTLVAML_nb_5971,7.3633
GLCTLVAML_nb_5973,9.1406
GLCTLVAML_nb_5974,4.1797
GLCTLVAML_nb_5975,5.6484
GLCTLVAML_nb_5976,8.4844
GLCTLVAML_nb_5977,4.9492
GLCTLVAML_nb_5978,7.9219
GLCTLVAML_nb_5980,9.1406
GLCTLVAML_nb_5981,8.375
GLCTLVAML_nb_5982,5.3555
GLCTLVAML_nb_5983,3.9062
GLCTLVAML_nb_5984,7.9492
GLCTLVAML_nb_5987,7.707
GLCTLVAML_nb_5989,9.5078
GLCTLVAML_nb_5991,5.9766
GLCTLVAML_nb_5992,6.5742
GLCTLVAML_nb_5994,6.5
GLCTLVAML_nb_5995,9.4297
GLCTLVAML_nb_5997,4.5195
GLCTLVAML_nb_5998,6.2539
GLCTLVAML_nb_5999,10.1875
GLCTLVAML_nb_6000,6.0391
GLCTLVAML_nb_6002,5.0156
GLCTLVAML_nb_6003,7.3672
GLCTLVAML_nb_6005,9.9375
GLCTLVAML_nb_6007,5.3555
GLCTLVAML_nb_6008,7.3672
GLCTLVAML_nb_6009,9.0078
GLCTLVAML_nb_6013,7.1055
GLCTLVAML_nb_6014,7.168
GLCTLVAML_nb_6016,8.9062
GLCTLVAML_nb_6017,5.4922
GLCTLVAML_nb_6018,7.6719
GLCTLVAML_nb_6019,6.7656
GLCTLVAML_nb_6021,9.4297
GLCTLVAML_nb_6022,8.6562
GLCTLVAML_nb_6023,7.8672
GLCTLVAML_nb_6027,7.7734
GLCTLVAML_nb_6029,7.1562
GLCTLVAML_nb_6030,9.0156
GLCTLVAML_nb_6031,8.875
GLCTLVAML_nb_6032,3.9062
GLCTLVAML_nb_6033,8.5938
GLCTLVAML_nb_6034,8.2812
GLCTLVAML_nb_6035,4.1797
GLCTLVAML_nb_6037,7.9844
GLCTLVAML_nb_6039,6.5742
GLCTLVAML_nb_6040,9.5781
GLCTLVAML_nb_6041,4.5391
GLCTLVAML_nb_6042,5.4883
GLCTLVAML_nb_6043,4.1875
GLCTLVAML_nb_6044,6.4102
GLCTLVAML_nb_6045,7.3438
GLCTLVAML_nb_6046,4.4648
GLCTLVAML_nb_6048,5.5781
GLCTLVAML_nb_6049,7.4531
GLCTLVAML_nb_6051,9.5391
GLCTLVAML_nb_6053,3.9004
LLDFVRFMGV_1063,10.0469
LLDFVRFMGV_109,7.5078
LLDFVRFMGV_1241,6.2773
LLDFVRFMGV_1531,7.0938
LLDFVRFMGV_1593,7.6797
LLDFVRFMGV_1625,8.7969
LLDFVRFMGV_1663,7.9102
LLDFVRFMGV_1664,7.0938
LLDFVRFMGV_176,8.7656
LLDFVRFMGV_178,7.9531
LLDFVRFMGV_2220,7.9102
LLDFVRFMGV_242,7.3594
LLDFVRFMGV_2737,8.2578
LLDFVRFMGV_3231,10.1719
LLDFVRFMGV_3232,7.9102
LLDFVRFMGV_3234,7.0938
LLDFVRFMGV_3235,7.5703
LLDFVRFMGV_3236,7.5078
LLDFVRFMGV_3461,13.6094
LLDFVRFMGV_3470,6.6641
LLDFVRFMGV_3501,7.625
LLDFVRFMGV_460,7.4102
LLDFVRFMGV_461,6.4844
LLDFVRFMGV_472,8.1172
LLDFVRFMGV_473,7.9102
LLDFVRFMGV_474,6.7266
LLDFVRFMGV_475,7.0938
LLDFVRFMGV_476,6.457
LLDFVRFMGV_477,6.7344
LLDFVRFMGV_515,7.6797
LLDFVRFMGV_516,5.6406
LLDFVRFMGV_518,10.2969
LLDFVRFMGV_600,6.6875
LLDFVRFMGV_709,9.7969
LLDFVRFMGV_710,6.875
LLDFVRFMGV_746,7.6797
LLDFVRFMGV_778,10.7891
LLDFVRFMGV_858,8.4531
LLDFVRFMGV_964,7.5938
LLDFVRFMGV_965,7.6797
LLDFVRFMGV_967,8.9844
LLDFVRFMGV_977,10.125
LLDFVRFMGV_nb_11629,8.4062
LLDFVRFMGV_nb_11630,12.7969
LLDFVRFMGV_nb_11631,9.0469
LLDFVRFMGV_nb_11632,6.6875
LLDFVRFMGV_nb_11633,6.8711
LLDFVRFMGV_nb_11634,10.0156
LLDFVRFMGV_nb_11636,7.5391
LLDFVRFMGV_nb_11637,9.2266
LLDFVRFMGV_nb_11640,7.0547
LLDFVRFMGV_nb_11642,10.0547
LLDFVRFMGV_nb_11643,8.4844
LLDFVRFMGV_nb_11645,5.6016
LLDFVRFMGV_nb_11647,11.0703
LLDFVRFMGV_nb_11648,6.3164
LLDFVRFMGV_nb_11649,12.5625
LLDFVRFMGV_nb_11651,7.3438
LLDFVRFMGV_nb_11652,7.1016
LLDFVRFMGV_nb_11653,7.3828
LLDFVRFMGV_nb_11654,8.875
LLDFVRFMGV_nb_11655,8.875
LLDFVRFMGV_nb_11656,8.9531
LLDFVRFMGV_nb_11658,10.375
LLDFVRFMGV_nb_11662,7.6602
LLDFVRFMGV_nb_11665,9.9375
LLDFVRFMGV_nb_11666,9.6719
LLDFVRFMGV_nb_11667,10.2969
LLDFVRFMGV_nb_11671,6.5391
LLDFVRFMGV_nb_11672,7.9297
LLDFVRFMGV_nb_11673,8.3516
LLDFVRFMGV_nb_11677,8.0469
LLDFVRFMGV_nb_11678,10.7344
LLDFVRFMGV_nb_11681,8.375
LLDFVRFMGV_nb_11683,8.5781
LLDFVRFMGV_nb_11685,11.1797
LLDFVRFMGV_nb_11687,7.75
LLDFVRFMGV_nb_11688,7.1953
LLDFVRFMGV_nb_11689,10.1328
LLDFVRFMGV_nb_2914,9.0156
LLDFVRFMGV_nb_2915,8.75
LLDFVRFMGV_nb_2916,8.8906
LLDFVRFMGV_nb_2917,10.5469
LLDFVRFMGV_nb_2918,6.2422
LLDFVRFMGV_nb_2920,6.7656
LLDFVRFMGV_nb_2922,10.5469
LLDFVRFMGV_nb_2924,4.9531
LLDFVRFMGV_nb_2925,8.5625
LLDFVRFMGV_nb_2927,5.7031
LLDFVRFMGV_nb_2930,9.3672
LLDFVRFMGV_nb_2931,6.707
LLDFVRFMGV_nb_2933,14.4062
LLDFVRFMGV_nb_2934,5.9453
LLDFVRFMGV_nb_2936,8.8594
LLDFVRFMGV_nb_2937,7.7031
LLDFVRFMGV_nb_2939,8.3438
LLDFVRFMGV_nb_2940,12.0781
LLDFVRFMGV_nb_2941,6.6016
LLDFVRFMGV_nb_2942,8.8594
LLDFVRFMGV_nb_2944,5.9062
LLDFVRFMGV_nb_2945,5.9062
LLDFVRFMGV_nb_2946,7.9531
LLDFVRFMGV_nb_2951,8.0391
LLDFVRFMGV_nb_2952,4.9727
LLDFVRFMGV_nb_2953,9.4219
LLDFVRFMGV_nb_2955,8.7422
LLDFVRFMGV_nb_2956,10.5469
LLDFVRFMGV_nb_2959,4.0156
LLDFVRFMGV_nb_2960,9.1797
LLDFVRFMGV_nb_2961,8.9609
LLDFVRFMGV_nb_2963,6.0781
LLDFVRFMGV_nb_2967,11.5391
LLDFVRFMGV_nb_2968,7.4453
LLDFVRFMGV_nb_2969,9.7344
LLDFVRFMGV_nb_2970,7.7344
LLDFVRFMGV_nb_2971,7.5234
LLDFVRFMGV_nb_2972,9.1484
LLDFVRFMGV_nb_2974,10.4688
LLDFVRFMGV_nb_2975,8.9844
LLDFVRFMGV_nb_2976,8.0469
LLDFVRFMGV_nb_2977,10.5625
LLDFVRFMGV_nb_2979,7.3438
LLDFVRFMGV_nb_2980,10.0469
LLDFVRFMGV_nb_2981,8.3828
LLDFVRFMGV_nb_2982,4.9531
LLDFVRFMGV_nb_2983,8.5156
LLDFVRFMGV_nb_2984,8.6953
LLDFVRFMGV_nb_2985,7.0781
LLDFVRFMGV_nb_2986,10.6328
LLDFVRFMGV_nb_2987,8.2812
LLDFVRFMGV_nb_2988,6.2461
LLDFVRFMGV_nb_2989,8.3594
LLDFVRFMGV_nb_2991,6.2773
LLDFVRFMGV_nb_2992,9.1719
LLDFVRFMGV_nb_2993,9.125
LLDFVRFMGV_nb_2995,6.2188
LLDFVRFMGV_nb_2996,9.5078
LLDFVRFMGV_nb_2998,8.4375
LLDFVRFMGV_nb_3001,9.7734
LLDFVRFMGV_nb_3002,7.2656
LLDFVRFMGV_nb_3004,4.5625
LLDFVRFMGV_nb_3005,8.9844
LLDFVRFMGV_nb_3006,10.1328
LLDFVRFMGV_nb_3007,9.125
LLDFVRFMGV_nb_3008,7.0625
LLDFVRFMGV_nb_3009,9.0234
LLDFVRFMGV_nb_3011,8.4219
LLDFVRFMGV_nb_3012,9.7578
LLDFVRFMGV_nb_3013,10.6953
LLDFVRFMGV_nb_3014,7.1719
LLDFVRFMGV_nb_3015,9.5
LLDFVRFMGV_nb_3017,7.3516
LLDFVRFMGV_nb_3020,7.2344
LLDFVRFMGV_nb_3022,10.8984
LLDFVRFMGV_nb_3024,11.8281
LLDFVRFMGV_nb_3025,9.8047
LLDFVRFMGV_nb_3026,10.3281
LLDFVRFMGV_nb_3027,5.5547
LLDFVRFMGV_nb_3028,9.2812
LLDFVRFMGV_nb_3029,7.2344
LLDFVRFMGV_nb_3030,4.5625
LLDFVRFMGV_nb_3031,4.875
LLDFVRFMGV_nb_3033,8.0625
LLDFVRFMGV_nb_3034,11.6719
LLDFVRFMGV_nb_3038,8.4375
LLDFVRFMGV_nb_3039,8.1719
LLDFVRFMGV_nb_3041,9.4844
LLDFVRFMGV_nb_3042,9.4844
LLDFVRFMGV_nb_3043,7.2891
LLDFVRFMGV_nb_3046,9.8906
LLDFVRFMGV_nb_3048,6.9688
LLDFVRFMGV_nb_3049,5.3906
LLDFVRFMGV_nb_3051,8.0234
LLDFVRFMGV_nb_3052,8.9844
LLDFVRFMGV_nb_3054,8.1875
LLDFVRFMGV_nb_3057,9.0156
LLDFVRFMGV_nb_3059,6.2344
LLDFVRFMGV_nb_3060,9.8203
LLDFVRFMGV_nb_3061,4.0156
LLDFVRFMGV_nb_3062,7.2812
LLDFVRFMGV_nb_3063,6.5156
LLDFVRFMGV_nb_3066,8.4062
LLDFVRFMGV_nb_3067,6.5781
LLDFVRFMGV_nb_3068,8.8125
LLDFVRFMGV_nb_3069,8.8359
LLDFVRFMGV_nb_3070,8.6094
LLDFVRFMGV_nb_3073,7.7188
LLDFVRFMGV_nb_3074,7.3711
LLDFVRFMGV_nb_3075,7.9961
LLDFVRFMGV_nb_3077,11.1406
LLDFVRFMGV_nb_3078,10.7578
LLDFVRFMGV_nb_3079,6.582
LLDFVRFMGV_nb_3080,7.1875
LLDFVRFMGV_nb_3082,8.5156
LLDFVRFMGV_nb_3085,11.3828
LLDFVRFMGV_nb_3089,5.4453
LLDFVRFMGV_nb_3090,5.9922
LLDFVRFMGV_nb_3092,8.0547
LLDFVRFMGV_nb_3093,6.7031
LLDFVRFMGV_nb_3095,8.8594
LLDFVRFMGV_nb_3096,8.3594
LLDFVRFMGV_nb_3098,9.5781
LLDFVRFMGV_nb_3100,10.5234
LLDFVRFMGV_nb_3101,10.6875
LLDFVRFMGV_nb_3102,10.1406
LLDFVRFMGV_nb_3103,10.6094
LLDFVRFMGV_nb_3104,8.7891
LLDFVRFMGV_nb_3105,10.0469
LLDFVRFMGV_nb_3106,8.0625
LLDFVRFMGV_nb_3107,5.3906
LLDFVRFMGV_nb_3109,6.8359
LLDFVRFMGV_nb_3110,8.0312
LLDFVRFMGV_nb_3111,7.4766
LLDFVRFMGV_nb_3112,8.75
LLDFVRFMGV_nb_3113,8.125
LLDFVRFMGV_nb_3114,8.7031
LLDFVRFMGV_nb_3116,10.0312
LLDFVRFMGV_nb_3118,7.3242
LLDFVRFMGV_nb_3119,9.1406
LLDFVRFMGV_nb_3120,7.3242
LLDFVRFMGV_nb_3121,9.8906
LLDFVRFMGV_nb_3122,7.7617
LLDFVRFMGV_nb_3123,8.2266
LLDFVRFMGV_nb_3124,9.9844
LLDFVRFMGV_nb_3125,10.0625
LLDFVRFMGV_nb_3126,6.7578
LLDFVRFMGV_nb_3127,6.6367
LLDFVRFMGV_nb_3128,5.457
LLDFVRFMGV_nb_3129,5.6172
LLDFVRFMGV_nb_3132,8.4297
LLDFVRFMGV_nb_3135,6.7891
LLDFVRFMGV_nb_3136,5.8398
LLDFVRFMGV_nb_3139,9.1094
LLDFVRFMGV_nb_3140,8.3047
LLDFVRFMGV_nb_3141,8.0234
LLDFVRFMGV_nb_3142,7.1875
LLDFVRFMGV_nb_3143,8.9219
LLDFVRFMGV_nb_3144,7.5078
LLDFVRFMGV_nb_3145,5.6094
LLDFVRFMGV_nb_3148,8.1562
LLDFVRFMGV_nb_3149,8.4375
LLDFVRFMGV_nb_3150,11.4844
LLDFVRFMGV_nb_3151,8.5312
LLDFVRFMGV_nb_3155,8.2812
LLDFVRFMGV_nb_3157,7.7266
LLDFVRFMGV_nb_3159,7.7578
LLDFVRFMGV_nb_3160,5.7812
LLDFVRFMGV_nb_3162,11.6406
LLDFVRFMGV_nb_3163,6.668
LLDFVRFMGV_nb_3165,6.5156
LLDFVRFMGV_nb_3168,7.5
LLDFVRFMGV_nb_3170,10.2344
LLDFVRFMGV_nb_3171,10.1719
LLDFVRFMGV_nb_3172,10.3906
LLDFVRFMGV_nb_3173,10.9688
LLDFVRFMGV_nb_3175,7.2305
LLDFVRFMGV_nb_3176,13.3438
LLDFVRFMGV_nb_3178,7.8594
LLDFVRFMGV_nb_3179,9.1719
LLDFVRFMGV_nb_3180,11.4844
LLDFVRFMGV_nb_3181,6.2578
LLDFVRFMGV_nb_3183,10.75
LLDFVRFMGV_nb_3184,9.6562
LLDFVRFMGV_nb_3185,8.2891
LLDFVRFMGV_nb_3186,8.0234
LLDFVRFMGV_nb_3188,6.9492
LLDFVRFMGV_nb_3190,8.4375
LLDFVRFMGV_nb_3191,10.6406
LLDFVRFMGV_nb_3192,6.6875
LLDFVRFMGV_nb_3193,6.8828
LLDFVRFMGV_nb_3194,9.2734
LLDFVRFMGV_nb_3195,9.9219
LLDFVRFMGV_nb_3196,7.0273
LLDFVRFMGV_nb_3197,8.2266
LLDFVRFMGV_nb_3198,10.3594
LLDFVRFMGV_nb_3199,9.75
LLDFVRFMGV_nb_3200,8.7344
LLDFVRFMGV_nb_3201,6.5156
LLDFVRFMGV_nb_3202,8.1562
LLDFVRFMGV_nb_3204,6.8398
LLDFVRFMGV_nb_3206,10.3906
LLDFVRFMGV_nb_3208,11.25
LLDFVRFMGV_nb_3209,12.1562
LLDFVRFMGV_nb_3210,9.0547
LLDFVRFMGV_nb_3211,8.6094
LLDFVRFMGV_nb_3214,9.9844
LLDFVRFMGV_nb_3215,8.6875
LLDFVRFMGV_nb_3217,4.9531
LLDFVRFMGV_nb_3218,10.3281
LLDFVRFMGV_nb_3219,5.3906
LLDFVRFMGV_nb_3220,7.375
LLDFVRFMGV_nb_3221,9.3594
LLDFVRFMGV_nb_3222,4.9531
LLDFVRFMGV_nb_3223,8.2344
LLDFVRFMGV_nb_3224,10.6719
LLDFVRFMGV_nb_3225,7.8164
LLDFVRFMGV_nb_3226,7.1797
LLDFVRFMGV_nb_3227,6.7695
LLDFVRFMGV_nb_3228,9.3125
LLDFVRFMGV_nb_3230,7.0586
LLDFVRFMGV_nb_3231,6.875
LLDFVRFMGV_nb_3233,8.4531
LLDFVRFMGV_nb_3234,9.1719
LLDFVRFMGV_nb_3235,5.6953
LLDFVRFMGV_nb_3236,5.668
LLDFVRFMGV_nb_3237,6.1523
LLDFVRFMGV_nb_3238,8.5625
LLDFVRFMGV_nb_3239,7.3516
LLDFVRFMGV_nb_3240,8.6875
LLDFVRFMGV_nb_3241,6.7656
LLDFVRFMGV_nb_3242,6.7891
LLDFVRFMGV_nb_3243,8.0078
LLDFVRFMGV_nb_3244,10.8125
LLDFVRFMGV_nb_3245,7.3828
LLDFVRFMGV_nb_3246,5.3828
LLDFVRFMGV_nb_3247,5.2734
LLDFVRFMGV_nb_3248,6.4492
LLDFVRFMGV_nb_3249,11.875
LLDFVRFMGV_nb_3251,9.1016
LLDFVRFMGV_nb_3254,7.3125
LLDFVRFMGV_nb_3255,9.3125
LLDFVRFMGV_nb_3256,11.6406
LLDFVRFMGV_nb_3257,7.6094
LLDFVRFMGV_nb_3259,6.2656
LLDFVRFMGV_nb_3261,10.2578
LLDFVRFMGV_nb_3262,9.5391
LLDFVRFMGV_nb_3264,8.0469
LLDFVRFMGV_nb_3265,7.3516
LLDFVRFMGV_nb_3267,8.2344
LLDFVRFMGV_nb_3269,7.9258
LLDFVRFMGV_nb_3270,4.7422
LLDFVRFMGV_nb_3275,10.2969
LLDFVRFMGV_nb_3277,8.8594
LLDFVRFMGV_nb_3278,9.4219
LLDFVRFMGV_nb_3279,10.0
LLDFVRFMGV_nb_3280,10.8594
LLDFVRFMGV_nb_3281,5.9766
LLDFVRFMGV_nb_3283,8.0938
LLDFVRFMGV_nb_3284,11.4219
LLDFVRFMGV_nb_3285,8.3281
LLDFVRFMGV_nb_3286,7.7227
LLDFVRFMGV_nb_3287,8.5312
LLDFVRFMGV_nb_3288,4.0156
LLDFVRFMGV_nb_3289,7.75
LLDFVRFMGV_nb_3290,10.0312
LLDFVRFMGV_nb_3292,8.4688
LLDFVRFMGV_nb_3293,6.8594
LLDFVRFMGV_nb_3295,9.4766
LLDFVRFMGV_nb_3296,6.2969
LLDFVRFMGV_nb_3298,8.6641
LLDFVRFMGV_nb_3299,5.7656
LLDFVRFMGV_nb_3301,9.7188
LLDFVRFMGV_nb_3302,9.6562
LLDFVRFMGV_nb_3304,10.8906
LLDFVRFMGV_nb_3305,8.4375
LLDFVRFMGV_nb_3306,7.3125
LLDFVRFMGV_nb_3308,8.4844
LLDFVRFMGV_nb_3309,11.0312
LLDFVRFMGV_nb_3311,9.0469
LLDFVRFMGV_nb_3312,8.1094
LLDFVRFMGV_nb_3315,7.4141
LLDFVRFMGV_nb_3316,9.6875
LLDFVRFMGV_nb_3317,11.3281
LLDFVRFMGV_nb_3318,6.5703
LLDFVRFMGV_nb_3319,4.7852
LLDFVRFMGV_nb_3321,8.5703
LLDFVRFMGV_nb_3323,11.7969
LLDFVRFMGV_nb_3324,8.3672
LLDFVRFMGV_nb_3326,5.1133
LLDFVRFMGV_nb_3327,9.5938
LLDFVRFMGV_nb_3328,8.1953
LLDFVRFMGV_nb_3329,6.1914
LLDFVRFMGV_nb_3330,8.3906
LLDFVRFMGV_nb_3331,10.0078
LLDFVRFMGV_nb_3332,11.3828
LLDFVRFMGV_nb_3333,7.2422
LLDFVRFMGV_nb_3334,7.4141
LLDFVRFMGV_nb_3335,6.25
LLDFVRFMGV_nb_3337,11.3984
LLDFVRFMGV_nb_3339,10.7188
LLDFVRFMGV_nb_3340,6.8203
LLDFVRFMGV_nb_3341,6.2031
LLDFVRFMGV_nb_3342,7.4844
LLDFVRFMGV_nb_3343,9.3984
LLDFVRFMGV_nb_3344,6.75
LLDFVRFMGV_nb_3345,9.9609
LLDFVRFMGV_nb_3347,9.7344
LLDFVRFMGV_nb_3349,11.2656
LLDFVRFMGV_nb_3351,10.0625
LLDFVRFMGV_nb_3352,8.0703
LLDFVRFMGV_nb_3354,7.5117
LLDFVRFMGV_nb_3355,10.3281
LLDFVRFMGV_nb_3356,8.7188
LLDFVRFMGV_nb_3358,6.9375
LLDFVRFMGV_nb_3359,10.9531
LLDFVRFMGV_nb_3360,8.3828
LLDFVRFMGV_nb_3361,9.5312
LLDFVRFMGV_nb_3362,8.9844
LLDFVRFMGV_nb_3363,7.0156
LLDFVRFMGV_nb_3364,11.0156
LLDFVRFMGV_nb_3365,5.832
LLDFVRFMGV_nb_3366,7.9414
LLDFVRFMGV_nb_3367,6.1992
LLDFVRFMGV_nb_3368,9.4766
LLDFVRFMGV_nb_3369,9.8125
LLDFVRFMGV_nb_3370,10.5391
LLDFVRFMGV_nb_3372,7.7969
LLDFVRFMGV_nb_3373,6.9766
LLDFVRFMGV_nb_3376,6.8164
LLDFVRFMGV_nb_3377,7.5938
LLDFVRFMGV_nb_3379,9.8594
LLDFVRFMGV_nb_3380,9.9219
LLDFVRFMGV_nb_3381,9.9219
LLDFVRFMGV_nb_3382,8.3438
LLDFVRFMGV_nb_3383,6.7344
LLDFVRFMGV_nb_3384,10.4922
LLDFVRFMGV_nb_3385,9.2344
LLDFVRFMGV_nb_3386,10.0469
LLDFVRFMGV_nb_3388,9.9062
LLDFVRFMGV_nb_3390,8.1406
LLDFVRFMGV_nb_3391,7.8633
LLDFVRFMGV_nb_3392,12.3047
LLDFVRFMGV_nb_3393,5.2344
LLDFVRFMGV_nb_3394,4.9531
LLDFVRFMGV_nb_3395,10.6094
LLDFVRFMGV_nb_3396,8.6406
LLDFVRFMGV_nb_3397,6.1172
LLDFVRFMGV_nb_3398,8.8047
LLDFVRFMGV_nb_3399,10.0469
LLDFVRFMGV_nb_3400,7.4297
LLDFVRFMGV_nb_3401,10.0391
LLDFVRFMGV_nb_3404,7.8672
LLDFVRFMGV_nb_3405,6.1562
LLDFVRFMGV_nb_3406,8.3516
LLDFVRFMGV_nb_3407,7.4297
LLDFVRFMGV_nb_3408,14.0469
LLDFVRFMGV_nb_3409,7.8438
LLDFVRFMGV_nb_3410,13.6016
LLDFVRFMGV_nb_3411,6.2422
LLDFVRFMGV_nb_3412,8.9219
LLDFVRFMGV_nb_3413,9.7109
LLDFVRFMGV_nb_3415,6.7891
LLDFVRFMGV_nb_3416,11.9062
LLDFVRFMGV_nb_3417,11.3828
LLDFVRFMGV_nb_3418,6.918
LLDFVRFMGV_nb_3419,8.625
LLDFVRFMGV_nb_3422,8.7188
LLDFVRFMGV_nb_3423,8.0156
LLDFVRFMGV_nb_3424,7.7188
LLDFVRFMGV_nb_3425,8.3047
LLDFVRFMGV_nb_3426,8.0938
LLDFVRFMGV_nb_3428,8.1094
LLDFVRFMGV_nb_3433,5.4609
LLDFVRFMGV_nb_3434,5.2891
LLDFVRFMGV_nb_3435,7.2031
LLDFVRFMGV_nb_3438,4.8203
LLDFVRFMGV_nb_3439,7.9453
LLDFVRFMGV_nb_3440,9.5781
LLDFVRFMGV_nb_3441,6.6289
LLDFVRFMGV_nb_3443,10.2344
LLDFVRFMGV_nb_3444,7.0234
LLDFVRFMGV_nb_3445,5.6953
LLDFVRFMGV_nb_3447,9.0156
LLDFVRFMGV_nb_3448,10.0859
LLDFVRFMGV_nb_3450,6.3359
LLDFVRFMGV_nb_3452,5.6172
LLDFVRFMGV_nb_3453,6.1719
LLDFVRFMGV_nb_3454,10.2344
LLDFVRFMGV_nb_3455,7.4375
LLDFVRFMGV_nb_3457,5.1133
LLDFVRFMGV_nb_3458,10.0312
LLDFVRFMGV_nb_3459,7.8945
LLDFVRFMGV_nb_3460,6.9648
LLDFVRFMGV_nb_3461,5.7617
LLDFVRFMGV_nb_3462,11.6094
LLDFVRFMGV_nb_3463,7.5078
LLDFVRFMGV_nb_3466,9.5234
LLDFVRFMGV_nb_3468,9.3906
LLDFVRFMGV_nb_3469,7.5117
LLDFVRFMGV_nb_3470,7.6484
LLDFVRFMGV_nb_3471,10.4844
LLDFVRFMGV_nb_3472,7.0391
LLDFVRFMGV_nb_3473,6.9062
LLDFVRFMGV_nb_3474,8.3438
LLDFVRFMGV_nb_3475,7.8672
LLDFVRFMGV_nb_3477,6.375
LLDFVRFMGV_nb_3479,8.625
LLDFVRFMGV_nb_3480,8.7812
LLDFVRFMGV_nb_3481,10.75
LLDFVRFMGV_nb_3482,8.8594
LLDFVRFMGV_nb_3483,9.4531
LLDFVRFMGV_nb_3484,8.6484
LLDFVRFMGV_nb_3485,9.4062
LLDFVRFMGV_nb_3488,4.9531
LLDFVRFMGV_nb_3490,7.8359
LLDFVRFMGV_nb_3491,5.7031
LLDFVRFMGV_nb_3495,8.7969
LLDFVRFMGV_nb_3496,9.4688
LLDFVRFMGV_nb_3497,6.2656
LLDFVRFMGV_nb_3498,8.3438
LLDFVRFMGV_nb_3500,9.7656
LLDFVRFMGV_nb_3501,11.8438
LLDFVRFMGV_nb_3502,7.9883
LLDFVRFMGV_nb_3503,5.9062
LLDFVRFMGV_nb_3504,7.332
LLDFVRFMGV_nb_3505,6.0703
LLDFVRFMGV_nb_3506,4.9531
LLDFVRFMGV_nb_3508,9.0938
LLDFVRFMGV_nb_3511,5.3203
LLDFVRFMGV_nb_3512,9.6484
LLDFVRFMGV_nb_3515,7.7266
LLDFVRFMGV_nb_3516,8.1172
LLDFVRFMGV_nb_3517,9.9297
LLDFVRFMGV_nb_3518,12.8516
LLDFVRFMGV_nb_3519,7.5039
LLDFVRFMGV_nb_3520,7.6641
LLDFVRFMGV_nb_3521,8.1875
LLDFVRFMGV_nb_3522,9.8203
LLDFVRFMGV_nb_3523,9.7344
LLDFVRFMGV_nb_3524,5.3906
LLDFVRFMGV_nb_3529,7.2109
LLDFVRFMGV_nb_3531,10.5312
LLDFVRFMGV_nb_3533,8.6094
LLDFVRFMGV_nb_3534,12.4297
LLDFVRFMGV_nb_3535,8.9297
LLDFVRFMGV_nb_3536,6.7227
LLDFVRFMGV_nb_3537,6.7578
LLDFVRFMGV_nb_3538,7.2812
LLDFVRFMGV_nb_3539,10.3906
LLDFVRFMGV_nb_3541,8.125
LLDFVRFMGV_nb_3542,7.207
LLDFVRFMGV_nb_3543,7.2656
LLDFVRFMGV_nb_3544,8.9375
LLDFVRFMGV_nb_3545,7.5625
LLDFVRFMGV_nb_3548,12.125
LLDFVRFMGV_nb_3550,8.0078
LLDFVRFMGV_nb_3551,7.4453
LLDFVRFMGV_nb_3553,7.875
LLDFVRFMGV_nb_3554,5.8203
LLDFVRFMGV_nb_3555,4.8828
LLDFVRFMGV_nb_3556,7.8906
LLDFVRFMGV_nb_3557,8.8281
LLDFVRFMGV_nb_3560,8.0
LLDFVRFMGV_nb_3562,4.9688
LLDFVRFMGV_nb_3563,11.0938
LLDFVRFMGV_nb_3564,8.6719
LLDFVRFMGV_nb_3565,10.6719
LLDFVRFMGV_nb_3567,11.7578
LLDFVRFMGV_nb_3570,10.4531
LLDFVRFMGV_nb_3571,7.0547
LLDFVRFMGV_nb_3575,10.2344
LLDFVRFMGV_nb_3576,10.7031
LLDFVRFMGV_nb_3580,10.0859
LLDFVRFMGV_nb_3581,7.8359
LLDFVRFMGV_nb_3584,6.7031
LLDFVRFMGV_nb_3586,6.9414
LLDFVRFMGV_nb_3588,5.8672
LLDFVRFMGV_nb_3591,9.9141
LLDFVRFMGV_nb_3593,6.5781
LLDFVRFMGV_nb_3595,9.2812
LLDFVRFMGV_nb_3597,9.3281
LLDFVRFMGV_nb_3599,7.2188
LLDFVRFMGV_nb_3600,10.6797
LLDFVRFMGV_nb_3601,8.6875
LLDFVRFMGV_nb_3602,11.875
LLDFVRFMGV_nb_3603,6.0664
LLDFVRFMGV_nb_3604,8.5469
LLDFVRFMGV_nb_3607,8.75
LLDFVRFMGV_nb_3608,8.125
LLDFVRFMGV_nb_3609,11.5703
LLDFVRFMGV_nb_3610,9.625
LLDFVRFMGV_nb_3611,5.5195
LLDFVRFMGV_nb_3613,5.5195
LLDFVRFMGV_nb_3614,7.5391
LLDFVRFMGV_nb_3615,4.9531
LLDFVRFMGV_nb_3616,10.0469
LLDFVRFMGV_nb_3617,11.2969
LLDFVRFMGV_nb_3619,6.6523
LLDFVRFMGV_nb_3620,9.8125
LLDFVRFMGV_nb_3621,8.7188
LLDFVRFMGV_nb_3623,9.9375
LLDFVRFMGV_nb_3624,8.5469
LLDFVRFMGV_nb_3625,8.6875
LLDFVRFMGV_nb_3626,8.8203
LLDFVRFMGV_nb_3627,9.0781
LLDFVRFMGV_nb_3629,6.5859
LLDFVRFMGV_nb_3633,7.8672
LLDFVRFMGV_nb_3634,6.1445
LLDFVRFMGV_nb_3635,7.9414
LLDFVRFMGV_nb_3636,6.8242
LLDFVRFMGV_nb_3637,11.4219
LLDFVRFMGV_nb_3638,8.4688
LLDFVRFMGV_nb_3639,8.1094
LLDFVRFMGV_nb_3644,14.0234
LLDFVRFMGV_nb_3645,7.9219
LLDFVRFMGV_nb_3646,6.6992
LLDFVRFMGV_nb_3650,11.2109
LLDFVRFMGV_nb_3651,6.2422
LLDFVRFMGV_nb_3655,10.5312
LLDFVRFMGV_nb_3656,4.6328
LLDFVRFMGV_nb_3657,10.0312
LLDFVRFMGV_nb_3658,9.5781
LLDFVRFMGV_nb_3659,6.8203
LLDFVRFMGV_nb_3660,9.0156
LLDFVRFMGV_nb_3661,8.3828
LLDFVRFMGV_nb_3662,9.5938
LLDFVRFMGV_nb_3664,7.0469
LLDFVRFMGV_nb_3665,9.2969
LLDFVRFMGV_nb_3666,9.0469
LLDFVRFMGV_nb_3668,7.9297
LLDFVRFMGV_nb_3669,6.7031
LLDFVRFMGV_nb_3671,7.8594
LLDFVRFMGV_nb_3672,8.9531
LLDFVRFMGV_nb_3673,9.4531
LLDFVRFMGV_nb_3675,9.2031
LLDFVRFMGV_nb_3676,6.3203
LLDFVRFMGV_nb_3677,11.3281
LLDFVRFMGV_nb_3678,7.7031
LLDFVRFMGV_nb_3679,7.1602
LLDFVRFMGV_nb_3680,7.8477
LLDFVRFMGV_nb_3681,7.2383
LLDFVRFMGV_nb_3682,9.0625
LLDFVRFMGV_nb_3685,8.75
LLDFVRFMGV_nb_3686,7.9141
LLDFVRFMGV_nb_3688,7.1602
LLDFVRFMGV_nb_3689,9.4844
LLDFVRFMGV_nb_3690,6.9922
LLDFVRFMGV_nb_3691,10.3438
LLDFVRFMGV_nb_3692,13.8906
LLDFVRFMGV_nb_3695,7.7031
LLDFVRFMGV_nb_3696,10.0469
LLDFVRFMGV_nb_3697,8.4922
LLDFVRFMGV_nb_3698,9.9062
LLDFVRFMGV_nb_3699,10.5859
LLDFVRFMGV_nb_3700,6.8984
LLDFVRFMGV_nb_3701,5.4023
LLDFVRFMGV_nb_3702,8.6562
LLDFVRFMGV_nb_3705,8.7891
LLDFVRFMGV_nb_3707,8.4531
LLDFVRFMGV_nb_3708,8.1641
LLDFVRFMGV_nb_3709,9.5547
LLDFVRFMGV_nb_3713,10.7188
LLDFVRFMGV_nb_3714,7.0586
LLDFVRFMGV_nb_3715,7.0078
LLDFVRFMGV_nb_3716,8.2812
LLDFVRFMGV_nb_3717,7.9375
LLDFVRFMGV_nb_3719,5.5703
LLDFVRFMGV_nb_3722,8.2969
LLDFVRFMGV_nb_3723,7.0859
LLDFVRFMGV_nb_3727,7.1133
LLDFVRFMGV_nb_3728,4.9531
LLDFVRFMGV_nb_3729,7.4844
LLDFVRFMGV_nb_3732,9.3984
LLDFVRFMGV_nb_3733,11.0156
LLDFVRFMGV_nb_3736,8.4375
LLDFVRFMGV_nb_3737,7.4844
LLDFVRFMGV_nb_3738,8.0312
LLDFVRFMGV_nb_374,8.8125
LLDFVRFMGV_nb_3741,5.9648
LLDFVRFMGV_nb_3743,9.3281
LLDFVRFMGV_nb_3744,8.7734
LLDFVRFMGV_nb_3745,10.3594
LLDFVRFMGV_nb_3747,6.3438
LLDFVRFMGV_nb_3748,8.5859
LLDFVRFMGV_nb_375,12.375
LLDFVRFMGV_nb_3750,7.5273
LLDFVRFMGV_nb_3752,6.3359
LLDFVRFMGV_nb_3753,8.2031
LLDFVRFMGV_nb_3754,9.1562
LLDFVRFMGV_nb_3755,6.7109
LLDFVRFMGV_nb_3757,10.7031
LLDFVRFMGV_nb_3759,9.6719
LLDFVRFMGV_nb_376,8.4453
LLDFVRFMGV_nb_3760,7.5156
LLDFVRFMGV_nb_3761,9.8281
LLDFVRFMGV_nb_3762,9.5156
LLDFVRFMGV_nb_3763,5.25
LLDFVRFMGV_nb_3764,8.1328
LLDFVRFMGV_nb_3765,8.0938
LLDFVRFMGV_nb_3767,10.0469
LLDFVRFMGV_nb_3768,6.6406
LLDFVRFMGV_nb_3769,7.4375
LLDFVRFMGV_nb_377,6.6289
LLDFVRFMGV_nb_3770,10.5781
LLDFVRFMGV_nb_3772,8.8594
LLDFVRFMGV_nb_3774,5.5312
LLDFVRFMGV_nb_3775,8.9297
LLDFVRFMGV_nb_3777,8.8594
LLDFVRFMGV_nb_3779,7.9492
LLDFVRFMGV_nb_378,4.9531
LLDFVRFMGV_nb_3780,4.9531
LLDFVRFMGV_nb_3781,7.6367
LLDFVRFMGV_nb_3782,8.625
LLDFVRFMGV_nb_3783,5.1133
LLDFVRFMGV_nb_3785,7.4922
LLDFVRFMGV_nb_3786,10.2656
LLDFVRFMGV_nb_3787,8.4375
LLDFVRFMGV_nb_3788,10.1953
LLDFVRFMGV_nb_3791,5.6719
LLDFVRFMGV_nb_3793,7.5742
LLDFVRFMGV_nb_3794,8.3906
LLDFVRFMGV_nb_3796,9.3125
LLDFVRFMGV_nb_3797,6.3711
LLDFVRFMGV_nb_3798,15.2031
LLDFVRFMGV_nb_380,4.3359
LLDFVRFMGV_nb_3802,4.6328
LLDFVRFMGV_nb_381,9.4375
LLDFVRFMGV_nb_382,7.5625
LLDFVRFMGV_nb_383,8.2891
LLDFVRFMGV_nb_384,9.7422
LLDFVRFMGV_nb_385,6.3164
LLDFVRFMGV_nb_386,8.6641
LLDFVRFMGV_nb_387,10.9141
LLDFVRFMGV_nb_388,7.8711
LLDFVRFMGV_nb_389,5.1914
LLDFVRFMGV_nb_390,6.5469
LLDFVRFMGV_nb_391,6.2148
LLDFVRFMGV_nb_393,6.1875
LLDFVRFMGV_nb_395,9.5469
LLDFVRFMGV_nb_397,8.0938
LLDFVRFMGV_nb_398,9.2109
LLDFVRFMGV_nb_399,8.7109
LLDFVRFMGV_nb_400,7.1016
LLDFVRFMGV_nb_404,5.6719
LLDFVRFMGV_nb_405,4.1211
LLDFVRFMGV_nb_406,8.7969
LLDFVRFMGV_nb_407,6.8711
LLDFVRFMGV_nb_408,8.4297
LLDFVRFMGV_nb_409,7.4766
LLDFVRFMGV_nb_410,5.1055
LLDFVRFMGV_nb_411,8.75
LLDFVRFMGV_nb_413,7.7734
LLDFVRFMGV_nb_414,6.9141
LLDFVRFMGV_nb_415,7.9688
LLDFVRFMGV_nb_416,6.2109
LLDFVRFMGV_nb_418,7.4453
LLDFVRFMGV_nb_419,10.1406
LLDFVRFMGV_nb_420,10.2734
LLDFVRFMGV_nb_422,8.9375
LLDFVRFMGV_nb_424,5.7695
LLDFVRFMGV_nb_426,7.1016
LLDFVRFMGV_nb_427,7.4961
LLDFVRFMGV_nb_429,13.625
LLDFVRFMGV_nb_430,10.6562
LLDFVRFMGV_nb_431,4.3477
LLDFVRFMGV_nb_432,6.0156
LLDFVRFMGV_nb_433,8.7656
LLDFVRFMGV_nb_434,4.9062
LLDFVRFMGV_nb_435,7.4453
LLDFVRFMGV_nb_436,6.6914
LLDFVRFMGV_nb_437,7.6211
LLDFVRFMGV_nb_439,5.1055
LLDFVRFMGV_nb_440,7.0898
LLDFVRFMGV_nb_441,5.4766
LLDFVRFMGV_nb_444,4.9531
LLDFVRFMGV_nb_446,8.2188
LLDFVRFMGV_nb_449,6.3945
LLDFVRFMGV_nb_450,11.1562
LLDFVRFMGV_nb_451,6.7305
LLDFVRFMGV_nb_452,6.793
LLDFVRFMGV_nb_453,10.7031
LLDFVRFMGV_nb_456,7.9609
LLDFVRFMGV_nb_457,10.0781
LLDFVRFMGV_nb_458,6.0078
LLDFVRFMGV_nb_460,7.3203
LLDFVRFMGV_nb_461,13.0391
LLDFVRFMGV_nb_464,5.6289
LLDFVRFMGV_nb_466,9.4375
LLDFVRFMGV_nb_467,8.9688
LLDFVRFMGV_nb_468,7.6602
LLDFVRFMGV_nb_469,5.1914
LLDFVRFMGV_nb_470,11.625
LLDFVRFMGV_nb_472,4.9531
LLDFVRFMGV_nb_473,12.7266
LLDFVRFMGV_nb_474,7.1328
LLDFVRFMGV_nb_476,7.7539
LLDFVRFMGV_nb_477,4.6016
LLDFVRFMGV_nb_479,8.4609
LLDFVRFMGV_nb_480,7.5508
LLDFVRFMGV_nb_481,6.3594
LLDFVRFMGV_nb_482,8.2188
LLDFVRFMGV_nb_483,7.5078
LLDFVRFMGV_nb_484,6.5039
LLDFVRFMGV_nb_485,6.3242
LLDFVRFMGV_nb_488,8.7656
LLDFVRFMGV_nb_489,8.5
LLDFVRFMGV_nb_491,6.6953
LLDFVRFMGV_nb_492,9.5391
LLDFVRFMGV_nb_493,8.3125
LLDFVRFMGV_nb_495,12.4688
LLDFVRFMGV_nb_497,7.75
LLDFVRFMGV_nb_500,9.6719
LLDFVRFMGV_nb_501,9.6719
LLDFVRFMGV_nb_504,7.6836
LLDFVRFMGV_nb_505,11.0547
LLDFVRFMGV_nb_506,10.1016
LLDFVRFMGV_nb_507,5.5938
LLDFVRFMGV_nb_508,9.1641
LLDFVRFMGV_nb_509,7.8633
LLDFVRFMGV_nb_510,8.1562
LLDFVRFMGV_nb_511,6.7266
LLDFVRFMGV_nb_514,9.4766
LLDFVRFMGV_nb_516,12.5234
LLDFVRFMGV_nb_517,6.707
LLDFVRFMGV_nb_518,6.0859
LLDFVRFMGV_nb_520,5.8711
LLDFVRFMGV_nb_521,5.9688
LLDFVRFMGV_nb_522,7.457
LLDFVRFMGV_nb_524,8.5781
LLDFVRFMGV_nb_525,7.7891
LLDFVRFMGV_nb_527,9.8984
LLDFVRFMGV_nb_528,8.4375
LLDFVRFMGV_nb_530,9.9219
LLDFVRFMGV_nb_531,4.6328
LLDFVRFMGV_nb_533,11.1875
LLDFVRFMGV_nb_535,7.2656
LLDFVRFMGV_nb_536,7.9844
LLDFVRFMGV_nb_539,10.9453
LLDFVRFMGV_nb_540,8.4062
LLDFVRFMGV_nb_541,6.1289
LLDFVRFMGV_nb_542,9.7656
LLDFVRFMGV_nb_544,9.4062
LLDFVRFMGV_nb_546,6.2539
LLDFVRFMGV_nb_547,8.5781
LLDFVRFMGV_nb_549,8.0078
LLDFVRFMGV_nb_550,6.1641
LLDFVRFMGV_nb_553,8.0547
LLDFVRFMGV_nb_554,10.1875
LLDFVRFMGV_nb_555,10.0859
LLDFVRFMGV_nb_558,6.2422
LLDFVRFMGV_nb_559,6.6562
LLDFVRFMGV_nb_560,7.9609
LLDFVRFMGV_nb_561,9.9531
LLDFVRFMGV_nb_562,7.5156
LLDFVRFMGV_nb_563,4.9531
LLDFVRFMGV_nb_565,4.9531
LLDFVRFMGV_nb_566,9.875
LLDFVRFMGV_nb_568,9.5781
LLDFVRFMGV_nb_569,7.8203
LLDFVRFMGV_nb_571,8.4609
LLDFVRFMGV_nb_573,9.7812
LLDFVRFMGV_nb_575,8.0859
LLDFVRFMGV_nb_577,11.3594
LLDFVRFMGV_nb_578,8.2031
LLDFVRFMGV_nb_580,7.8633
LLDFVRFMGV_nb_581,9.7031
LLDFVRFMGV_nb_582,5.1406
LLDFVRFMGV_nb_584,6.2656
LLDFVRFMGV_nb_585,5.1914
LLDFVRFMGV_nb_586,7.3516
LLDFVRFMGV_nb_587,6.2891
LLDFVRFMGV_nb_589,12.6875
LLDFVRFMGV_nb_590,6.6562
LLDFVRFMGV_nb_592,10.8047
LLDFVRFMGV_nb_593,9.8281
LLDFVRFMGV_nb_595,9.7109
LLDFVRFMGV_nb_596,6.1875
LLDFVRFMGV_nb_598,10.6016
LLDFVRFMGV_nb_599,7.0312
LLDFVRFMGV_nb_600,4.6875
LLDFVRFMGV_nb_601,8.9062
LLDFVRFMGV_nb_602,6.6289
LLDFVRFMGV_nb_603,7.1445
LLDFVRFMGV_nb_604,7.8906
LLDFVRFMGV_nb_605,6.2617
LLDFVRFMGV_nb_606,6.9258
LLDFVRFMGV_nb_608,6.8203
LLDFVRFMGV_nb_609,8.2188
LLDFVRFMGV_nb_610,4.9141
LLDFVRFMGV_nb_615,9.3984
LLDFVRFMGV_nb_616,4.0156
LLDFVRFMGV_nb_617,6.1836
LLDFVRFMGV_nb_619,7.9375
LLDFVRFMGV_nb_620,8.8594
LLDFVRFMGV_nb_621,6.5898
LLDFVRFMGV_nb_622,4.6758
LLDFVRFMGV_nb_623,9.3438
LLDFVRFMGV_nb_624,5.1914
LLDFVRFMGV_nb_625,5.0273
LLDFVRFMGV_nb_627,14.8125
LLDFVRFMGV_nb_631,6.2891
LLDFVRFMGV_nb_634,6.75
LLDFVRFMGV_nb_635,9.8594
LLDFVRFMGV_nb_637,7.0938
LLDFVRFMGV_nb_638,4.9531
LLDFVRFMGV_nb_639,8.9141
LLDFVRFMGV_nb_640,10.1953
LLDFVRFMGV_nb_641,12.0234
LLDFVRFMGV_nb_642,9.2656
LLDFVRFMGV_nb_643,10.1094
LLDFVRFMGV_nb_644,9.0938
LLDFVRFMGV_nb_645,8.9375
LLDFVRFMGV_nb_647,8.4844
LLDFVRFMGV_nb_649,10.2422
LLDFVRFMGV_nb_651,8.3203
LLDFVRFMGV_nb_652,4.9531
LLDFVRFMGV_nb_653,8.0156
LLDFVRFMGV_nb_654,4.9531
LLDFVRFMGV_nb_655,8.4844
LLDFVRFMGV_nb_656,9.1016
LLDFVRFMGV_nb_658,6.1211
LLDFVRFMGV_nb_659,7.418
LLDFVRFMGV_nb_660,10.2891
LLDFVRFMGV_nb_661,8.9375
LLDFVRFMGV_nb_663,8.4609
LLDFVRFMGV_nb_664,10.0469
LLDFVRFMGV_nb_665,8.7031
LLDFVRFMGV_nb_666,9.0156
LLDFVRFMGV_nb_667,6.9141
LLDFVRFMGV_nb_668,7.75
LLDFVRFMGV_nb_669,7.2734
LLDFVRFMGV_nb_670,5.9609
LLDFVRFMGV_nb_671,9.6406
LLDFVRFMGV_nb_673,5.1055
LLDFVRFMGV_nb_674,7.4688
LLDFVRFMGV_nb_676,6.9922
LLDFVRFMGV_nb_677,9.0938
LLDFVRFMGV_nb_678,7.0
LLDFVRFMGV_nb_679,4.9062
LLDFVRFMGV_nb_680,4.9062
LLDFVRFMGV_nb_681,9.3125
LLDFVRFMGV_nb_682,8.4453
LLDFVRFMGV_nb_683,4.2812
LLDFVRFMGV_nb_684,8.2656
LLDFVRFMGV_nb_685,7.6055
LLDFVRFMGV_nb_686,4.9531
LLDFVRFMGV_nb_687,7.7461
LLDFVRFMGV_nb_688,7.5625
LLDFVRFMGV_nb_689,5.875
LLDFVRFMGV_nb_691,10.375
LLDFVRFMGV_nb_692,5.1719
LLDFVRFMGV_nb_693,7.8398
LLDFVRFMGV_nb_694,5.1328
LLDFVRFMGV_nb_696,10.0156
LLDFVRFMGV_nb_697,9.6094
LLDFVRFMGV_nb_699,4.375
LLDFVRFMGV_nb_700,9.1875
LLDFVRFMGV_nb_701,4.9531
LLDFVRFMGV_nb_703,8.6328
LLDFVRFMGV_nb_704,5.1211
LLDFVRFMGV_nb_705,4.6328
LLDFVRFMGV_nb_706,6.4922
LLDFVRFMGV_nb_707,6.5
LLDFVRFMGV_nb_708,9.6094
LLDFVRFMGV_nb_709,7.8398
LLDFVRFMGV_nb_711,6.2656
LLDFVRFMGV_nb_712,11.7344
LLDFVRFMGV_nb_713,8.2031
LLDFVRFMGV_nb_715,8.4219
LLDFVRFMGV_nb_716,8.5703
LLDFVRFMGV_nb_717,6.0625
LLDFVRFMGV_nb_719,8.3984
LLDFVRFMGV_nb_720,9.3125
LLDFVRFMGV_nb_725,8.1562
LLDFVRFMGV_nb_726,5.7031
LLDFVRFMGV_nb_727,8.2656
LLDFVRFMGV_nb_728,9.375
LLDFVRFMGV_nb_732,5.1602
LLDFVRFMGV_nb_733,7.5391
LLDFVRFMGV_nb_734,9.2656
LLDFVRFMGV_nb_735,7.8242
LLDFVRFMGV_nb_736,11.2031
LLDFVRFMGV_nb_737,8.3828
LLDFVRFMGV_nb_738,5.1055
LLDFVRFMGV_nb_739,6.9609
LLDFVRFMGV_nb_7727,7.957
LLDFVRFMGV_nb_7730,11.3125
LLDFVRFMGV_nb_7732,10.7109
LLDFVRFMGV_nb_7735,7.6016
LLDFVRFMGV_nb_7736,6.1016
LLDFVRFMGV_nb_7737,5.207
LLDFVRFMGV_nb_7738,7.2578
LLDFVRFMGV_nb_7739,10.75
LLDFVRFMGV_nb_7741,11.1016
LLDFVRFMGV_nb_7742,7.8164
LLDFVRFMGV_nb_7744,8.1562
LLDFVRFMGV_nb_7745,9.5
LLDFVRFMGV_nb_7746,8.0312
LLDFVRFMGV_nb_7747,7.3008
LLDFVRFMGV_nb_7748,7.9883
LLDFVRFMGV_nb_7749,8.5234
LLDFVRFMGV_nb_7750,9.2266
LLDFVRFMGV_nb_7753,8.2422
LLDFVRFMGV_nb_7754,8.6875
LLDFVRFMGV_nb_7755,6.5391
LLDFVRFMGV_nb_7756,10.3906
LLDFVRFMGV_nb_7757,6.8438
LLDFVRFMGV_nb_7758,9.0469
LLDFVRFMGV_nb_7759,9.4531
LLDFVRFMGV_nb_7763,8.9375
LLDFVRFMGV_nb_7764,13.0391
LLDFVRFMGV_nb_7766,8.9688
LLDFVRFMGV_nb_7767,8.3359
LLDFVRFMGV_nb_7769,7.1992
LLDFVRFMGV_nb_7771,8.8203
LLDFVRFMGV_nb_7772,11.4453
LLDFVRFMGV_nb_7773,9.1406
LLDFVRFMGV_nb_7775,10.7188
LLDFVRFMGV_nb_7776,5.957
LLDFVRFMGV_nb_7780,8.3438
LLDFVRFMGV_nb_7784,7.9336
LLDFVRFMGV_nb_7787,10.2969
LLDFVRFMGV_nb_7790,6.25
LLDFVRFMGV_nb_7791,7.5234
LLDFVRFMGV_nb_7793,8.6875
LLDFVRFMGV_nb_7794,7.5
LLDFVRFMGV_nb_7796,7.8359
LLDFVRFMGV_nb_7797,13.5547
LLDFVRFMGV_nb_7802,10.4453
LLDFVRFMGV_nb_7803,6.6367
LLDFVRFMGV_nb_7805,9.8281
LLDFVRFMGV_nb_7808,9.9766
LLDFVRFMGV_nb_7810,8.5547
LLDFVRFMGV_nb_7811,10.1953
LLDFVRFMGV_nb_7812,17.6406
LLDFVRFMGV_nb_7814,8.8438
LLDFVRFMGV_nb_7815,10.1719
LLDFVRFMGV_nb_7817,5.9922
LLDFVRFMGV_nb_7823,7.3047
LLDFVRFMGV_nb_7824,9.6953
LLDFVRFMGV_nb_7825,8.4531
LLDFVRFMGV_nb_7827,15.9688
LLDFVRFMGV_nb_7828,7.4453
LLDFVRFMGV_nb_7829,9.1641
LLDFVRFMGV_nb_7830,7.0547
LLDFVRFMGV_nb_7833,8.0625
LLDFVRFMGV_nb_7834,6.6992
LLDFVRFMGV_nb_7837,7.9297
LLDFVRFMGV_nb_7840,11.4688
LLDFVRFMGV_nb_7841,8.4141
LLDFVRFMGV_nb_7842,9.2812
LLDFVRFMGV_nb_7843,7.9062
LLDFVRFMGV_nb_7844,11.0547
LLDFVRFMGV_nb_7845,11.3438
LLDFVRFMGV_nb_7848,6.6172
LLDFVRFMGV_nb_7850,9.2578
LLDFVRFMGV_nb_7851,8.4297
LLDFVRFMGV_nb_7856,8.4688
LLDFVRFMGV_nb_7857,9.2188
LLDFVRFMGV_nb_7864,7.9297
LLDFVRFMGV_nb_7866,8.7188
LLDFVRFMGV_nb_7867,8.2344
LLDFVRFMGV_nb_7869,9.7188
LLDFVRFMGV_nb_7870,9.0391
LLDFVRFMGV_nb_7871,8.2344
LLDFVRFMGV_nb_7872,9.5938
LLDFVRFMGV_nb_7875,10.0469
LLDFVRFMGV_nb_7877,11.6406
LLDFVRFMGV_nb_7878,9.7031
LLDFVRFMGV_nb_7883,6.5781
LLDFVRFMGV_nb_7885,6.9531
LLDFVRFMGV_nb_7887,7.4844
LLDFVRFMGV_nb_7889,8.5938
LLDFVRFMGV_nb_7892,13.4219
LLDFVRFMGV_nb_7895,7.5703
LLDFVRFMGV_nb_7898,9.375
LLDFVRFMGV_nb_7900,6.2656
LLDFVRFMGV_nb_7901,8.0156
LLDFVRFMGV_nb_7902,8.2812
LLDFVRFMGV_nb_7903,6.7344
LLDFVRFMGV_nb_7904,8.5391
LLDFVRFMGV_nb_7905,10.2969
LLDFVRFMGV_nb_7906,10.5156
LLDFVRFMGV_nb_7909,7.8047
LLDFVRFMGV_nb_7912,7.0
LLDFVRFMGV_nb_7914,10.7031
LLDFVRFMGV_nb_7915,11.625
LLDFVRFMGV_nb_7916,6.5469
LLDFVRFMGV_nb_7917,12.2188
LLDFVRFMGV_nb_7918,8.2031
LLDFVRFMGV_nb_7921,6.7344
LLDFVRFMGV_nb_7923,7.3516
LLDFVRFMGV_nb_7925,7.6211
LLDFVRFMGV_nb_7927,10.3594
LLDFVRFMGV_nb_7928,8.9375
LLDFVRFMGV_nb_7929,9.0938
LLDFVRFMGV_nb_7930,8.5469
LLDFVRFMGV_nb_7932,10.5938
LLDFVRFMGV_nb_7933,11.6406
LLDFVRFMGV_nb_7934,6.0273
LLDFVRFMGV_nb_7938,9.3438
LLDFVRFMGV_nb_7939,9.1094
LLDFVRFMGV_nb_7940,10.0469
LLDFVRFMGV_nb_7941,10.0312
LLDFVRFMGV_nb_7942,11.5703
LLDFVRFMGV_nb_7948,6.4688
LLDFVRFMGV_nb_7950,9.3125
LLDFVRFMGV_nb_7951,5.0469
LLDFVRFMGV_nb_7953,9.3438
LLDFVRFMGV_nb_7954,9.6562
LLDFVRFMGV_nb_7955,12.0
LLDFVRFMGV_nb_7959,10.0938
LLDFVRFMGV_nb_7960,10.6719
LLDFVRFMGV_nb_7963,10.1016
LLDFVRFMGV_nb_7964,8.1953
LLDFVRFMGV_nb_7965,7.4766
LLDFVRFMGV_nb_7967,8.8906
LLDFVRFMGV_nb_7969,7.2188
LLDFVRFMGV_nb_7971,6.4375
LLDFVRFMGV_nb_7972,8.3047
LLDFVRFMGV_nb_7973,10.0469
LLDFVRFMGV_nb_7974,8.5078
LLDFVRFMGV_nb_7977,11.2812
LLDFVRFMGV_nb_7979,5.9062
LLDFVRFMGV_nb_7980,12.7656
LLDFVRFMGV_nb_7983,11.1328
LLDFVRFMGV_nb_7984,7.2383
LLDFVRFMGV_nb_7986,6.9141
LLDFVRFMGV_nb_7988,5.793
LLDFVRFMGV_nb_7989,8.9219
LLDFVRFMGV_nb_7990,10.6094
LLDFVRFMGV_nb_7991,8.2656
LLDFVRFMGV_nb_7992,12.2188
LLDFVRFMGV_nb_7994,8.9062
LLDFVRFMGV_nb_7995,7.3789
LLDFVRFMGV_nb_7997,12.0078
LLDFVRFMGV_nb_7999,9.0781
LLDFVRFMGV_nb_8003,10.5625
LLDFVRFMGV_nb_8004,7.4531
LLDFVRFMGV_nb_8006,6.8594
LLDFVRFMGV_nb_8007,8.5703
LLDFVRFMGV_nb_8008,6.9609
LLDFVRFMGV_nb_8010,8.4375
LLDFVRFMGV_nb_8011,9.3906
LLDFVRFMGV_nb_8012,6.7734
LLDFVRFMGV_nb_8013,8.3047
LLDFVRFMGV_nb_8014,7.3438
LLDFVRFMGV_nb_8015,8.9219
LLDFVRFMGV_nb_8016,12.8125
LLDFVRFMGV_nb_8019,9.3672
LLDFVRFMGV_nb_8022,7.668
LLDFVRFMGV_nb_8025,7.5781
LLDFVRFMGV_nb_8026,11.0312
LLDFVRFMGV_nb_8027,8.125
LLDFVRFMGV_nb_8031,10.7812
LLDFVRFMGV_nb_8033,10.7812
LLDFVRFMGV_nb_8034,10.3594
LLDFVRFMGV_nb_8035,7.7461
LLDFVRFMGV_nb_8036,7.5781
LLDFVRFMGV_nb_8037,10.1094
LLDFVRFMGV_nb_8042,13.1328
LLDFVRFMGV_nb_8043,10.9219
LLDFVRFMGV_nb_8046,9.0312
LLDFVRFMGV_nb_8047,7.7109
LLDFVRFMGV_nb_8049,7.4375
LLDFVRFMGV_nb_8050,8.1562
LLDFVRFMGV_nb_8051,12.5781
LLDFVRFMGV_nb_8052,11.8672
LLDFVRFMGV_nb_8053,10.8828
LLDFVRFMGV_nb_8056,6.4219
LLDFVRFMGV_nb_8059,10.9531
LLDFVRFMGV_nb_8060,8.9375
LLDFVRFMGV_nb_8061,7.3125
LLDFVRFMGV_nb_8065,9.7812
LLDFVRFMGV_nb_8067,10.1562
LLDFVRFMGV_nb_8069,8.4609
LLDFVRFMGV_nb_8070,9.0781
LLDFVRFMGV_nb_8072,10.0
LLDFVRFMGV_nb_8075,11.4062
LLDFVRFMGV_nb_8079,8.6094
LLDFVRFMGV_nb_8080,11.0078
LLDFVRFMGV_nb_8082,7.2227
LLDFVRFMGV_nb_8083,12.2656
LLDFVRFMGV_nb_8085,7.9688
LLDFVRFMGV_nb_8087,7.4961
LLDFVRFMGV_nb_8088,6.2344
LLDFVRFMGV_nb_8089,10.5469
LLDFVRFMGV_nb_8091,7.1875
LLDFVRFMGV_nb_8092,10.2969
LLDFVRFMGV_nb_8093,9.4141
LLDFVRFMGV_nb_8094,10.6641
LLDFVRFMGV_nb_8098,8.0781
LLDFVRFMGV_nb_8099,12.3281
LLDFVRFMGV_nb_8101,8.9688
LLDFVRFMGV_nb_8102,7.582
LLDFVRFMGV_nb_8104,8.4844
LLDFVRFMGV_nb_8105,6.7969
LLDFVRFMGV_nb_8107,8.5703
LLDFVRFMGV_nb_8108,7.5234
LLDFVRFMGV_nb_8110,5.2656
LLDFVRFMGV_nb_8111,10.7031
LLDFVRFMGV_nb_8112,10.7344
LLDFVRFMGV_nb_8113,11.3906
LLDFVRFMGV_nb_8115,10.6328
LLDFVRFMGV_nb_8116,9.9375
LLDFVRFMGV_nb_8117,5.9609
LLDFVRFMGV_nb_8118,7.4062
LLDFVRFMGV_nb_8120,6.5312
LLDFVRFMGV_nb_8121,9.8281
LLDFVRFMGV_nb_8123,12.7188
LLDFVRFMGV_nb_8124,11.0469
LLDFVRFMGV_nb_8126,9.5078
LLDFVRFMGV_nb_8127,5.375
LLDFVRFMGV_nb_8128,5.9023
LLDFVRFMGV_nb_8131,7.4805
LLDFVRFMGV_nb_8132,4.6719
LLDFVRFMGV_nb_8133,9.1094
LLDFVRFMGV_nb_8135,10.4375
LLDFVRFMGV_nb_8137,10.75
LLDFVRFMGV_nb_8138,9.7812
LLDFVRFMGV_nb_8140,8.4531
LLDFVRFMGV_nb_8141,7.2383
LLDFVRFMGV_nb_8142,8.1172
LLDFVRFMGV_nb_8144,8.0234
LLDFVRFMGV_nb_8145,10.9922
LLDFVRFMGV_nb_8147,9.2969
LLDFVRFMGV_nb_8148,9.8438
LLDFVRFMGV_nb_8149,7.0
LLDFVRFMGV_nb_8150,7.5938
LLDFVRFMGV_nb_8153,7.6797
LLDFVRFMGV_nb_8155,11.9062
LLDFVRFMGV_nb_8156,8.7031
LLDFVRFMGV_nb_8157,12.0
LLDFVRFMGV_nb_8158,11.9375
LLDFVRFMGV_nb_8159,8.1328
LLDFVRFMGV_nb_8160,8.5078
LLDFVRFMGV_nb_8162,7.8711
LLDFVRFMGV_nb_8165,8.1094
LLDFVRFMGV_nb_8166,12.8438
LLDFVRFMGV_nb_8168,9.7031
LLDFVRFMGV_nb_8169,6.4531
LLDFVRFMGV_nb_8170,11.4375
LLDFVRFMGV_nb_8171,10.1719
LLDFVRFMGV_nb_8172,12.4922
LLDFVRFMGV_nb_8173,9.125
LLDFVRFMGV_nb_8174,7.0039
LLDFVRFMGV_nb_8176,11.6562
LLDFVRFMGV_nb_8177,8.6094
LLDFVRFMGV_nb_8179,10.6406
LLDFVRFMGV_nb_8182,8.5781
LLDFVRFMGV_nb_8183,6.7852
LLDFVRFMGV_nb_8185,6.0469
LLDFVRFMGV_nb_8187,7.1914
LLDFVRFMGV_nb_8188,8.4062
LLDFVRFMGV_nb_8189,6.2891
LLDFVRFMGV_nb_8190,9.4531
LLDFVRFMGV_nb_8193,10.4453
LLDFVRFMGV_nb_8194,14.0781
LLDFVRFMGV_nb_8196,6.6758
LLDFVRFMGV_nb_8198,6.7031
LLDFVRFMGV_nb_8200,9.1875
LLDFVRFMGV_nb_8201,6.2461
LLDFVRFMGV_nb_8202,13.3828
LLDFVRFMGV_nb_8204,9.0938
LLDFVRFMGV_nb_8205,10.2188
LLDFVRFMGV_nb_8206,8.2891
LLDFVRFMGV_nb_8207,14.625
LLDFVRFMGV_nb_8208,7.4375
LLDFVRFMGV_nb_8211,5.8008
LLDFVRFMGV_nb_8213,8.0781
LLDFVRFMGV_nb_8214,11.9844
LLDFVRFMGV_nb_8215,10.6562
LLDFVRFMGV_nb_8216,9.5078
LLDFVRFMGV_nb_8217,9.5469
LLDFVRFMGV_nb_8218,11.6406
LLDFVRFMGV_nb_8223,6.707
LLDFVRFMGV_nb_8228,12.7812
LLDFVRFMGV_nb_8229,9.875
LLDFVRFMGV_nb_8232,8.4844
LLDFVRFMGV_nb_8233,11.4297
LLDFVRFMGV_nb_8236,8.2344
LLDFVRFMGV_nb_8239,9.0859
LLDFVRFMGV_nb_8240,7.8867
LLDFVRFMGV_nb_8241,8.7031
LLDFVRFMGV_nb_8242,6.9297
LLDFVRFMGV_nb_8244,11.7969
LLDFVRFMGV_nb_8246,7.0703
LLDFVRFMGV_nb_8249,10.1328
LLDFVRFMGV_nb_8250,11.4844
LLDFVRFMGV_nb_8254,6.6719
LLDFVRFMGV_nb_8255,8.7031
LLDFVRFMGV_nb_8256,8.5938
LLDFVRFMGV_nb_8257,7.9531
LLDFVRFMGV_nb_8258,8.1875
LLDFVRFMGV_nb_8260,8.8125
LLDFVRFMGV_nb_8261,7.1211
LLDFVRFMGV_nb_8262,7.2812
LLDFVRFMGV_nb_8269,11.0156
LLDFVRFMGV_nb_8270,7.9258
LLDFVRFMGV_nb_8271,9.5781
LLDFVRFMGV_nb_8273,10.7188
LLDFVRFMGV_nb_8274,11.1094
LLDFVRFMGV_nb_8276,5.6641
LLDFVRFMGV_nb_8278,7.8516
LLDFVRFMGV_nb_8281,11.5156
LLDFVRFMGV_nb_8284,7.2734
LLDFVRFMGV_nb_8290,9.2031
LLDFVRFMGV_nb_8296,9.6719
LLDFVRFMGV_nb_8297,8.1094
LLDFVRFMGV_nb_8299,7.6016
LLDFVRFMGV_nb_8300,9.7266
LLDFVRFMGV_nb_8301,9.8359
LLDFVRFMGV_nb_8302,6.3516
LLDFVRFMGV_nb_8307,9.6562
LLDFVRFMGV_nb_8309,7.6875
LLDFVRFMGV_nb_8310,12.2109
LLDFVRFMGV_nb_8311,6.5
LLDFVRFMGV_nb_8314,6.25
LLDFVRFMGV_nb_8315,9.2422
LLDFVRFMGV_nb_8316,7.8633
LLDFVRFMGV_nb_8317,10.4375
LLDFVRFMGV_nb_8321,8.1328
LLDFVRFMGV_nb_8326,10.8594
LLDFVRFMGV_nb_8327,12.2344
LLDFVRFMGV_nb_8328,8.4844
LLDFVRFMGV_nb_8329,7.8047
LLDFVRFMGV_nb_8333,10.8516
LLDFVRFMGV_nb_8334,7.2695
LLDFVRFMGV_nb_8335,8.7656
LLDFVRFMGV_nb_8336,8.9688
LLDFVRFMGV_nb_8339,8.9453
LLDFVRFMGV_nb_8340,9.9062
LLDFVRFMGV_nb_8341,8.1562
LLDFVRFMGV_nb_8342,7.3125
LLDFVRFMGV_nb_8343,9.0938
LLDFVRFMGV_nb_8345,6.4766
LLDFVRFMGV_nb_8348,9.625
LLDFVRFMGV_nb_8349,9.6562
LLDFVRFMGV_nb_8350,6.4414
LLDFVRFMGV_nb_8351,6.9375
LLDFVRFMGV_nb_8352,8.0938
LLDFVRFMGV_nb_8356,6.8945
LLDFVRFMGV_nb_8359,8.9062
LLDFVRFMGV_nb_8361,10.25
LLDFVRFMGV_nb_8364,9.9219
LLDFVRFMGV_nb_8365,11.2188
LLDFVRFMGV_nb_8366,10.5469
LLDFVRFMGV_nb_8368,11.2812
LLDFVRFMGV_nb_8369,9.0156
LLDFVRFMGV_nb_8371,7.543
LLDFVRFMGV_nb_8374,10.2969
LLDFVRFMGV_nb_8375,8.4531
LLDFVRFMGV_nb_8378,7.875
LLDFVRFMGV_nb_8380,7.3477
LLDFVRFMGV_nb_8381,10.6641
LLDFVRFMGV_nb_8382,7.3516
LLDFVRFMGV_nb_8384,6.9219
LLDFVRFMGV_nb_8386,9.2344
LLDFVRFMGV_nb_8390,9.6719
LLDFVRFMGV_nb_8393,7.918
LLDFVRFMGV_nb_8394,7.2656
LLDFVRFMGV_nb_8397,7.6484
LLDFVRFMGV_nb_8399,10.9688
LLDFVRFMGV_nb_8400,6.6094
LLDFVRFMGV_nb_8404,6.043
LLDFVRFMGV_nb_8406,11.4688
LLDFVRFMGV_nb_8407,12.2812
LLDFVRFMGV_nb_8409,8.4688
LLDFVRFMGV_nb_8410,9.0547
LLDFVRFMGV_nb_8411,9.625
LLDFVRFMGV_nb_8412,7.9375
LLDFVRFMGV_nb_8413,9.7812
LLDFVRFMGV_nb_8415,11.5469
LLDFVRFMGV_nb_8416,7.7578
LLDFVRFMGV_nb_8417,8.5391
LLDFVRFMGV_nb_8418,6.9375
LLDFVRFMGV_nb_8419,6.6484
LLDFVRFMGV_nb_8420,6.6641
LLDFVRFMGV_nb_8421,6.5547
LLDFVRFMGV_nb_8422,7.9297
LLDFVRFMGV_nb_8424,13.7812
LLDFVRFMGV_nb_8425,7.7656
LLDFVRFMGV_nb_8428,8.3594
LLDFVRFMGV_nb_8429,10.4531
LLDFVRFMGV_nb_8431,12.7266
LLDFVRFMGV_nb_8435,9.4297
LLDFVRFMGV_nb_8437,7.9375
LLDFVRFMGV_nb_8439,9.4688
LLDFVRFMGV_nb_8440,7.3359
LLDFVRFMGV_nb_8441,8.2656
LLDFVRFMGV_nb_8442,8.7891
LLDFVRFMGV_nb_8443,10.75
LLDFVRFMGV_nb_8445,7.6953
LLDFVRFMGV_nb_8446,11.1719
LLDFVRFMGV_nb_8447,9.0156
LLDFVRFMGV_nb_8450,9.0781
LLDFVRFMGV_nb_8451,8.0
LLDFVRFMGV_nb_8452,8.7109
LLDFVRFMGV_nb_8453,7.7656
LLDFVRFMGV_nb_8454,6.8867
LLDFVRFMGV_nb_8455,7.3164
LLDFVRFMGV_nb_8456,11.8438
LLDFVRFMGV_nb_8460,8.0938
LLDFVRFMGV_nb_8461,10.9688
LLFGYPVYV_1001,5.6719
LLFGYPVYV_1002,7.7227
LLFGYPVYV_1139,4.3945
LLFGYPVYV_1465,8.0547
LLFGYPVYV_149,5.0664
LLFGYPVYV_2724,7.3672
LLFGYPVYV_3087,7.3711
LLFGYPVYV_3423,6.0156
LLFGYPVYV_3433,7.9258
LLFGYPVYV_3434,3.5586
LLFGYPVYV_3451,6.1484
LLFGYPVYV_3476,10.9141
LLFGYPVYV_3481,8.9375
LLFGYPVYV_3482,6.5
LLFGYPVYV_3484,11.625
LLFGYPVYV_3491,5.8281
LLFGYPVYV_471,7.4453
LLFGYPVYV_588,6.1875
LLFGYPVYV_589,5.4258
LLFGYPVYV_635,5.5
LLFGYPVYV_719,8.0234
LLFGYPVYV_764,12.1094
LLFGYPVYV_768,4.9688
LLFGYPVYV_857,9.7656
LLFGYPVYV_nb_10795,7.0859
LLFGYPVYV_nb_10797,11.875
LLFGYPVYV_nb_10798,8.8047
LLFGYPVYV_nb_10799,6.0078
LLFGYPVYV_nb_10800,9.1953
LLFGYPVYV_nb_10803,6.0117
LLFGYPVYV_nb_10804,6.5781
LLFGYPVYV_nb_10805,3.0156
LLFGYPVYV_nb_10806,6.2891
LLFGYPVYV_nb_10807,9.2109
LLFGYPVYV_nb_10809,9.0547
LLFGYPVYV_nb_10810,6.6719
LLFGYPVYV_nb_10813,7.9023
LLFGYPVYV_nb_10814,5.9062
LLFGYPVYV_nb_10815,7.1094
LLFGYPVYV_nb_10816,6.0859
LLFGYPVYV_nb_10818,8.9297
LLFGYPVYV_nb_10821,6.8203
LLFGYPVYV_nb_10822,5.4453
LLFGYPVYV_nb_10823,6.5234
LLFGYPVYV_nb_10824,6.3203
LLFGYPVYV_nb_10825,4.8828
LLFGYPVYV_nb_10827,6.8984
LLFGYPVYV_nb_10830,6.6016
LLFGYPVYV_nb_10831,8.0078
LLFGYPVYV_nb_10834,6.0703
LLFGYPVYV_nb_10835,10.0938
LLFGYPVYV_nb_10837,4.9531
LLFGYPVYV_nb_10839,7.1406
LLFGYPVYV_nb_10840,5.9258
LLFGYPVYV_nb_10841,7.1172
LLFGYPVYV_nb_10843,7.1172
LLFGYPVYV_nb_10844,5.1875
LLFGYPVYV_nb_10847,5.2891
LLFGYPVYV_nb_10849,8.7031
LLFGYPVYV_nb_10853,5.375
LLFGYPVYV_nb_10854,7.9141
LLFGYPVYV_nb_10856,8.1719
LLFGYPVYV_nb_10858,10.875
LLFGYPVYV_nb_10859,7.2383
LLFGYPVYV_nb_10860,9.5781
LLFGYPVYV_nb_10861,6.9219
LLFGYPVYV_nb_10863,7.6562
LLFGYPVYV_nb_10864,10.2031
LLFGYPVYV_nb_10866,7.3047
LLFGYPVYV_nb_10870,6.7148
LLFGYPVYV_nb_10874,5.0586
LLFGYPVYV_nb_10876,4.1484
LLFGYPVYV_nb_10877,5.5781
LLFGYPVYV_nb_10878,6.875
LLFGYPVYV_nb_10879,5.2031
LLFGYPVYV_nb_10881,3.8125
LLFGYPVYV_nb_10882,9.1797
LLFGYPVYV_nb_10883,7.3086
LLFGYPVYV_nb_10885,6.7969
LLFGYPVYV_nb_10886,6.5156
LLFGYPVYV_nb_10888,5.3047
LLFGYPVYV_nb_10893,4.1172
LLFGYPVYV_nb_10894,8.875
LLFGYPVYV_nb_10895,6.6484
LLFGYPVYV_nb_10897,14.4688
LLFGYPVYV_nb_10898,12.6562
LLFGYPVYV_nb_10901,5.8633
LLFGYPVYV_nb_10902,9.3203
LLFGYPVYV_nb_10904,5.0469
LLFGYPVYV_nb_10905,5.1719
LLFGYPVYV_nb_10906,8.8516
LLFGYPVYV_nb_10907,5.9375
LLFGYPVYV_nb_10908,9.3984
LLFGYPVYV_nb_10909,9.6328
LLFGYPVYV_nb_10911,9.4219
LLFGYPVYV_nb_10912,6.9766
LLFGYPVYV_nb_10913,7.4062
LLFGYPVYV_nb_10914,5.5
LLFGYPVYV_nb_10915,8.4688
LLFGYPVYV_nb_10920,6.6094
LLFGYPVYV_nb_10922,7.0078
LLFGYPVYV_nb_10923,4.5469
LLFGYPVYV_nb_10925,6.1641
LLFGYPVYV_nb_10929,6.6016
LLFGYPVYV_nb_10930,6.9219
LLFGYPVYV_nb_10931,5.8828
LLFGYPVYV_nb_10932,6.9883
LLFGYPVYV_nb_10935,7.9297
LLFGYPVYV_nb_10936,8.8281
LLFGYPVYV_nb_10938,14.125
LLFGYPVYV_nb_10939,5.4844
LLFGYPVYV_nb_10941,8.7891
LLFGYPVYV_nb_10942,7.3555
LLFGYPVYV_nb_10944,5.7969
LLFGYPVYV_nb_10945,6.5703
LLFGYPVYV_nb_10946,10.75
LLFGYPVYV_nb_10947,12.1875
LLFGYPVYV_nb_10948,9.375
LLFGYPVYV_nb_10949,6.7734
LLFGYPVYV_nb_10955,5.6719
LLFGYPVYV_nb_10956,6.2031
LLFGYPVYV_nb_10957,5.832
LLFGYPVYV_nb_10958,5.9609
LLFGYPVYV_nb_10960,4.8398
LLFGYPVYV_nb_10961,8.5938
LLFGYPVYV_nb_10962,8.5625
LLFGYPVYV_nb_10963,9.625
LLFGYPVYV_nb_10966,7.2344
LLFGYPVYV_nb_10968,5.7422
LLFGYPVYV_nb_10972,3.5762
LLFGYPVYV_nb_10973,5.5156
LLFGYPVYV_nb_10974,6.3594
LLFGYPVYV_nb_10975,7.5469
LLFGYPVYV_nb_10976,5.4961
LLFGYPVYV_nb_10977,6.8633
LLFGYPVYV_nb_10978,8.3672
LLFGYPVYV_nb_10979,7.4844
LLFGYPVYV_nb_10980,8.9219
LLFGYPVYV_nb_10983,3.6738
LLFGYPVYV_nb_10984,9.5312
LLFGYPVYV_nb_10986,5.7344
LLFGYPVYV_nb_10988,11.8359
LLFGYPVYV_nb_10989,10.1406
LLFGYPVYV_nb_10990,10.3984
LLFGYPVYV_nb_10992,6.3242
LLFGYPVYV_nb_10993,4.3828
LLFGYPVYV_nb_10995,5.3516
LLFGYPVYV_nb_10997,7.8594
LLFGYPVYV_nb_10999,7.9141
LLFGYPVYV_nb_11002,10.3438
LLFGYPVYV_nb_11003,7.2109
LLFGYPVYV_nb_11004,7.8828
LLFGYPVYV_nb_11006,9.5
LLFGYPVYV_nb_11007,8.3672
LLFGYPVYV_nb_11008,5.1484
LLFGYPVYV_nb_11011,4.8672
LLFGYPVYV_nb_11013,7.2227
LLFGYPVYV_nb_11014,7.125
LLFGYPVYV_nb_11015,10.5781
LLFGYPVYV_nb_11016,8.2812
LLFGYPVYV_nb_11017,5.9258
LLFGYPVYV_nb_11021,8.9141
LLFGYPVYV_nb_11023,7.8008
LLFGYPVYV_nb_11025,6.1016
LLFGYPVYV_nb_11026,5.5859
LLFGYPVYV_nb_11028,5.8828
LLFGYPVYV_nb_11029,6.3906
LLFGYPVYV_nb_11030,9.3984
LLFGYPVYV_nb_11031,7.5977
LLFGYPVYV_nb_11034,8.2812
LLFGYPVYV_nb_11035,8.1016
LLFGYPVYV_nb_11038,9.5469
LLFGYPVYV_nb_11039,5.8516
LLFGYPVYV_nb_11040,6.625
LLFGYPVYV_nb_11042,6.3047
LLFGYPVYV_nb_11043,7.625
LLFGYPVYV_nb_11044,6.4453
LLFGYPVYV_nb_11046,5.6484
LLFGYPVYV_nb_11047,7.2969
LLFGYPVYV_nb_11049,8.2812
LLFGYPVYV_nb_11050,6.8086
LLFGYPVYV_nb_11052,7.5469
LLFGYPVYV_nb_11053,9.0703
LLFGYPVYV_nb_11054,8.9062
LLFGYPVYV_nb_11055,4.9883
LLFGYPVYV_nb_11056,10.9297
LLFGYPVYV_nb_11059,5.7188
LLFGYPVYV_nb_11060,7.1289
LLFGYPVYV_nb_11061,6.3008
LLFGYPVYV_nb_11062,5.3828
LLFGYPVYV_nb_11064,6.0469
LLFGYPVYV_nb_11065,7.2734
LLFGYPVYV_nb_11066,9.0
LLFGYPVYV_nb_11068,9.0
LLFGYPVYV_nb_11070,7.5977
LLFGYPVYV_nb_11071,5.1211
LLFGYPVYV_nb_11073,8.5938
LLFGYPVYV_nb_11074,5.6719
LLFGYPVYV_nb_11076,7.6797
LLFGYPVYV_nb_11077,9.7969
LLFGYPVYV_nb_11078,10.5156
LLFGYPVYV_nb_11080,6.1562
LLFGYPVYV_nb_11081,5.7227
LLFGYPVYV_nb_11083,5.8906
LLFGYPVYV_nb_11084,3.7129
LLFGYPVYV_nb_11085,4.2891
LLFGYPVYV_nb_11087,7.4766
LLFGYPVYV_nb_11088,6.7773
LLFGYPVYV_nb_11089,4.7734
LLFGYPVYV_nb_11090,6.1016
LLFGYPVYV_nb_11091,6.5859
LLFGYPVYV_nb_11093,10.5
LLFGYPVYV_nb_11094,9.4688
LLFGYPVYV_nb_11096,6.7656
LLFGYPVYV_nb_11099,5.3203
LLFGYPVYV_nb_11102,8.5312
LLFGYPVYV_nb_11103,7.1992
LLFGYPVYV_nb_11104,6.0938
LLFGYPVYV_nb_11108,9.0312
LLFGYPVYV_nb_11110,8.9766
LLFGYPVYV_nb_11111,8.3438
LLFGYPVYV_nb_11112,9.125
LLFGYPVYV_nb_11113,8.7969
LLFGYPVYV_nb_11114,10.875
LLFGYPVYV_nb_11115,10.1641
LLFGYPVYV_nb_11116,13.7188
LLFGYPVYV_nb_11119,6.5859
LLFGYPVYV_nb_11120,9.0703
LLFGYPVYV_nb_11121,5.0078
LLFGYPVYV_nb_11123,5.9805
LLFGYPVYV_nb_11124,6.3125
LLFGYPVYV_nb_11126,7.4258
LLFGYPVYV_nb_11127,5.5625
LLFGYPVYV_nb_11128,10.4375
LLFGYPVYV_nb_11129,7.0156
LLFGYPVYV_nb_11130,10.5312
LLFGYPVYV_nb_11133,5.3164
LLFGYPVYV_nb_11134,7.7852
LLFGYPVYV_nb_11136,8.9688
LLFGYPVYV_nb_11137,5.082
LLFGYPVYV_nb_11140,10.25
LLFGYPVYV_nb_11143,6.25
LLFGYPVYV_nb_11145,10.0625
LLFGYPVYV_nb_11146,7.875
LLFGYPVYV_nb_11147,5.8945
LLFGYPVYV_nb_11148,6.2852
LLFGYPVYV_nb_11149,7.7461
LLFGYPVYV_nb_11150,8.5625
LLFGYPVYV_nb_11152,7.375
LLFGYPVYV_nb_11156,8.0625
LLFGYPVYV_nb_11158,8.4219
LLFGYPVYV_nb_11159,4.7969
LLFGYPVYV_nb_11160,7.4805
LLFGYPVYV_nb_11162,6.25
LLFGYPVYV_nb_11164,6.7656
LLFGYPVYV_nb_11165,3.957
LLFGYPVYV_nb_11168,5.9688
LLFGYPVYV_nb_11169,6.7891
LLFGYPVYV_nb_11171,9.0625
LLFGYPVYV_nb_11172,8.2969
LLFGYPVYV_nb_11173,9.7109
LLFGYPVYV_nb_11175,6.7969
LLFGYPVYV_nb_11176,11.1562
LLFGYPVYV_nb_11178,7.9922
LLFGYPVYV_nb_11179,6.3945
LLFGYPVYV_nb_11180,9.7969
LLFGYPVYV_nb_11181,3.3203
LLFGYPVYV_nb_11182,5.7422
LLFGYPVYV_nb_11184,7.375
LLFGYPVYV_nb_11185,9.7031
LLFGYPVYV_nb_11186,7.7617
LLFGYPVYV_nb_11187,8.7266
LLFGYPVYV_nb_11188,5.4844
LLFGYPVYV_nb_11190,3.75
LLFGYPVYV_nb_11192,9.5938
LLFGYPVYV_nb_11194,6.5312
LLFGYPVYV_nb_11196,4.9102
LLFGYPVYV_nb_11198,5.0938
LLFGYPVYV_nb_11199,7.0312
LLFGYPVYV_nb_11202,8.25
LLFGYPVYV_nb_11203,7.8594
LLFGYPVYV_nb_11204,5.6094
LLFGYPVYV_nb_11205,6.0938
LLFGYPVYV_nb_11208,9.6406
LLFGYPVYV_nb_11209,3.6484
LLFGYPVYV_nb_11210,10.7031
LLFGYPVYV_nb_11211,10.125
LLFGYPVYV_nb_11212,7.4141
LLFGYPVYV_nb_11214,7.4492
LLFGYPVYV_nb_11215,9.5781
LLFGYPVYV_nb_11217,7.3477
LLFGYPVYV_nb_11218,6.5156
LLFGYPVYV_nb_11219,4.7734
LLFGYPVYV_nb_11221,9.5312
LLFGYPVYV_nb_11222,8.4062
LLFGYPVYV_nb_11223,15.125
LLFGYPVYV_nb_11224,10.0469
LLFGYPVYV_nb_11225,6.0156
LLFGYPVYV_nb_11226,4.6953
LLFGYPVYV_nb_11227,4.9922
LLFGYPVYV_nb_11229,5.8828
LLFGYPVYV_nb_11231,9.0
LLFGYPVYV_nb_11233,7.043
LLFGYPVYV_nb_11237,4.7656
LLFGYPVYV_nb_11239,6.0312
LLFGYPVYV_nb_11242,4.5898
LLFGYPVYV_nb_11243,10.8906
LLFGYPVYV_nb_11244,14.1562
LLFGYPVYV_nb_11246,5.1328
LLFGYPVYV_nb_11247,10.4844
LLFGYPVYV_nb_11249,7.3398
LLFGYPVYV_nb_11251,8.375
LLFGYPVYV_nb_11252,5.75
LLFGYPVYV_nb_11254,7.8203
LLFGYPVYV_nb_11257,8.5
LLFGYPVYV_nb_11259,11.8594
LLFGYPVYV_nb_11260,5.5547
LLFGYPVYV_nb_11261,5.25
LLFGYPVYV_nb_11265,6.9766
LLFGYPVYV_nb_11266,6.4102
LLFGYPVYV_nb_11267,7.4492
LLFGYPVYV_nb_11268,6.8047
LLFGYPVYV_nb_11269,8.4219
LLFGYPVYV_nb_11271,9.375
LLFGYPVYV_nb_11273,5.0742
LLFGYPVYV_nb_11275,7.9062
LLFGYPVYV_nb_11276,5.9922
LLFGYPVYV_nb_11277,10.2031
LLFGYPVYV_nb_11278,6.6562
LLFGYPVYV_nb_11283,7.3672
LLFGYPVYV_nb_11285,8.8359
LLFGYPVYV_nb_11286,7.5234
LLFGYPVYV_nb_11288,3.5625
LLFGYPVYV_nb_11289,8.4062
LLFGYPVYV_nb_11291,11.9531
LLFGYPVYV_nb_11292,7.9375
LLFGYPVYV_nb_11294,8.0625
LLFGYPVYV_nb_11296,4.3828
LLFGYPVYV_nb_11297,8.3516
LLFGYPVYV_nb_11298,14.7969
LLFGYPVYV_nb_11299,5.4492
LLFGYPVYV_nb_11300,6.625
LLFGYPVYV_nb_11301,8.3047
LLFGYPVYV_nb_11304,5.9258
LLFGYPVYV_nb_11310,7.625
LLFGYPVYV_nb_11312,8.3125
LLFGYPVYV_nb_11313,8.2578
LLFGYPVYV_nb_11315,7.0469
LLFGYPVYV_nb_11317,6.4609
LLFGYPVYV_nb_11318,10.5625
LLFGYPVYV_nb_11320,8.5469
LLFGYPVYV_nb_11321,7.8203
LLFGYPVYV_nb_11322,5.3906
LLFGYPVYV_nb_11323,10.9219
LLFGYPVYV_nb_11324,6.3594
LLFGYPVYV_nb_11325,8.5625
LLFGYPVYV_nb_11328,6.0352
LLFGYPVYV_nb_11329,6.8906
LLFGYPVYV_nb_11331,9.5781
LLFGYPVYV_nb_11332,8.5156
LLFGYPVYV_nb_11334,9.8125
LLFGYPVYV_nb_11335,5.8594
LLFGYPVYV_nb_11337,5.8438
LLFGYPVYV_nb_11338,6.4883
LLFGYPVYV_nb_11340,6.2812
LLFGYPVYV_nb_11341,4.9531
LLFGYPVYV_nb_11342,7.5234
LLFGYPVYV_nb_11343,4.7891
LLFGYPVYV_nb_11344,6.1055
LLFGYPVYV_nb_11346,9.0156
LLFGYPVYV_nb_11351,6.4766
LLFGYPVYV_nb_11353,6.8828
LLFGYPVYV_nb_11354,5.5703
LLFGYPVYV_nb_11355,6.0469
LLFGYPVYV_nb_11357,4.918
LLFGYPVYV_nb_11358,5.875
LLFGYPVYV_nb_11359,5.9688
LLFGYPVYV_nb_11363,6.1484
LLFGYPVYV_nb_11365,5.707
LLFGYPVYV_nb_11368,11.9375
LLFGYPVYV_nb_11371,7.793
LLFGYPVYV_nb_11372,9.1172
LLFGYPVYV_nb_11375,6.2305
LLFGYPVYV_nb_11377,13.9297
LLFGYPVYV_nb_11381,6.0625
LLFGYPVYV_nb_11384,6.5938
LLFGYPVYV_nb_11385,10.3125
LLFGYPVYV_nb_11386,6.1875
LLFGYPVYV_nb_11387,7.6875
LLFGYPVYV_nb_11389,8.2422
LLFGYPVYV_nb_11390,7.75
LLFGYPVYV_nb_11391,7.5156
LLFGYPVYV_nb_11392,9.4297
LLFGYPVYV_nb_11393,5.168
LLFGYPVYV_nb_11395,11.1797
LLFGYPVYV_nb_11397,8.8281
LLFGYPVYV_nb_11399,7.3203
LLFGYPVYV_nb_11400,5.2734
LLFGYPVYV_nb_11401,12.1641
LLFGYPVYV_nb_11405,7.2422
LLFGYPVYV_nb_11407,6.4531
LLFGYPVYV_nb_11408,10.2031
LLFGYPVYV_nb_11409,11.375
LLFGYPVYV_nb_11411,11.4766
LLFGYPVYV_nb_11413,8.5078
LLFGYPVYV_nb_11414,7.9648
LLFGYPVYV_nb_11415,8.6406
LLFGYPVYV_nb_11416,6.7188
LLFGYPVYV_nb_11417,8.3125
LLFGYPVYV_nb_11420,9.375
LLFGYPVYV_nb_11421,6.5312
LLFGYPVYV_nb_11422,6.4062
LLFGYPVYV_nb_11423,6.2227
LLFGYPVYV_nb_11426,7.3633
LLFGYPVYV_nb_11427,6.7812
LLFGYPVYV_nb_11428,7.7227
LLFGYPVYV_nb_11429,5.8828
LLFGYPVYV_nb_11430,6.3906
LLFGYPVYV_nb_11432,7.1133
LLFGYPVYV_nb_11436,8.8281
LLFGYPVYV_nb_11437,8.5781
LLFGYPVYV_nb_11438,6.6875
LLFGYPVYV_nb_11440,6.7852
LLFGYPVYV_nb_11441,6.5781
LLFGYPVYV_nb_11444,4.8828
LLFGYPVYV_nb_11446,3.4707
LLFGYPVYV_nb_11447,6.3125
LLFGYPVYV_nb_11449,8.6875
LLFGYPVYV_nb_11450,5.457
LLFGYPVYV_nb_11451,4.8906
LLFGYPVYV_nb_11453,8.7109
LLFGYPVYV_nb_11454,6.375
LLFGYPVYV_nb_11455,9.1094
LLFGYPVYV_nb_11456,7.4609
LLFGYPVYV_nb_11457,7.9609
LLFGYPVYV_nb_11458,6.6484
LLFGYPVYV_nb_11459,8.0703
LLFGYPVYV_nb_11461,6.9297
LLFGYPVYV_nb_11462,4.7266
LLFGYPVYV_nb_11463,5.5156
LLFGYPVYV_nb_11466,8.0469
LLFGYPVYV_nb_11468,10.8359
LLFGYPVYV_nb_11472,6.3984
LLFGYPVYV_nb_11473,7.1523
LLFGYPVYV_nb_11474,6.6719
LLFGYPVYV_nb_11475,6.0859
LLFGYPVYV_nb_11476,5.1953
LLFGYPVYV_nb_11477,6.6406
LLFGYPVYV_nb_11478,6.2656
LLFGYPVYV_nb_11482,6.0859
LLFGYPVYV_nb_11485,6.8359
LLFGYPVYV_nb_11486,5.6719
LLFGYPVYV_nb_11489,3.6719
LLFGYPVYV_nb_11492,5.9336
LLFGYPVYV_nb_11493,5.418
LLFGYPVYV_nb_11496,7.125
LLFGYPVYV_nb_11497,7.7305
LLFGYPVYV_nb_11498,5.6641
LLFGYPVYV_nb_11500,6.9219
LLFGYPVYV_nb_11502,8.8438
LLFGYPVYV_nb_11503,10.8438
LLFGYPVYV_nb_11505,6.1562
LLFGYPVYV_nb_11506,6.7891
LLFGYPVYV_nb_11507,7.0625
LLFGYPVYV_nb_11509,7.082
LLFGYPVYV_nb_11510,5.707
LLFGYPVYV_nb_11511,6.2461
LLFGYPVYV_nb_11512,5.5898
LLFGYPVYV_nb_11513,6.7266
LLFGYPVYV_nb_11514,8.1719
LLFGYPVYV_nb_11516,9.875
LLFGYPVYV_nb_11518,9.8984
LLFGYPVYV_nb_11520,7.4297
LLFGYPVYV_nb_11521,7.9453
LLFGYPVYV_nb_11523,7.4023
LLFGYPVYV_nb_11527,10.0938
LLFGYPVYV_nb_11528,7.3711
LLFGYPVYV_nb_11530,8.4531
LLFGYPVYV_nb_11532,7.0898
LLFGYPVYV_nb_11533,5.5312
LLFGYPVYV_nb_11534,9.1875
LLFGYPVYV_nb_11535,6.3789
LLFGYPVYV_nb_11536,8.7891
LLFGYPVYV_nb_11537,10.2188
LLFGYPVYV_nb_11539,6.0977
LLFGYPVYV_nb_11540,6.7617
LLFGYPVYV_nb_11541,7.2266
LLFGYPVYV_nb_11544,5.7891
LLFGYPVYV_nb_11545,5.125
LLFGYPVYV_nb_11546,7.7188
LLFGYPVYV_nb_11547,7.0742
LLFGYPVYV_nb_11549,6.0039
LLFGYPVYV_nb_11550,6.3477
LLFGYPVYV_nb_11551,8.0859
LLFGYPVYV_nb_11554,7.1406
LLFGYPVYV_nb_11555,6.8438
LLFGYPVYV_nb_11556,7.1992
LLFGYPVYV_nb_11557,7.5625
LLFGYPVYV_nb_11559,9.7422
LLFGYPVYV_nb_11892,9.9688
LLFGYPVYV_nb_11893,5.2109
LLFGYPVYV_nb_11894,6.8203
LLFGYPVYV_nb_11895,6.2969
LLFGYPVYV_nb_11896,4.5859
LLFGYPVYV_nb_11898,8.75
LLFGYPVYV_nb_11900,5.0859
LLFGYPVYV_nb_11901,7.9531
LLFGYPVYV_nb_11903,5.8984
LLFGYPVYV_nb_11905,8.2969
LLFGYPVYV_nb_11906,7.0469
LLFGYPVYV_nb_11907,7.582
LLFGYPVYV_nb_11908,5.6875
LLFGYPVYV_nb_11914,7.8203
LLFGYPVYV_nb_11915,8.4453
LLFGYPVYV_nb_11917,6.3125
LLFGYPVYV_nb_11918,7.0547
LLFGYPVYV_nb_11919,6.5586
LLFGYPVYV_nb_11920,5.8438
LLFGYPVYV_nb_11921,8.6562
LLFGYPVYV_nb_11923,9.9297
LLFGYPVYV_nb_11924,8.0156
LLFGYPVYV_nb_11926,7.8672
LLFGYPVYV_nb_11927,6.8438
LLFGYPVYV_nb_11929,8.7969
LLFGYPVYV_nb_11931,6.7188
LLFGYPVYV_nb_11933,8.2109
LLFGYPVYV_nb_11937,7.625
LLFGYPVYV_nb_11941,10.3125
LLFGYPVYV_nb_11942,6.6875
LLFGYPVYV_nb_11943,8.75
LLFGYPVYV_nb_11944,11.1094
LLFGYPVYV_nb_11945,7.3281
LLFGYPVYV_nb_11947,7.4297
LLFGYPVYV_nb_11949,5.6328
LLFGYPVYV_nb_11952,6.0859
LLFGYPVYV_nb_11953,7.2148
LLFGYPVYV_nb_11954,6.0742
LLFGYPVYV_nb_1641,6.7188
LLFGYPVYV_nb_1643,7.1406
LLFGYPVYV_nb_1644,4.6836
LLFGYPVYV_nb_1645,6.1055
LLFGYPVYV_nb_1647,6.4766
LLFGYPVYV_nb_1648,6.2539
LLFGYPVYV_nb_1649,8.6719
LLFGYPVYV_nb_1651,6.0859
LLFGYPVYV_nb_1652,5.5469
LLFGYPVYV_nb_1653,7.1328
LLFGYPVYV_nb_1654,7.9102
LLFGYPVYV_nb_1655,10.8906
LLFGYPVYV_nb_1656,4.9727
LLFGYPVYV_nb_1657,4.8359
LLFGYPVYV_nb_1658,2.9766
LLFGYPVYV_nb_1660,5.0547
LLFGYPVYV_nb_1662,5.8047
LLFGYPVYV_nb_1664,7.9336
LLFGYPVYV_nb_1665,6.6484
LLFGYPVYV_nb_1666,7.6914
LLFGYPVYV_nb_1667,7.0391
LLFGYPVYV_nb_1668,6.7031
LLFGYPVYV_nb_1670,11.9531
LLFGYPVYV_nb_1671,2.8379
LLFGYPVYV_nb_1672,6.5469
LLFGYPVYV_nb_1674,7.2383
LLFGYPVYV_nb_1675,5.2305
LLFGYPVYV_nb_1676,6.2109
LLFGYPVYV_nb_1677,5.0078
LLFGYPVYV_nb_1678,6.1914
LLFGYPVYV_nb_1680,6.1094
LLFGYPVYV_nb_1681,4.1172
LLFGYPVYV_nb_1682,3.75
LLFGYPVYV_nb_1683,7.25
LLFGYPVYV_nb_1685,5.6797
LLFGYPVYV_nb_1688,18.8125
LLFGYPVYV_nb_1691,4.8711
LLFGYPVYV_nb_1693,5.6523
LLFGYPVYV_nb_1694,7.2188
LLFGYPVYV_nb_1696,6.0547
LLFGYPVYV_nb_1697,8.3203
LLFGYPVYV_nb_1698,5.3555
LLFGYPVYV_nb_1699,5.1719
LLFGYPVYV_nb_1700,7.6172
LLFGYPVYV_nb_1701,6.8203
LLFGYPVYV_nb_1702,5.9258
LLFGYPVYV_nb_1703,10.4219
LLFGYPVYV_nb_1705,5.0078
LLFGYPVYV_nb_1706,6.6719
LLFGYPVYV_nb_1707,7.207
LLFGYPVYV_nb_1708,6.3906
LLFGYPVYV_nb_1711,6.1055
LLFGYPVYV_nb_1715,8.1562
LLFGYPVYV_nb_1717,8.9609
LLFGYPVYV_nb_1718,7.2812
LLFGYPVYV_nb_1719,8.9688
LLFGYPVYV_nb_1720,10.3438
LLFGYPVYV_nb_1722,8.8438
LLFGYPVYV_nb_1723,7.9805
LLFGYPVYV_nb_1724,7.375
LLFGYPVYV_nb_1725,6.25
LLFGYPVYV_nb_1727,7.1367
LLFGYPVYV_nb_1728,7.5156
LLFGYPVYV_nb_1731,5.2266
LLFGYPVYV_nb_1732,7.957
LLFGYPVYV_nb_1733,7.3164
LLFGYPVYV_nb_1735,5.8828
LLFGYPVYV_nb_1736,4.9727
LLFGYPVYV_nb_1737,8.9688
LLFGYPVYV_nb_1738,6.75
LLFGYPVYV_nb_1739,6.9883
LLFGYPVYV_nb_1740,6.1055
LLFGYPVYV_nb_1742,8.3984
LLFGYPVYV_nb_1743,7.0117
LLFGYPVYV_nb_1744,5.6484
LLFGYPVYV_nb_1745,5.5156
LLFGYPVYV_nb_1747,6.1484
LLFGYPVYV_nb_1748,5.5234
LLFGYPVYV_nb_1749,5.1172
LLFGYPVYV_nb_1750,5.6367
LLFGYPVYV_nb_1751,4.9297
LLFGYPVYV_nb_1752,5.1406
LLFGYPVYV_nb_1753,6.0742
LLFGYPVYV_nb_1756,8.3125
LLFGYPVYV_nb_1757,7.5352
LLFGYPVYV_nb_1759,4.75
LLFGYPVYV_nb_1760,6.0156
LLFGYPVYV_nb_1761,6.6328
LLFGYPVYV_nb_1764,5.8438
LLFGYPVYV_nb_1765,6.3438
LLFGYPVYV_nb_1768,6.25
LLFGYPVYV_nb_1769,5.5273
LLFGYPVYV_nb_1770,7.4297
LLFGYPVYV_nb_1771,10.3594
LLFGYPVYV_nb_1772,9.0156
LLFGYPVYV_nb_1773,6.3359
LLFGYPVYV_nb_1775,5.8672
LLFGYPVYV_nb_1776,3.625
LLFGYPVYV_nb_1777,7.8984
LLFGYPVYV_nb_1778,5.9531
LLFGYPVYV_nb_1779,7.1641
LLFGYPVYV_nb_1783,6.3672
LLFGYPVYV_nb_1785,10.7969
LLFGYPVYV_nb_1787,5.7148
LLFGYPVYV_nb_1788,6.6992
LLFGYPVYV_nb_1789,8.3594
LLFGYPVYV_nb_1790,5.8906
LLFGYPVYV_nb_1792,6.3438
LLFGYPVYV_nb_1794,3.7227
LLFGYPVYV_nb_1795,6.5742
LLFGYPVYV_nb_1796,6.7109
LLFGYPVYV_nb_1797,6.3789
LLFGYPVYV_nb_1800,5.6133
LLFGYPVYV_nb_1801,3.1133
LLFGYPVYV_nb_1802,9.1328
LLFGYPVYV_nb_1803,8.2656
LLFGYPVYV_nb_1804,5.0391
LLFGYPVYV_nb_1805,9.7344
LLFGYPVYV_nb_1806,11.0234
LLFGYPVYV_nb_1808,8.2031
LLFGYPVYV_nb_1810,4.0898
LLFGYPVYV_nb_1811,5.5039
LLFGYPVYV_nb_1812,6.7031
LLFGYPVYV_nb_1813,7.3828
LLFGYPVYV_nb_1814,11.6953
LLFGYPVYV_nb_1815,8.1875
LLFGYPVYV_nb_1816,9.0469
LLFGYPVYV_nb_1817,8.0391
LLFGYPVYV_nb_1818,6.2031
LLFGYPVYV_nb_1819,5.8125
LLFGYPVYV_nb_1822,7.4961
LLFGYPVYV_nb_1823,5.625
LLFGYPVYV_nb_1824,5.5
LLFGYPVYV_nb_1825,9.3281
LLFGYPVYV_nb_1827,5.4453
LLFGYPVYV_nb_1828,6.2969
LLFGYPVYV_nb_1829,9.1406
LLFGYPVYV_nb_1830,6.6133
LLFGYPVYV_nb_1831,6.1055
LLFGYPVYV_nb_1833,6.1055
LLFGYPVYV_nb_1837,5.9023
LLFGYPVYV_nb_1839,6.1484
LLFGYPVYV_nb_1841,7.6562
LLFGYPVYV_nb_1843,6.5273
LLFGYPVYV_nb_1846,6.2695
LLFGYPVYV_nb_1847,9.4219
LLFGYPVYV_nb_1848,8.3672
LLFGYPVYV_nb_1849,5.8516
LLFGYPVYV_nb_1850,5.8125
LLFGYPVYV_nb_1852,4.3594
LLFGYPVYV_nb_1853,4.9727
LLFGYPVYV_nb_1854,6.2812
LLFGYPVYV_nb_1855,5.2969
LLFGYPVYV_nb_1856,6.3828
LLFGYPVYV_nb_1857,10.9844
LLFGYPVYV_nb_1858,6.9922
LLFGYPVYV_nb_1860,9.0156
LLFGYPVYV_nb_1861,6.957
LLFGYPVYV_nb_1862,8.7344
LLFGYPVYV_nb_1863,6.3555
LLFGYPVYV_nb_1864,5.0547
LLFGYPVYV_nb_1865,9.0625
LLFGYPVYV_nb_1866,8.7969
LLFGYPVYV_nb_1868,7.7656
LLFGYPVYV_nb_1869,6.7812
LLFGYPVYV_nb_1870,4.6836
LLFGYPVYV_nb_1872,10.9766
LLFGYPVYV_nb_1873,5.7578
LLFGYPVYV_nb_1874,6.6602
LLFGYPVYV_nb_1877,6.7227
LLFGYPVYV_nb_1878,5.5781
LLFGYPVYV_nb_1881,12.2266
LLFGYPVYV_nb_1883,8.9531
LLFGYPVYV_nb_1884,7.125
LLFGYPVYV_nb_1885,6.0938
LLFGYPVYV_nb_1886,5.7109
LLFGYPVYV_nb_1887,6.5156
LLFGYPVYV_nb_1889,5.7969
LLFGYPVYV_nb_1890,7.6562
LLFGYPVYV_nb_1891,6.6172
LLFGYPVYV_nb_1892,8.6719
LLFGYPVYV_nb_1893,8.0625
LLFGYPVYV_nb_1894,4.9727
LLFGYPVYV_nb_1895,5.9297
LLFGYPVYV_nb_1897,9.4219
LLFGYPVYV_nb_1898,10.2109
LLFGYPVYV_nb_1899,6.2109
LLFGYPVYV_nb_1901,5.3008
LLFGYPVYV_nb_1902,8.7109
LLFGYPVYV_nb_1903,3.1133
LLFGYPVYV_nb_1904,6.8438
LLFGYPVYV_nb_1906,6.8594
LLFGYPVYV_nb_1907,10.4531
LLFGYPVYV_nb_1908,6.1055
LLFGYPVYV_nb_1910,6.5234
LLFGYPVYV_nb_1912,7.4062
LLFGYPVYV_nb_1913,8.8438
LLFGYPVYV_nb_1914,9.3281
LLFGYPVYV_nb_1915,8.875
LLFGYPVYV_nb_1916,6.1328
LLFGYPVYV_nb_1918,5.5664
LLFGYPVYV_nb_1919,8.6562
LLFGYPVYV_nb_1920,6.2422
LLFGYPVYV_nb_1922,5.6562
LLFGYPVYV_nb_1923,6.1055
LLFGYPVYV_nb_1924,5.1797
LLFGYPVYV_nb_1925,6.1055
LLFGYPVYV_nb_1926,6.5469
LLFGYPVYV_nb_1927,7.4258
LLFGYPVYV_nb_1928,5.8633
LLFGYPVYV_nb_1929,5.8828
LLFGYPVYV_nb_1930,5.5391
LLFGYPVYV_nb_1931,9.1875
LLFGYPVYV_nb_1932,8.6172
LLFGYPVYV_nb_1933,8.6484
LLFGYPVYV_nb_1934,6.1484
LLFGYPVYV_nb_1936,5.5312
LLFGYPVYV_nb_1937,7.7188
LLFGYPVYV_nb_1938,4.1172
LLFGYPVYV_nb_1939,5.1953
LLFGYPVYV_nb_1940,5.4453
LLFGYPVYV_nb_1941,6.3281
LLFGYPVYV_nb_1942,7.8828
LLFGYPVYV_nb_1944,5.0078
LLFGYPVYV_nb_1945,5.8906
LLFGYPVYV_nb_1946,13.0938
LLFGYPVYV_nb_1947,4.7734
LLFGYPVYV_nb_1948,7.2461
LLFGYPVYV_nb_1949,5.2969
LLFGYPVYV_nb_1950,7.6172
LLFGYPVYV_nb_1951,7.6172
LLFGYPVYV_nb_1952,10.6094
LLFGYPVYV_nb_1953,8.8594
LLFGYPVYV_nb_1954,4.7891
LLFGYPVYV_nb_1955,5.5625
LLFGYPVYV_nb_1956,6.2734
LLFGYPVYV_nb_1958,6.1055
LLFGYPVYV_nb_1959,5.0859
LLFGYPVYV_nb_1961,6.3125
LLFGYPVYV_nb_1962,7.043
LLFGYPVYV_nb_1963,5.707
LLFGYPVYV_nb_1964,3.1562
LLFGYPVYV_nb_1965,6.8359
LLFGYPVYV_nb_1966,5.3906
LLFGYPVYV_nb_1969,7.2578
LLFGYPVYV_nb_1971,3.6719
LLFGYPVYV_nb_1972,7.2109
LLFGYPVYV_nb_1973,6.1055
LLFGYPVYV_nb_1976,8.5
LLFGYPVYV_nb_1977,5.6133
LLFGYPVYV_nb_1978,6.1094
LLFGYPVYV_nb_1979,4.5156
LLFGYPVYV_nb_1980,9.0312
LLFGYPVYV_nb_1981,6.5898
LLFGYPVYV_nb_1983,4.8906
LLFGYPVYV_nb_1985,5.4844
LLFGYPVYV_nb_1987,5.5078
LLFGYPVYV_nb_1989,6.5234
LLFGYPVYV_nb_1991,5.5156
LLFGYPVYV_nb_1992,9.0547
LLFGYPVYV_nb_1993,7.4219
LLFGYPVYV_nb_1997,6.6719
LLFGYPVYV_nb_1998,5.8281
LLFGYPVYV_nb_1999,6.8984
LLFGYPVYV_nb_2004,7.2344
LLFGYPVYV_nb_2005,7.332
LLFGYPVYV_nb_2006,6.6719
LLFGYPVYV_nb_2007,6.6914
LLFGYPVYV_nb_2009,7.707
LLFGYPVYV_nb_2010,5.0078
LLFGYPVYV_nb_2011,5.6406
LLFGYPVYV_nb_6055,7.7188
LLFGYPVYV_nb_6056,6.1328
LLFGYPVYV_nb_6057,8.0156
LLFGYPVYV_nb_6058,9.0625
LLFGYPVYV_nb_6059,6.4062
LLFGYPVYV_nb_6061,7.1094
LLFGYPVYV_nb_6062,7.7305
LLFGYPVYV_nb_6063,9.0625
LLFGYPVYV_nb_6064,10.2812
LLFGYPVYV_nb_6065,6.1055
LLFGYPVYV_nb_6066,7.0781
LLFGYPVYV_nb_6067,7.2188
LLFGYPVYV_nb_6068,5.8281
LLFGYPVYV_nb_6069,7.8672
LLFGYPVYV_nb_6070,5.5195
LLFGYPVYV_nb_6071,5.4844
LLFGYPVYV_nb_6072,5.6094
LLFGYPVYV_nb_6075,6.6406
LLFGYPVYV_nb_6076,11.4766
LLFGYPVYV_nb_6077,8.2188
LLFGYPVYV_nb_6078,6.2344
LLFGYPVYV_nb_6079,10.1094
LLFGYPVYV_nb_6080,5.2227
LLFGYPVYV_nb_6081,5.3555
LLFGYPVYV_nb_6082,6.2422
LLFGYPVYV_nb_6083,5.6094
LLFGYPVYV_nb_6085,4.3984
LLFGYPVYV_nb_6086,4.3984
LLFGYPVYV_nb_6087,8.8047
LLFGYPVYV_nb_6093,5.3359
LLFGYPVYV_nb_6094,8.1016
LLFGYPVYV_nb_6096,4.5469
LLFGYPVYV_nb_6097,7.4219
LLFGYPVYV_nb_6100,5.7109
LLFGYPVYV_nb_6101,7.5703
LLFGYPVYV_nb_6103,13.5938
LLFGYPVYV_nb_6104,5.3047
LLFGYPVYV_nb_6106,5.4648
LLFGYPVYV_nb_6107,8.3359
LLFGYPVYV_nb_6108,7.7969
LLFGYPVYV_nb_6109,5.6797
LLFGYPVYV_nb_6111,7.2227
LLFGYPVYV_nb_6112,8.3906
LLFGYPVYV_nb_6113,6.2578
LLFGYPVYV_nb_6114,9.0391
LLFGYPVYV_nb_6115,6.6328
LLFGYPVYV_nb_6116,8.6328
LLFGYPVYV_nb_6117,6.3359
LLFGYPVYV_nb_6118,5.75
LLFGYPVYV_nb_6119,9.1641
LLFGYPVYV_nb_6120,4.2461
LLFGYPVYV_nb_6121,10.125
LLFGYPVYV_nb_6122,10.7969
LLFGYPVYV_nb_6123,6.1055
LLFGYPVYV_nb_6124,6.3672
LLFGYPVYV_nb_6125,6.7617
LLFGYPVYV_nb_6126,3.7109
LLFGYPVYV_nb_6127,7.9375
LLFGYPVYV_nb_6129,9.7188
LLFGYPVYV_nb_6130,6.3828
LLFGYPVYV_nb_6131,10.7812
LLFGYPVYV_nb_6132,6.2852
LLFGYPVYV_nb_6133,5.7734
LLFGYPVYV_nb_6136,7.1211
LLFGYPVYV_nb_6137,9.0078
LLFGYPVYV_nb_6139,5.8164
LLFGYPVYV_nb_6141,9.1406
LLFGYPVYV_nb_6142,8.5703
LLFGYPVYV_nb_6143,7.4062
LLFGYPVYV_nb_6145,5.3633
LLFGYPVYV_nb_6146,9.8516
LLFGYPVYV_nb_6147,5.4688
LLFGYPVYV_nb_6148,6.7188
LLFGYPVYV_nb_6149,5.9844
LLFGYPVYV_nb_6150,7.7734
LLFGYPVYV_nb_6151,8.3281
LLFGYPVYV_nb_6152,7.2734
LLFGYPVYV_nb_6153,8.0078
LLFGYPVYV_nb_6154,9.6797
LLFGYPVYV_nb_6155,7.7109
LLFGYPVYV_nb_6156,7.3828
LLFGYPVYV_nb_6157,8.3984
LLFGYPVYV_nb_6158,6.1719
LLFGYPVYV_nb_6160,12.4219
LLFGYPVYV_nb_6161,6.9766
LLFGYPVYV_nb_6164,6.0938
LLFGYPVYV_nb_6165,6.8516
LLFGYPVYV_nb_6167,7.3594
LLFGYPVYV_nb_6168,7.4766
LLFGYPVYV_nb_6169,5.625
LLFGYPVYV_nb_6170,5.8672
LLFGYPVYV_nb_6171,8.1406
LLFGYPVYV_nb_6172,6.1719
LLFGYPVYV_nb_6173,6.3867
LLFGYPVYV_nb_6175,6.1562
LLFGYPVYV_nb_6176,6.5508
LLFGYPVYV_nb_6180,4.9141
LLFGYPVYV_nb_6181,6.0312
LLFGYPVYV_nb_6183,6.8906
LLFGYPVYV_nb_6185,7.5859
LLFGYPVYV_nb_6186,6.6406
LLFGYPVYV_nb_6188,6.6094
LLFGYPVYV_nb_6189,7.1328
LLFGYPVYV_nb_6190,4.7969
LLFGYPVYV_nb_6191,7.8828
LLFGYPVYV_nb_6193,6.6016
LLFGYPVYV_nb_6194,6.9453
LLFGYPVYV_nb_6195,6.5703
LLFGYPVYV_nb_6196,9.9219
LLFGYPVYV_nb_6198,9.7344
LLFGYPVYV_nb_6200,8.0156
LLFGYPVYV_nb_6201,5.0781
LLFGYPVYV_nb_6202,9.9531
LLFGYPVYV_nb_6203,5.7109
LLFGYPVYV_nb_6204,9.5938
LLFGYPVYV_nb_6205,5.0156
LLFGYPVYV_nb_6208,10.0625
LLFGYPVYV_nb_6209,9.7109
LLFGYPVYV_nb_6210,6.7188
LLFGYPVYV_nb_6212,9.4375
LLFGYPVYV_nb_6213,8.9141
LLFGYPVYV_nb_6216,7.9219
LLFGYPVYV_nb_6218,9.2656
LLFGYPVYV_nb_6220,8.9375
LLFGYPVYV_nb_6221,5.5547
LLFGYPVYV_nb_6222,4.2227
LLFGYPVYV_nb_6223,7.8281
LLFGYPVYV_nb_6224,6.1953
LLFGYPVYV_nb_6227,8.1562
LLFGYPVYV_nb_6229,7.2227
LLFGYPVYV_nb_6231,4.875
LLFGYPVYV_nb_6232,6.1719
LLFGYPVYV_nb_6233,7.9375
LLFGYPVYV_nb_6234,6.5391
LLFGYPVYV_nb_6235,7.5625
LLFGYPVYV_nb_6236,9.0
LLFGYPVYV_nb_6237,7.6562
LLFGYPVYV_nb_6238,6.8594
LLFGYPVYV_nb_6240,9.0938
LLFGYPVYV_nb_6242,10.7031
LLFGYPVYV_nb_6243,6.2344
LLFGYPVYV_nb_6244,8.3203
LLFGYPVYV_nb_6246,6.4766
LLFGYPVYV_nb_6247,8.7344
LLFGYPVYV_nb_6248,5.2578
LLFGYPVYV_nb_6249,7.8828
LLFGYPVYV_nb_6251,5.3906
LLFGYPVYV_nb_6252,6.1172
LLFGYPVYV_nb_6253,7.0312
LLFGYPVYV_nb_6254,8.3359
LLFGYPVYV_nb_6255,5.2891
LLFGYPVYV_nb_6256,5.9062
LLFGYPVYV_nb_6258,8.7969
LLFGYPVYV_nb_6259,8.6562
LLFGYPVYV_nb_6260,7.2031
LLFGYPVYV_nb_6261,6.1797
LLFGYPVYV_nb_6263,9.7812
LLFGYPVYV_nb_6264,6.375
LLFGYPVYV_nb_6265,6.7617
LLFGYPVYV_nb_6266,11.6875
LLFGYPVYV_nb_6267,5.5781
LLFGYPVYV_nb_6268,8.5156
LLFGYPVYV_nb_6269,6.625
LLFGYPVYV_nb_6270,5.2656
LLFGYPVYV_nb_6271,5.2969
LLFGYPVYV_nb_6273,12.4062
LLFGYPVYV_nb_6274,5.7031
LLFGYPVYV_nb_6275,7.4414
LLFGYPVYV_nb_6277,9.4375
LLFGYPVYV_nb_6278,5.5117
LLFGYPVYV_nb_6280,8.25
LLFGYPVYV_nb_6282,6.125
LLFGYPVYV_nb_6283,8.1719
LLFGYPVYV_nb_6284,8.3125
LLFGYPVYV_nb_6285,7.4688
LLFGYPVYV_nb_6286,8.4688
LLFGYPVYV_nb_6287,6.0859
LLFGYPVYV_nb_6290,7.3438
LLFGYPVYV_nb_6291,5.8164
LLFGYPVYV_nb_6294,6.4531
LLFGYPVYV_nb_6295,8.0859
LLFGYPVYV_nb_6296,7.1094
LLFGYPVYV_nb_6298,5.9453
LLFGYPVYV_nb_6300,7.4805
LLFGYPVYV_nb_6302,6.4609
LLFGYPVYV_nb_6303,4.3125
LLFGYPVYV_nb_6304,7.9102
LLFGYPVYV_nb_6305,10.5625
LLFGYPVYV_nb_6306,7.0312
LLFGYPVYV_nb_6308,8.7969
LLFGYPVYV_nb_6309,7.0312
LLFGYPVYV_nb_6311,6.1484
LLFGYPVYV_nb_6313,9.0781
LLFGYPVYV_nb_6314,6.9141
LLFGYPVYV_nb_6315,6.0703
LLFGYPVYV_nb_6318,4.9844
LLFGYPVYV_nb_6320,7.5781
LLFGYPVYV_nb_6321,7.5703
LLFGYPVYV_nb_6322,5.7734
LLFGYPVYV_nb_6324,6.9961
LLFGYPVYV_nb_6326,12.875
LLFGYPVYV_nb_6327,6.793
LLFGYPVYV_nb_6328,7.2812
LLFGYPVYV_nb_6329,6.5312
LLFGYPVYV_nb_6330,4.9844
LLFGYPVYV_nb_6331,7.7812
LLFGYPVYV_nb_6333,5.8164
LLFGYPVYV_nb_6334,7.4531
LLFGYPVYV_nb_6335,6.8086
LLFGYPVYV_nb_6336,6.4141
LLFGYPVYV_nb_6337,12.0469
LLFGYPVYV_nb_6338,7.8359
LLFGYPVYV_nb_6339,7.2227
LLFGYPVYV_nb_6340,7.3047
LLFGYPVYV_nb_6341,8.3906
LLFGYPVYV_nb_6342,6.6758
LLFGYPVYV_nb_6343,6.1172
LLFGYPVYV_nb_6344,8.7969
LLFGYPVYV_nb_6345,4.418
LLFGYPVYV_nb_6347,7.5078
LLFGYPVYV_nb_6349,9.9922
LLFGYPVYV_nb_6352,8.8047
LLFGYPVYV_nb_6353,6.8281
LLFGYPVYV_nb_6354,7.1719
LLFGYPVYV_nb_6357,3.3281
LLFGYPVYV_nb_6359,7.9727
LLFGYPVYV_nb_6360,6.1055
LLFGYPVYV_nb_6361,9.0547
LLFGYPVYV_nb_6362,7.8828
LLFGYPVYV_nb_6364,8.1562
LLFGYPVYV_nb_6365,5.5547
LLFGYPVYV_nb_6366,6.1055
LLFGYPVYV_nb_6367,5.9766
LLFGYPVYV_nb_6368,8.8516
LLFGYPVYV_nb_6369,8.4297
LLFGYPVYV_nb_6370,8.3047
LLFGYPVYV_nb_6371,5.6484
LLFGYPVYV_nb_6372,7.8438
LLFGYPVYV_nb_6373,13.1406
LLFGYPVYV_nb_6374,6.8203
LLFGYPVYV_nb_6375,5.3867
LLFGYPVYV_nb_6377,5.5078
LLFGYPVYV_nb_6378,7.5938
LLFGYPVYV_nb_6379,10.6562
LLFGYPVYV_nb_6380,10.7891
LLFGYPVYV_nb_6381,5.6953
LLFGYPVYV_nb_6382,7.1289
LLFGYPVYV_nb_6383,8.4219
LLFGYPVYV_nb_6384,5.9844
LLFGYPVYV_nb_6385,6.7734
LLFGYPVYV_nb_6386,5.1016
LLFGYPVYV_nb_6388,8.9375
LLFGYPVYV_nb_6389,6.2266
LLFGYPVYV_nb_6390,4.7422
LLFGYPVYV_nb_6391,5.3438
LLFGYPVYV_nb_6392,6.3594
LLFGYPVYV_nb_6393,7.3203
LLFGYPVYV_nb_6395,6.2812
LLFGYPVYV_nb_6396,8.9922
LLFGYPVYV_nb_6397,9.1484
LLFGYPVYV_nb_6398,6.2188
LLFGYPVYV_nb_6399,5.4453
LLFGYPVYV_nb_6402,8.0312
LLFGYPVYV_nb_6403,4.8906
LLFGYPVYV_nb_6407,8.4141
LLFGYPVYV_nb_6408,4.582
LLFGYPVYV_nb_6410,10.8906
LLFGYPVYV_nb_6411,8.4219
LLFGYPVYV_nb_6412,6.0039
LLFGYPVYV_nb_6413,6.2188
LLFGYPVYV_nb_6415,6.6484
LLFGYPVYV_nb_6416,6.1641
LLFGYPVYV_nb_6417,7.9688
LLFGYPVYV_nb_6418,8.2734
LLFGYPVYV_nb_6419,10.5625
LLFGYPVYV_nb_6421,8.1641
LLFGYPVYV_nb_6422,7.7578
LLFGYPVYV_nb_6423,7.6562
LLFGYPVYV_nb_6424,8.1016
LLFGYPVYV_nb_6425,7.6016
LLFGYPVYV_nb_6426,6.7656
LLFGYPVYV_nb_6427,7.7266
LLFGYPVYV_nb_6429,5.2383
LLFGYPVYV_nb_6430,9.1875
LLFGYPVYV_nb_6431,5.3789
LLFGYPVYV_nb_6432,7.4922
LLFGYPVYV_nb_6433,8.2188
LLFGYPVYV_nb_6434,5.7109
LLFGYPVYV_nb_6435,7.5859
LLFGYPVYV_nb_6436,5.207
LLFGYPVYV_nb_6437,9.9375
LLFGYPVYV_nb_6438,7.5703
LLFGYPVYV_nb_6441,6.5156
LLFGYPVYV_nb_6442,7.0
LLFGYPVYV_nb_6443,8.7969
LLFGYPVYV_nb_6444,6.9141
LLFGYPVYV_nb_6445,6.1719
LLFGYPVYV_nb_6446,6.1719
LLFGYPVYV_nb_6447,6.4297
LLFGYPVYV_nb_6448,8.8281
LLFGYPVYV_nb_6450,8.9688
LLFGYPVYV_nb_6451,5.8164
LLFGYPVYV_nb_6454,7.3047
LLFGYPVYV_nb_6458,4.8281
LLFGYPVYV_nb_6459,9.0
LLFGYPVYV_nb_6461,5.6875
LLFGYPVYV_nb_6462,7.7969
LLFGYPVYV_nb_6463,6.4141
LLFGYPVYV_nb_6464,7.7109
LLFGYPVYV_nb_6465,5.7422
LLFGYPVYV_nb_6469,6.7344
LLFGYPVYV_nb_6470,7.1602
LLFGYPVYV_nb_6471,9.5078
LLFGYPVYV_nb_6472,3.916
LLFGYPVYV_nb_6473,7.8125
LLFGYPVYV_nb_6475,4.4297
LLFGYPVYV_nb_6476,7.7109
LLFGYPVYV_nb_6478,8.1562
LLFGYPVYV_nb_6479,7.8906
LLFGYPVYV_nb_6480,7.3008
LLFGYPVYV_nb_6481,5.9258
LLFGYPVYV_nb_6482,7.9102
LLFGYPVYV_nb_6483,6.6406
LLFGYPVYV_nb_6486,6.5547
LLFGYPVYV_nb_6487,6.1562
LLFGYPVYV_nb_6489,5.7109
LLFGYPVYV_nb_6490,8.3594
LLFGYPVYV_nb_6492,8.9297
LLFGYPVYV_nb_6495,6.8516
LLFGYPVYV_nb_6497,6.8828
LLFGYPVYV_nb_6498,6.8906
LLFGYPVYV_nb_6500,6.9688
LLFGYPVYV_nb_6503,8.1562
LLFGYPVYV_nb_6504,5.4531
LLFGYPVYV_nb_6506,6.2852
LLFGYPVYV_nb_6508,6.5547
LLFGYPVYV_nb_6509,5.4766
LLFGYPVYV_nb_6512,7.5391
LLFGYPVYV_nb_6513,6.2422
LLFGYPVYV_nb_6514,9.1797
LLFGYPVYV_nb_6515,7.9375
LLFGYPVYV_nb_6516,7.8594
LLFGYPVYV_nb_6517,11.8828
LLFGYPVYV_nb_6518,5.1562
LLFGYPVYV_nb_6519,7.1719
LLFGYPVYV_nb_6522,8.4062
LLFGYPVYV_nb_6523,3.6016
LLFGYPVYV_nb_6524,11.0234
LLFGYPVYV_nb_6525,8.0625
LLFGYPVYV_nb_6526,8.8203
LLFGYPVYV_nb_6527,8.1953
LLFGYPVYV_nb_6529,6.0352
LLFGYPVYV_nb_6530,8.4062
LLFGYPVYV_nb_6531,9.2969
LLFGYPVYV_nb_6532,8.7344
LLFGYPVYV_nb_6533,8.6562
LLFGYPVYV_nb_6534,8.5312
LLFGYPVYV_nb_6536,5.8164
LLFGYPVYV_nb_6537,8.3672
LLFGYPVYV_nb_6538,8.4375
LLFGYPVYV_nb_6539,5.3398
LLFGYPVYV_nb_6540,6.1055
LLFGYPVYV_nb_6541,4.2656
LLFGYPVYV_nb_6542,6.1406
LLFGYPVYV_nb_6543,4.457
LLFGYPVYV_nb_6544,9.9844
LLFGYPVYV_nb_6545,8.7344
LLFGYPVYV_nb_6546,8.0781
LLFGYPVYV_nb_6547,8.1484
LLFGYPVYV_nb_6550,6.4727
LLFGYPVYV_nb_6551,7.5469
LLFGYPVYV_nb_6552,7.3047
LLFGYPVYV_nb_6554,7.1094
LLFGYPVYV_nb_6556,7.4766
LLFGYPVYV_nb_6557,5.6719
LLFGYPVYV_nb_6558,5.5273
LLFGYPVYV_nb_6559,6.707
LLFGYPVYV_nb_6562,6.3672
LLFGYPVYV_nb_6563,6.7539
LLFGYPVYV_nb_6564,8.1562
LLFGYPVYV_nb_6566,7.2422
LLFGYPVYV_nb_6568,8.4219
LLFGYPVYV_nb_6570,6.5469
LLFGYPVYV_nb_6571,7.1797
LLFGYPVYV_nb_6572,6.1641
LLFGYPVYV_nb_6573,7.5469
LLFGYPVYV_nb_6574,6.1797
LLFGYPVYV_nb_6576,5.4922
LLFGYPVYV_nb_6579,9.2891
LLFGYPVYV_nb_6580,9.1719
LLFGYPVYV_nb_6581,5.75
LLFGYPVYV_nb_6582,3.3203
LLFGYPVYV_nb_6583,5.5078
LLFGYPVYV_nb_6585,7.7734
LLFGYPVYV_nb_6586,5.7852
LLFGYPVYV_nb_6587,6.7656
LLFGYPVYV_nb_6588,6.1328
LLFGYPVYV_nb_6589,4.6836
LLFGYPVYV_nb_6590,8.9844
LLFGYPVYV_nb_6591,7.7188
LLFGYPVYV_nb_6592,6.1445
LLFGYPVYV_nb_6593,5.1953
LLFGYPVYV_nb_6594,7.0
LLFGYPVYV_nb_6595,8.9844
LLFGYPVYV_nb_6596,5.5
LLFGYPVYV_nb_6597,8.5156
LLFGYPVYV_nb_6598,7.3867
LLFGYPVYV_nb_6600,5.5234
LLFGYPVYV_nb_6601,4.6719
LLFGYPVYV_nb_6602,6.4688
LLFGYPVYV_nb_6603,8.3125
LLFGYPVYV_nb_6604,8.2188
LLFGYPVYV_nb_6605,3.916
LLFGYPVYV_nb_6606,7.4297
LLFGYPVYV_nb_6607,6.082
LLFGYPVYV_nb_6608,5.4297
LLFGYPVYV_nb_6609,6.582
LLFGYPVYV_nb_6610,9.3281
LLFGYPVYV_nb_6611,8.6406
LLFGYPVYV_nb_6612,8.5312
LLFGYPVYV_nb_6613,7.8516
LLFGYPVYV_nb_6614,8.2891
LLFGYPVYV_nb_6616,8.4688
LLFGYPVYV_nb_6618,5.5547
LLFGYPVYV_nb_6619,13.8594
LLFGYPVYV_nb_6621,6.9727
LLFGYPVYV_nb_6623,7.5234
LLFGYPVYV_nb_6625,6.8867
LLFGYPVYV_nb_6626,6.9844
LLFGYPVYV_nb_6627,7.1836
LLFGYPVYV_nb_6628,7.2734
LLFGYPVYV_nb_6629,6.5859
LLFGYPVYV_nb_6630,9.0625
LLFGYPVYV_nb_6632,6.6836
LLFGYPVYV_nb_6633,8.7188
LLFGYPVYV_nb_6635,7.4375
LLFGYPVYV_nb_6636,6.1055
LLFGYPVYV_nb_6638,9.4531
LLFGYPVYV_nb_6639,5.8281
LLFGYPVYV_nb_6640,6.1953
LLFGYPVYV_nb_6641,5.4297
LLFGYPVYV_nb_6642,6.9375
LLFGYPVYV_nb_6643,8.3281
LLFGYPVYV_nb_6644,7.7734
LLFGYPVYV_nb_6646,4.8906
LLFGYPVYV_nb_6647,5.2227
LLFGYPVYV_nb_6648,9.1562
LLFGYPVYV_nb_6649,8.2734
LLFGYPVYV_nb_6650,7.4844
LLFGYPVYV_nb_6651,8.4688
LLFGYPVYV_nb_6652,4.3984
LLFGYPVYV_nb_6653,6.3438
LLFGYPVYV_nb_6655,6.1055
LLFGYPVYV_nb_6656,10.0703
LLFGYPVYV_nb_6657,7.7734
LLFGYPVYV_nb_6658,11.8281
LLFGYPVYV_nb_6660,5.1719
LLFGYPVYV_nb_6661,6.3828
LLFGYPVYV_nb_6662,6.3789
LLFGYPVYV_nb_6663,8.1094
LLFGYPVYV_nb_6664,5.9102
LLFGYPVYV_nb_6665,8.2344
LLFGYPVYV_nb_6668,7.2227
LLFGYPVYV_nb_6669,6.6094
LLFGYPVYV_nb_6670,6.7969
LLFGYPVYV_nb_6671,8.1094
LLFGYPVYV_nb_6673,7.8828
LLFGYPVYV_nb_6677,9.9766
LLFGYPVYV_nb_6678,8.1406
LLFGYPVYV_nb_6680,7.7109
LLFGYPVYV_nb_6681,6.7031
LLFGYPVYV_nb_6682,5.0078
LLFGYPVYV_nb_6683,10.5
LLFGYPVYV_nb_6685,8.7812
LLFGYPVYV_nb_6686,5.5898
LLFGYPVYV_nb_6690,7.6133
LLFGYPVYV_nb_6692,7.4414
LLFGYPVYV_nb_6693,6.5234
LLFGYPVYV_nb_6694,7.0
LLFGYPVYV_nb_6695,8.0078
LLFGYPVYV_nb_6696,8.0547
LLFGYPVYV_nb_6698,7.4023
LLFGYPVYV_nb_6699,6.5547
LLFGYPVYV_nb_6700,6.6758
LLFGYPVYV_nb_6702,6.5312
LLFGYPVYV_nb_6703,6.8516
LLFGYPVYV_nb_6704,5.5078
LLFGYPVYV_nb_6706,8.0625
LLFGYPVYV_nb_6707,6.3672
LLFGYPVYV_nb_6709,8.0938
LLFGYPVYV_nb_6711,5.375
LLFGYPVYV_nb_6712,6.7422
LLFGYPVYV_nb_6713,7.6016
LLFGYPVYV_nb_6714,8.6406
LLFGYPVYV_nb_6717,6.5
LLFGYPVYV_nb_6719,8.1875
LLFGYPVYV_nb_6720,6.875
LLFGYPVYV_nb_6722,5.9453
LLFGYPVYV_nb_6725,6.5312
LLFGYPVYV_nb_6726,7.0039
LLFGYPVYV_nb_6729,8.0703
LLFGYPVYV_nb_6730,6.4766
LLFGYPVYV_nb_6732,10.75
LLFGYPVYV_nb_6733,6.0156
LLFGYPVYV_nb_6735,10.0781
LLFGYPVYV_nb_6737,8.4375
LLFGYPVYV_nb_6740,8.375
LLFGYPVYV_nb_6741,10.5625
LLFGYPVYV_nb_6742,6.0273
LLFGYPVYV_nb_6744,6.7461
LLFGYPVYV_nb_6746,6.6562
LLFGYPVYV_nb_6748,6.8438
LLFGYPVYV_nb_6750,6.5547
LLFGYPVYV_nb_6751,7.8438
LLFGYPVYV_nb_6752,7.7383
LLFGYPVYV_nb_6753,5.7344
LLFGYPVYV_nb_6756,12.6094
LLFGYPVYV_nb_6757,6.8008
LLFGYPVYV_nb_6759,7.3828
LLFGYPVYV_nb_6760,6.6875
LLFGYPVYV_nb_6762,6.6875
LLFGYPVYV_nb_6763,5.3438
LLFGYPVYV_nb_6764,6.1055
LLFGYPVYV_nb_6765,6.5078
LLFGYPVYV_nb_6766,10.4141
LLFGYPVYV_nb_6767,10.2812
LLFGYPVYV_nb_6768,4.9531
LLFGYPVYV_nb_6769,7.9453
LLFGYPVYV_nb_6770,8.5938
LLFGYPVYV_nb_6772,9.0781
LLFGYPVYV_nb_6773,6.1719
LLFGYPVYV_nb_6774,6.5547
LLFGYPVYV_nb_6775,6.625
LLFGYPVYV_nb_6776,8.6406
LLFGYPVYV_nb_6778,5.8906
LLFGYPVYV_nb_6779,8.6641
LLFGYPVYV_nb_6782,6.7188
LLFGYPVYV_nb_6783,4.8906
LLFGYPVYV_nb_6784,6.7266
LLFGYPVYV_nb_6785,5.8984
LLFGYPVYV_nb_6786,9.8594
LLFGYPVYV_nb_6787,6.3984
LLFGYPVYV_nb_6788,5.4922
LLFGYPVYV_nb_6790,11.3281
LLFGYPVYV_nb_6793,12.5625
LLFGYPVYV_nb_6794,8.0781
LLFGYPVYV_nb_6795,4.3242
LLFGYPVYV_nb_6799,9.3594
LLFGYPVYV_nb_6803,10.5078
LLFGYPVYV_nb_6804,6.8633
LLFGYPVYV_nb_6805,5.6133
LLFGYPVYV_nb_6807,8.2344
LLFGYPVYV_nb_6808,5.0312
LLFGYPVYV_nb_6810,8.0469
LLFGYPVYV_nb_6811,7.4141
LLFGYPVYV_nb_6813,9.0625
LLFGYPVYV_nb_6814,6.3008
LLFGYPVYV_nb_6815,6.9844
LLFGYPVYV_nb_6817,10.0156
LLFGYPVYV_nb_6818,6.0156
LLFGYPVYV_nb_6820,7.5703
LLFGYPVYV_nb_6821,5.7969
LLFGYPVYV_nb_6822,8.1719
LLFGYPVYV_nb_6824,5.1641
LLFGYPVYV_nb_6825,4.9922
LLFGYPVYV_nb_6828,6.4922
LLFGYPVYV_nb_6829,6.4688
LLFGYPVYV_nb_6830,4.9414
LLFGYPVYV_nb_6831,10.7344
LLFGYPVYV_nb_6832,6.2578
LLFGYPVYV_nb_6834,9.5312
LLFGYPVYV_nb_6835,7.2148
LLFGYPVYV_nb_6836,4.8086
LLFGYPVYV_nb_6837,5.9414
LLFGYPVYV_nb_6838,7.9453
LLFGYPVYV_nb_6839,5.4766
LLFGYPVYV_nb_6840,7.2109
LLFGYPVYV_nb_6843,5.9688
LLFGYPVYV_nb_6844,6.2461
LLFGYPVYV_nb_6845,8.7344
LLFGYPVYV_nb_6846,7.9336
LLFGYPVYV_nb_6847,8.4297
LLFGYPVYV_nb_6848,8.8047
LLFGYPVYV_nb_6849,6.5234
LLFGYPVYV_nb_6850,5.0391
LLFGYPVYV_nb_6851,5.793
LLFGYPVYV_nb_6852,6.4766
LLFGYPVYV_nb_6853,8.6094
LLFGYPVYV_nb_6855,10.6328
LLFGYPVYV_nb_6856,7.8281
LLFGYPVYV_nb_6857,8.4844
LLFGYPVYV_nb_6858,7.457
LLFGYPVYV_nb_6860,6.5781
LLFGYPVYV_nb_6862,9.1562
LLFGYPVYV_nb_6863,3.9434
LLFGYPVYV_nb_6864,7.3633
LLFGYPVYV_nb_6865,6.4609
LLFGYPVYV_nb_6867,6.1797
LLFGYPVYV_nb_6868,5.1406
LLFGYPVYV_nb_6870,9.7812
LLFGYPVYV_nb_6871,6.0586
LLFGYPVYV_nb_6872,6.8516
LLFGYPVYV_nb_6876,5.9219
LLFGYPVYV_nb_6877,6.1055
LLFGYPVYV_nb_6878,5.4062
LLFGYPVYV_nb_6880,6.6016
LLFGYPVYV_nb_6881,6.5898
LLFGYPVYV_nb_6882,8.0
LLFGYPVYV_nb_6883,8.1406
LLFGYPVYV_nb_6884,6.7422
LLFGYPVYV_nb_6886,6.25
LLFGYPVYV_nb_6887,5.8164
LLFGYPVYV_nb_6888,7.7109
LLFGYPVYV_nb_6889,6.25
LLFGYPVYV_nb_6891,7.1094
LLFGYPVYV_nb_6892,7.1328
LLFGYPVYV_nb_6893,5.6562
LLFGYPVYV_nb_6894,8.8438
LLFGYPVYV_nb_6895,7.7734
LLFGYPVYV_nb_6896,7.6641
LLFGYPVYV_nb_6898,5.2109
LLFGYPVYV_nb_6899,6.4922
LLFGYPVYV_nb_6902,6.6211
LLFGYPVYV_nb_6903,4.2031
LLFGYPVYV_nb_6904,6.4375
LLFGYPVYV_nb_6905,6.5547
LLFGYPVYV_nb_6906,4.9922
LLFGYPVYV_nb_6907,5.6602
LLFGYPVYV_nb_6908,7.3125
LLFGYPVYV_nb_6910,8.2734
LLFGYPVYV_nb_6911,3.1191
LLFGYPVYV_nb_6913,8.2969
LLFGYPVYV_nb_6914,8.0234
LLFGYPVYV_nb_6915,5.5391
LLFGYPVYV_nb_6916,5.3438
LLFGYPVYV_nb_6918,8.7344
LLFGYPVYV_nb_6919,5.9961
LLFGYPVYV_nb_6920,7.4531
LLFGYPVYV_nb_6921,9.3672
LLFGYPVYV_nb_6925,4.6992
LLFGYPVYV_nb_6926,6.3359
LLFGYPVYV_nb_6928,7.8984
LLFGYPVYV_nb_6930,6.3828
LLFGYPVYV_nb_6931,6.1055
LLFGYPVYV_nb_6933,8.3828
LLFGYPVYV_nb_6934,3.916
LLFGYPVYV_nb_6935,12.4375
LLFGYPVYV_nb_6936,7.7891
LLFGYPVYV_nb_6937,8.0156
LLFGYPVYV_nb_6938,5.8164
LLFGYPVYV_nb_6939,7.4688
LLFGYPVYV_nb_6940,5.6562
LLFGYPVYV_nb_6941,10.4219
LLFGYPVYV_nb_6942,4.2891
LLFGYPVYV_nb_6944,6.5938
LLFGYPVYV_nb_6945,6.2383
LLFGYPVYV_nb_6946,9.4062
LLFGYPVYV_nb_6947,9.125
LLFGYPVYV_nb_6948,4.6172
LLFGYPVYV_nb_6951,6.0078
LLFGYPVYV_nb_6952,6.9062
LLFGYPVYV_nb_6953,5.6133
